desc_len,rule_level,kw_scan,kw_brute,kw_password,kw_denied,kw_root,kw_privilege,kw_sql,kw_shell,kw_trojan,kw_virus,mitre_tactic_id,is_auth_failure,is_web_attack,rule_id_encoded,agent_criticality,alert_rate_1min,failed_login_5min,unique_src_ip_10min,high_sev_ratio_20,rule_diversity_10min,time_since_last_high,scan_preceded,brute_preceded,kill_chain_stage
48.0,5.0,1.0,1.0,1.0,0.0,0.0,0.0,0.0,1.0,0.0,0.0,7.0,1.0,0.0,5710.0,1.0,0.0,0.0,0.0,0.0,0.0,999.0,0.0,0.0,3.0
48.0,5.0,1.0,1.0,1.0,0.0,0.0,0.0,0.0,1.0,0.0,0.0,7.0,1.0,0.0,5710.0,1.0,1.0,1.0,0.0,0.0,1.0,999.0,1.0,1.0,3.0
48.0,5.0,1.0,1.0,1.0,0.0,0.0,0.0,0.0,1.0,0.0,0.0,7.0,1.0,0.0,5710.0,1.0,0.0,1.0,1.0,0.0,1.0,999.0,1.0,1.0,3.0
48.0,5.0,1.0,1.0,1.0,0.0,0.0,0.0,0.0,1.0,0.0,0.0,7.0,1.0,0.0,5710.0,1.0,1.0,2.0,1.0,0.0,1.0,999.0,1.0,1.0,3.0
48.0,5.0,1.0,1.0,1.0,0.0,0.0,0.0,0.0,1.0,0.0,0.0,7.0,1.0,0.0,5710.0,1.0,0.0,2.0,1.0,0.0,1.0,999.0,1.0,1.0,3.0
48.0,5.0,1.0,1.0,1.0,0.0,0.0,0.0,0.0,1.0,0.0,0.0,7.0,1.0,0.0,5710.0,1.0,0.0,0.0,0.0,0.0,0.0,999.0,0.0,0.0,3.0
48.0,5.0,1.0,1.0,1.0,0.0,0.0,0.0,0.0,1.0,0.0,0.0,7.0,1.0,0.0,5710.0,1.0,1.0,1.0,1.0,0.0,1.0,999.0,1.0,1.0,3.0
48.0,5.0,1.0,1.0,1.0,0.0,0.0,0.0,0.0,1.0,0.0,0.0,7.0,1.0,0.0,5710.0,1.0,0.0,0.0,1.0,0.0,1.0,999.0,1.0,1.0,3.0
48.0,5.0,1.0,1.0,1.0,0.0,0.0,0.0,0.0,1.0,0.0,0.0,7.0,1.0,0.0,5710.0,1.0,1.0,1.0,1.0,0.0,1.0,999.0,1.0,1.0,3.0
48.0,5.0,1.0,1.0,1.0,0.0,0.0,0.0,0.0,1.0,0.0,0.0,7.0,1.0,0.0,5710.0,1.0,0.0,0.0,0.0,0.0,0.0,999.0,0.0,0.0,3.0
48.0,5.0,1.0,1.0,1.0,0.0,0.0,0.0,0.0,1.0,0.0,0.0,7.0,1.0,0.0,5710.0,1.0,0.0,0.0,0.0,0.0,0.0,999.0,0.0,0.0,3.0
48.0,5.0,1.0,1.0,1.0,0.0,0.0,0.0,0.0,1.0,0.0,0.0,7.0,1.0,0.0,5710.0,1.0,1.0,1.0,1.0,0.0,1.0,999.0,1.0,1.0,3.0
48.0,5.0,1.0,1.0,1.0,0.0,0.0,0.0,0.0,1.0,0.0,0.0,7.0,1.0,0.0,5710.0,1.0,2.0,2.0,1.0,0.0,1.0,999.0,1.0,1.0,3.0
48.0,5.0,1.0,1.0,1.0,0.0,0.0,0.0,0.0,1.0,0.0,0.0,7.0,1.0,0.0,5710.0,1.0,3.0,3.0,1.0,0.0,1.0,999.0,1.0,1.0,3.0
48.0,5.0,1.0,1.0,1.0,0.0,0.0,0.0,0.0,1.0,0.0,0.0,7.0,1.0,0.0,5710.0,1.0,0.0,0.0,0.0,0.0,0.0,999.0,0.0,0.0,3.0
48.0,5.0,1.0,1.0,1.0,0.0,0.0,0.0,0.0,1.0,0.0,0.0,7.0,1.0,0.0,5710.0,1.0,0.0,0.0,0.0,0.0,0.0,999.0,0.0,0.0,3.0
48.0,5.0,1.0,1.0,1.0,0.0,0.0,0.0,0.0,1.0,0.0,0.0,7.0,1.0,0.0,5710.0,1.0,0.0,0.0,0.0,0.0,0.0,999.0,0.0,0.0,3.0
48.0,5.0,1.0,1.0,1.0,0.0,0.0,0.0,0.0,1.0,0.0,0.0,7.0,1.0,0.0,5710.0,1.0,1.0,1.0,1.0,0.0,1.0,999.0,1.0,1.0,3.0
26.0,3.0,0.0,0.0,0.0,0.0,1.0,0.0,0.0,0.0,0.0,0.0,-1.0,0.0,0.0,5502.0,1.0,1.0,2.0,1.0,0.0,2.0,999.0,1.0,1.0,2.0
26.0,3.0,0.0,0.0,0.0,0.0,1.0,0.0,0.0,0.0,0.0,0.0,-1.0,0.0,0.0,5502.0,1.0,2.0,2.0,1.0,0.0,3.0,999.0,1.0,1.0,2.0
26.0,3.0,0.0,0.0,0.0,0.0,1.0,0.0,0.0,0.0,0.0,0.0,-1.0,0.0,0.0,5502.0,1.0,5.0,2.0,1.0,0.0,3.0,999.0,1.0,1.0,2.0
26.0,3.0,0.0,0.0,0.0,0.0,1.0,0.0,0.0,0.0,0.0,0.0,-1.0,0.0,0.0,5502.0,1.0,6.0,2.0,1.0,0.0,3.0,999.0,1.0,1.0,2.0
26.0,3.0,0.0,0.0,0.0,0.0,1.0,1.0,0.0,0.0,0.0,0.0,6.0,0.0,0.0,5501.0,1.0,8.0,2.0,1.0,0.0,3.0,999.0,1.0,1.0,2.0
26.0,3.0,0.0,0.0,0.0,0.0,1.0,1.0,0.0,0.0,0.0,0.0,6.0,0.0,0.0,5501.0,1.0,9.0,2.0,1.0,0.0,4.0,999.0,1.0,1.0,2.0
26.0,3.0,0.0,0.0,0.0,0.0,1.0,1.0,0.0,0.0,0.0,0.0,6.0,0.0,0.0,5501.0,1.0,1.0,0.0,1.0,0.0,4.0,999.0,1.0,1.0,2.0
26.0,3.0,0.0,0.0,0.0,0.0,1.0,0.0,0.0,0.0,0.0,0.0,-1.0,0.0,0.0,5502.0,1.0,2.0,0.0,1.0,0.0,4.0,999.0,1.0,1.0,2.0
26.0,3.0,0.0,0.0,0.0,0.0,1.0,1.0,0.0,0.0,0.0,0.0,6.0,0.0,0.0,5501.0,1.0,4.0,0.0,1.0,0.0,4.0,999.0,1.0,1.0,2.0
26.0,3.0,0.0,0.0,0.0,0.0,1.0,0.0,0.0,0.0,0.0,0.0,-1.0,0.0,0.0,5502.0,1.0,5.0,0.0,1.0,0.0,4.0,999.0,1.0,1.0,2.0
26.0,3.0,0.0,0.0,0.0,0.0,1.0,1.0,0.0,0.0,0.0,0.0,6.0,0.0,0.0,5501.0,1.0,7.0,0.0,1.0,0.0,4.0,999.0,1.0,1.0,2.0
26.0,3.0,0.0,0.0,0.0,0.0,1.0,0.0,0.0,0.0,0.0,0.0,-1.0,0.0,0.0,5502.0,1.0,8.0,0.0,1.0,0.0,4.0,999.0,1.0,1.0,2.0
26.0,3.0,0.0,0.0,0.0,0.0,1.0,1.0,0.0,0.0,0.0,0.0,6.0,0.0,0.0,5501.0,1.0,10.0,0.0,0.0,0.0,3.0,999.0,0.0,0.0,2.0
26.0,3.0,0.0,0.0,0.0,0.0,1.0,0.0,0.0,0.0,0.0,0.0,-1.0,0.0,0.0,5502.0,1.0,11.0,0.0,0.0,0.0,3.0,999.0,0.0,0.0,2.0
26.0,3.0,0.0,0.0,0.0,0.0,1.0,1.0,0.0,0.0,0.0,0.0,6.0,0.0,0.0,5501.0,1.0,13.0,0.0,0.0,0.0,3.0,999.0,0.0,0.0,2.0
26.0,3.0,0.0,0.0,0.0,0.0,1.0,0.0,0.0,0.0,0.0,0.0,-1.0,0.0,0.0,5502.0,1.0,14.0,0.0,0.0,0.0,3.0,999.0,0.0,0.0,2.0
26.0,3.0,0.0,0.0,0.0,0.0,1.0,1.0,0.0,0.0,0.0,0.0,6.0,0.0,0.0,5501.0,1.0,16.0,0.0,0.0,0.0,3.0,999.0,0.0,0.0,2.0
26.0,3.0,0.0,0.0,0.0,0.0,1.0,0.0,0.0,0.0,0.0,0.0,-1.0,0.0,0.0,5502.0,1.0,17.0,0.0,0.0,0.0,3.0,999.0,0.0,0.0,2.0
26.0,3.0,0.0,0.0,0.0,0.0,1.0,1.0,0.0,0.0,0.0,0.0,6.0,0.0,0.0,5501.0,1.0,1.0,0.0,0.0,0.0,3.0,999.0,0.0,0.0,2.0
26.0,3.0,0.0,0.0,0.0,0.0,1.0,1.0,0.0,0.0,0.0,0.0,6.0,0.0,0.0,5501.0,1.0,3.0,0.0,0.0,0.0,3.0,999.0,0.0,0.0,2.0
26.0,3.0,0.0,0.0,0.0,0.0,1.0,0.0,0.0,0.0,0.0,0.0,-1.0,0.0,0.0,5502.0,1.0,4.0,0.0,0.0,0.0,3.0,999.0,0.0,0.0,2.0
26.0,3.0,0.0,0.0,0.0,0.0,1.0,0.0,0.0,0.0,0.0,0.0,-1.0,0.0,0.0,5502.0,1.0,5.0,0.0,0.0,0.0,3.0,999.0,0.0,0.0,2.0
26.0,3.0,0.0,0.0,0.0,0.0,1.0,1.0,0.0,0.0,0.0,0.0,6.0,0.0,0.0,5501.0,1.0,7.0,0.0,0.0,0.0,3.0,999.0,0.0,0.0,2.0
26.0,3.0,0.0,0.0,0.0,0.0,1.0,0.0,0.0,0.0,0.0,0.0,-1.0,0.0,0.0,5502.0,1.0,8.0,0.0,0.0,0.0,3.0,999.0,0.0,0.0,2.0
26.0,3.0,0.0,0.0,0.0,0.0,1.0,1.0,0.0,0.0,0.0,0.0,6.0,0.0,0.0,5501.0,1.0,11.0,0.0,0.0,0.0,3.0,999.0,0.0,0.0,2.0
26.0,3.0,0.0,0.0,0.0,0.0,1.0,0.0,0.0,0.0,0.0,0.0,-1.0,0.0,0.0,5502.0,1.0,12.0,0.0,0.0,0.0,3.0,999.0,0.0,0.0,2.0
26.0,3.0,0.0,0.0,0.0,0.0,1.0,1.0,0.0,0.0,0.0,0.0,6.0,0.0,0.0,5501.0,1.0,14.0,0.0,0.0,0.0,3.0,999.0,0.0,0.0,2.0
26.0,3.0,0.0,0.0,0.0,0.0,1.0,0.0,0.0,0.0,0.0,0.0,-1.0,0.0,0.0,5502.0,1.0,15.0,0.0,0.0,0.0,3.0,999.0,0.0,0.0,2.0
26.0,3.0,0.0,0.0,0.0,0.0,1.0,1.0,0.0,0.0,0.0,0.0,6.0,0.0,0.0,5501.0,1.0,17.0,0.0,0.0,0.0,3.0,999.0,0.0,0.0,2.0
26.0,3.0,0.0,0.0,0.0,0.0,1.0,0.0,0.0,0.0,0.0,0.0,-1.0,0.0,0.0,5502.0,1.0,18.0,0.0,0.0,0.0,3.0,999.0,0.0,0.0,2.0
26.0,3.0,0.0,0.0,0.0,0.0,1.0,0.0,0.0,0.0,0.0,0.0,-1.0,0.0,0.0,5502.0,1.0,19.0,0.0,0.0,0.0,3.0,999.0,0.0,0.0,2.0
26.0,3.0,0.0,0.0,0.0,0.0,1.0,1.0,0.0,0.0,0.0,0.0,6.0,0.0,0.0,5501.0,1.0,20.0,0.0,0.0,0.0,3.0,999.0,0.0,0.0,2.0
26.0,3.0,0.0,0.0,0.0,0.0,1.0,1.0,0.0,0.0,0.0,0.0,6.0,0.0,0.0,5501.0,1.0,20.0,0.0,0.0,0.0,3.0,999.0,0.0,0.0,2.0
26.0,3.0,0.0,0.0,0.0,0.0,1.0,0.0,0.0,0.0,0.0,0.0,-1.0,0.0,0.0,5502.0,1.0,20.0,0.0,0.0,0.0,3.0,999.0,0.0,0.0,2.0
26.0,3.0,0.0,0.0,0.0,0.0,1.0,0.0,0.0,0.0,0.0,0.0,-1.0,0.0,0.0,5502.0,1.0,20.0,0.0,0.0,0.0,3.0,999.0,0.0,0.0,2.0
26.0,3.0,0.0,0.0,0.0,0.0,1.0,1.0,0.0,0.0,0.0,0.0,6.0,0.0,0.0,5501.0,1.0,20.0,0.0,0.0,0.0,3.0,999.0,0.0,0.0,2.0
26.0,3.0,0.0,0.0,0.0,0.0,1.0,0.0,0.0,0.0,0.0,0.0,-1.0,0.0,0.0,5502.0,1.0,20.0,0.0,0.0,0.0,3.0,999.0,0.0,0.0,2.0
26.0,3.0,0.0,0.0,0.0,0.0,1.0,1.0,0.0,0.0,0.0,0.0,6.0,0.0,0.0,5501.0,1.0,20.0,0.0,0.0,0.0,3.0,999.0,0.0,0.0,2.0
26.0,3.0,0.0,0.0,0.0,0.0,1.0,1.0,0.0,0.0,0.0,0.0,6.0,0.0,0.0,5501.0,1.0,20.0,0.0,0.0,0.0,3.0,999.0,0.0,0.0,2.0
26.0,3.0,0.0,0.0,0.0,0.0,1.0,0.0,0.0,0.0,0.0,0.0,-1.0,0.0,0.0,5502.0,1.0,20.0,0.0,0.0,0.0,3.0,999.0,0.0,0.0,2.0
26.0,3.0,0.0,0.0,0.0,0.0,1.0,0.0,0.0,0.0,0.0,0.0,-1.0,0.0,0.0,5502.0,1.0,20.0,0.0,0.0,0.0,3.0,999.0,0.0,0.0,2.0
26.0,3.0,0.0,0.0,0.0,0.0,1.0,1.0,0.0,0.0,0.0,0.0,6.0,0.0,0.0,5501.0,1.0,20.0,0.0,0.0,0.0,3.0,999.0,0.0,0.0,2.0
26.0,3.0,0.0,0.0,0.0,0.0,1.0,0.0,0.0,0.0,0.0,0.0,-1.0,0.0,0.0,5502.0,1.0,20.0,0.0,0.0,0.0,3.0,999.0,0.0,0.0,2.0
26.0,3.0,0.0,0.0,0.0,0.0,1.0,1.0,0.0,0.0,0.0,0.0,6.0,0.0,0.0,5501.0,1.0,20.0,0.0,0.0,0.0,3.0,999.0,0.0,0.0,2.0
26.0,3.0,0.0,0.0,0.0,0.0,1.0,1.0,0.0,0.0,0.0,0.0,6.0,0.0,0.0,5501.0,1.0,20.0,0.0,0.0,0.0,3.0,999.0,0.0,0.0,2.0
26.0,3.0,0.0,0.0,0.0,0.0,1.0,0.0,0.0,0.0,0.0,0.0,-1.0,0.0,0.0,5502.0,1.0,20.0,0.0,0.0,0.0,3.0,999.0,0.0,0.0,2.0
26.0,3.0,0.0,0.0,0.0,0.0,1.0,1.0,0.0,0.0,0.0,0.0,6.0,0.0,0.0,5501.0,1.0,20.0,0.0,0.0,0.0,3.0,999.0,0.0,0.0,2.0
26.0,3.0,0.0,0.0,0.0,0.0,1.0,1.0,0.0,0.0,0.0,0.0,6.0,0.0,0.0,5501.0,1.0,20.0,0.0,0.0,0.0,3.0,999.0,0.0,0.0,2.0
26.0,3.0,0.0,0.0,0.0,0.0,1.0,1.0,0.0,0.0,0.0,0.0,6.0,0.0,0.0,5501.0,1.0,20.0,0.0,0.0,0.0,3.0,999.0,0.0,0.0,2.0
26.0,3.0,0.0,0.0,0.0,0.0,1.0,0.0,0.0,0.0,0.0,0.0,-1.0,0.0,0.0,5502.0,1.0,20.0,0.0,0.0,0.0,3.0,999.0,0.0,0.0,2.0
26.0,3.0,0.0,0.0,0.0,0.0,1.0,1.0,0.0,0.0,0.0,0.0,6.0,0.0,0.0,5501.0,1.0,20.0,0.0,0.0,0.0,3.0,999.0,0.0,0.0,2.0
26.0,3.0,0.0,0.0,0.0,0.0,1.0,0.0,0.0,0.0,0.0,0.0,-1.0,0.0,0.0,5502.0,1.0,20.0,0.0,0.0,0.0,3.0,999.0,0.0,0.0,2.0
26.0,3.0,0.0,0.0,0.0,0.0,1.0,0.0,0.0,0.0,0.0,0.0,-1.0,0.0,0.0,5502.0,1.0,20.0,0.0,0.0,0.0,3.0,999.0,0.0,0.0,2.0
26.0,3.0,0.0,0.0,0.0,0.0,1.0,1.0,0.0,0.0,0.0,0.0,6.0,0.0,0.0,5501.0,1.0,20.0,0.0,0.0,0.0,3.0,999.0,0.0,0.0,2.0
26.0,3.0,0.0,0.0,0.0,0.0,1.0,0.0,0.0,0.0,0.0,0.0,-1.0,0.0,0.0,5502.0,1.0,20.0,0.0,0.0,0.0,3.0,999.0,0.0,0.0,2.0
26.0,3.0,0.0,0.0,0.0,0.0,1.0,1.0,0.0,0.0,0.0,0.0,6.0,0.0,0.0,5501.0,1.0,20.0,0.0,0.0,0.0,3.0,999.0,0.0,0.0,2.0
26.0,3.0,0.0,0.0,0.0,0.0,1.0,0.0,0.0,0.0,0.0,0.0,-1.0,0.0,0.0,5502.0,1.0,20.0,0.0,0.0,0.0,3.0,999.0,0.0,0.0,2.0
26.0,3.0,0.0,0.0,0.0,0.0,1.0,1.0,0.0,0.0,0.0,0.0,6.0,0.0,0.0,5501.0,1.0,20.0,0.0,0.0,0.0,3.0,999.0,0.0,0.0,2.0
26.0,3.0,0.0,0.0,0.0,0.0,1.0,0.0,0.0,0.0,0.0,0.0,-1.0,0.0,0.0,5502.0,1.0,20.0,0.0,0.0,0.0,3.0,999.0,0.0,0.0,2.0
25.0,3.0,0.0,0.0,0.0,0.0,1.0,0.0,0.0,0.0,0.0,0.0,6.0,0.0,0.0,504.0,1.0,0.0,0.0,0.0,0.0,0.0,999.0,0.0,0.0,2.0
25.0,3.0,0.0,0.0,0.0,0.0,1.0,0.0,0.0,0.0,0.0,0.0,6.0,0.0,0.0,504.0,1.0,1.0,0.0,0.0,0.0,1.0,999.0,0.0,0.0,2.0
20.0,3.0,0.0,0.0,0.0,0.0,0.0,0.0,0.0,0.0,0.0,0.0,-1.0,0.0,0.0,503.0,1.0,0.0,0.0,0.0,0.0,1.0,999.0,0.0,0.0,2.0
20.0,3.0,0.0,0.0,0.0,0.0,0.0,0.0,0.0,0.0,0.0,0.0,-1.0,0.0,0.0,503.0,1.0,1.0,0.0,0.0,0.0,2.0,999.0,0.0,0.0,2.0
41.0,5.0,0.0,0.0,0.0,0.0,0.0,0.0,0.0,0.0,0.0,0.0,-1.0,0.0,0.0,40704.0,1.0,2.0,0.0,0.0,0.0,2.0,999.0,0.0,0.0,2.0
41.0,5.0,0.0,0.0,0.0,0.0,0.0,0.0,0.0,0.0,0.0,0.0,-1.0,0.0,0.0,40704.0,1.0,3.0,0.0,0.0,0.0,3.0,999.0,0.0,0.0,2.0
23.0,3.0,0.0,0.0,0.0,0.0,0.0,0.0,0.0,0.0,0.0,0.0,-1.0,0.0,0.0,81102.0,1.0,4.0,0.0,0.0,0.0,3.0,999.0,0.0,0.0,2.0
23.0,3.0,0.0,0.0,0.0,0.0,0.0,0.0,0.0,0.0,0.0,0.0,-1.0,0.0,0.0,81102.0,1.0,5.0,0.0,0.0,0.0,4.0,999.0,0.0,0.0,2.0
23.0,3.0,0.0,0.0,0.0,0.0,0.0,0.0,0.0,0.0,0.0,0.0,-1.0,0.0,0.0,81102.0,1.0,6.0,0.0,0.0,0.0,4.0,999.0,0.0,0.0,2.0
23.0,3.0,0.0,0.0,0.0,0.0,0.0,0.0,0.0,0.0,0.0,0.0,-1.0,0.0,0.0,81102.0,1.0,7.0,0.0,0.0,0.0,4.0,999.0,0.0,0.0,2.0
26.0,3.0,0.0,0.0,0.0,0.0,1.0,1.0,0.0,0.0,0.0,0.0,6.0,0.0,0.0,5501.0,1.0,0.0,0.0,0.0,0.0,4.0,999.0,0.0,0.0,2.0
26.0,3.0,0.0,0.0,0.0,0.0,1.0,1.0,0.0,0.0,0.0,0.0,6.0,0.0,0.0,5501.0,1.0,1.0,0.0,0.0,0.0,5.0,999.0,0.0,0.0,2.0
26.0,3.0,0.0,0.0,0.0,0.0,1.0,1.0,0.0,0.0,0.0,0.0,6.0,0.0,0.0,5501.0,1.0,2.0,0.0,0.0,0.0,5.0,999.0,0.0,0.0,2.0
26.0,3.0,0.0,0.0,0.0,0.0,0.0,0.0,0.0,0.0,0.0,0.0,-1.0,0.0,0.0,5502.0,1.0,3.0,0.0,0.0,0.0,5.0,999.0,0.0,0.0,2.0
26.0,3.0,0.0,0.0,0.0,0.0,0.0,0.0,0.0,0.0,0.0,0.0,-1.0,0.0,0.0,5502.0,1.0,4.0,0.0,0.0,0.0,6.0,999.0,0.0,0.0,2.0
26.0,3.0,0.0,0.0,0.0,0.0,0.0,0.0,0.0,0.0,0.0,0.0,-1.0,0.0,0.0,5502.0,1.0,5.0,0.0,0.0,0.0,6.0,999.0,0.0,0.0,2.0
41.0,5.0,0.0,0.0,0.0,0.0,0.0,0.0,0.0,0.0,0.0,0.0,-1.0,0.0,0.0,40704.0,1.0,6.0,0.0,0.0,0.0,6.0,999.0,0.0,0.0,2.0
41.0,5.0,0.0,0.0,0.0,0.0,0.0,0.0,0.0,0.0,0.0,0.0,-1.0,0.0,0.0,40704.0,1.0,7.0,0.0,0.0,0.0,6.0,999.0,0.0,0.0,2.0
41.0,5.0,0.0,0.0,0.0,0.0,0.0,0.0,0.0,0.0,0.0,0.0,-1.0,0.0,0.0,40704.0,1.0,8.0,0.0,0.0,0.0,6.0,999.0,0.0,0.0,2.0
26.0,3.0,0.0,0.0,0.0,0.0,1.0,1.0,0.0,0.0,0.0,0.0,6.0,0.0,0.0,5501.0,1.0,6.0,0.0,0.0,0.0,6.0,999.0,0.0,0.0,2.0
26.0,3.0,0.0,0.0,0.0,0.0,1.0,1.0,0.0,0.0,0.0,0.0,6.0,0.0,0.0,5501.0,1.0,7.0,0.0,0.0,0.0,6.0,999.0,0.0,0.0,2.0
26.0,3.0,0.0,0.0,0.0,0.0,1.0,1.0,0.0,0.0,0.0,0.0,6.0,0.0,0.0,5501.0,1.0,8.0,0.0,0.0,0.0,6.0,999.0,0.0,0.0,2.0
48.0,5.0,1.0,1.0,1.0,0.0,0.0,0.0,0.0,1.0,0.0,0.0,7.0,1.0,0.0,5710.0,1.0,0.0,0.0,0.0,0.0,0.0,999.0,0.0,0.0,3.0
20.0,3.0,0.0,0.0,0.0,0.0,1.0,0.0,0.0,0.0,0.0,0.0,6.0,0.0,0.0,506.0,1.0,0.0,0.0,1.0,0.0,1.0,999.0,1.0,1.0,2.0
20.0,3.0,0.0,0.0,0.0,0.0,0.0,0.0,0.0,0.0,0.0,0.0,-1.0,0.0,0.0,503.0,1.0,0.0,0.0,0.0,0.0,0.0,999.0,0.0,0.0,2.0
26.0,3.0,0.0,0.0,0.0,0.0,1.0,0.0,0.0,0.0,0.0,0.0,-1.0,0.0,0.0,5502.0,1.0,1.0,0.0,0.0,0.0,1.0,999.0,0.0,0.0,2.0
48.0,5.0,1.0,1.0,1.0,0.0,0.0,0.0,0.0,1.0,0.0,0.0,7.0,1.0,0.0,5710.0,1.0,0.0,0.0,0.0,0.0,0.0,999.0,0.0,0.0,3.0
48.0,5.0,1.0,1.0,1.0,0.0,0.0,0.0,0.0,1.0,0.0,0.0,7.0,1.0,0.0,5710.0,1.0,1.0,1.0,1.0,0.0,1.0,999.0,1.0,1.0,3.0
48.0,5.0,1.0,1.0,1.0,0.0,0.0,0.0,0.0,1.0,0.0,0.0,7.0,1.0,0.0,5710.0,1.0,2.0,2.0,1.0,0.0,1.0,999.0,1.0,1.0,3.0
48.0,5.0,1.0,1.0,1.0,0.0,0.0,0.0,0.0,1.0,0.0,0.0,7.0,1.0,0.0,5710.0,1.0,3.0,3.0,1.0,0.0,1.0,999.0,1.0,1.0,3.0
48.0,5.0,1.0,1.0,1.0,0.0,0.0,0.0,0.0,1.0,0.0,0.0,7.0,1.0,0.0,5710.0,1.0,4.0,4.0,1.0,0.0,1.0,999.0,1.0,1.0,3.0
48.0,5.0,1.0,1.0,1.0,0.0,0.0,0.0,0.0,1.0,0.0,0.0,7.0,1.0,0.0,5710.0,1.0,5.0,5.0,1.0,0.0,1.0,999.0,1.0,1.0,3.0
48.0,5.0,1.0,1.0,1.0,0.0,0.0,0.0,0.0,1.0,0.0,0.0,7.0,1.0,0.0,5710.0,1.0,6.0,6.0,1.0,0.0,1.0,999.0,1.0,1.0,3.0
48.0,5.0,1.0,1.0,1.0,0.0,0.0,0.0,0.0,1.0,0.0,0.0,7.0,1.0,0.0,5710.0,1.0,6.0,7.0,1.0,0.0,1.0,999.0,1.0,1.0,3.0
20.0,3.0,0.0,0.0,0.0,0.0,1.0,0.0,0.0,0.0,0.0,0.0,6.0,0.0,0.0,506.0,1.0,8.0,9.0,1.0,0.0,2.0,999.0,1.0,1.0,2.0
20.0,3.0,0.0,0.0,0.0,0.0,0.0,0.0,0.0,0.0,0.0,0.0,-1.0,0.0,0.0,503.0,1.0,9.0,9.0,1.0,0.0,3.0,999.0,1.0,1.0,2.0
26.0,3.0,0.0,0.0,0.0,0.0,1.0,0.0,0.0,0.0,0.0,0.0,-1.0,0.0,0.0,5502.0,1.0,10.0,9.0,1.0,0.0,4.0,999.0,1.0,1.0,2.0
48.0,5.0,1.0,1.0,1.0,0.0,0.0,0.0,0.0,1.0,0.0,0.0,7.0,1.0,0.0,5710.0,1.0,0.0,8.0,1.0,0.0,5.0,999.0,1.0,1.0,3.0
26.0,3.0,0.0,0.0,0.0,0.0,1.0,1.0,0.0,0.0,0.0,0.0,6.0,0.0,0.0,5501.0,1.0,0.0,0.0,0.0,0.0,0.0,999.0,0.0,0.0,2.0
48.0,5.0,1.0,1.0,1.0,0.0,0.0,0.0,0.0,1.0,0.0,0.0,7.0,1.0,0.0,5710.0,1.0,0.0,0.0,0.0,0.0,0.0,999.0,0.0,0.0,3.0
48.0,5.0,1.0,1.0,1.0,0.0,0.0,0.0,0.0,1.0,0.0,0.0,7.0,1.0,0.0,5710.0,1.0,0.0,1.0,1.0,0.0,1.0,999.0,1.0,1.0,3.0
48.0,5.0,1.0,1.0,1.0,0.0,0.0,0.0,0.0,1.0,0.0,0.0,7.0,1.0,0.0,5710.0,1.0,0.0,2.0,1.0,0.0,1.0,999.0,1.0,1.0,3.0
48.0,5.0,1.0,1.0,1.0,0.0,0.0,0.0,0.0,1.0,0.0,0.0,7.0,1.0,0.0,5710.0,1.0,0.0,0.0,0.0,0.0,0.0,999.0,0.0,0.0,3.0
48.0,5.0,1.0,1.0,1.0,0.0,0.0,0.0,0.0,1.0,0.0,0.0,7.0,1.0,0.0,5710.0,1.0,1.0,1.0,1.0,0.0,1.0,999.0,1.0,1.0,3.0
48.0,5.0,1.0,1.0,1.0,0.0,0.0,0.0,0.0,1.0,0.0,0.0,7.0,1.0,0.0,5710.0,1.0,2.0,2.0,1.0,0.0,1.0,999.0,1.0,1.0,3.0
48.0,5.0,1.0,1.0,1.0,0.0,0.0,0.0,0.0,1.0,0.0,0.0,7.0,1.0,0.0,5710.0,1.0,3.0,3.0,1.0,0.0,1.0,999.0,1.0,1.0,3.0
48.0,5.0,1.0,1.0,1.0,0.0,0.0,0.0,0.0,1.0,0.0,0.0,7.0,1.0,0.0,5710.0,1.0,4.0,4.0,1.0,0.0,1.0,999.0,1.0,1.0,3.0
48.0,5.0,1.0,1.0,1.0,0.0,0.0,0.0,0.0,1.0,0.0,0.0,7.0,1.0,0.0,5710.0,1.0,5.0,5.0,1.0,0.0,1.0,999.0,1.0,1.0,3.0
48.0,5.0,1.0,1.0,1.0,0.0,0.0,0.0,0.0,1.0,0.0,0.0,7.0,1.0,0.0,5710.0,1.0,6.0,6.0,1.0,0.0,1.0,999.0,1.0,1.0,3.0
48.0,5.0,1.0,1.0,1.0,0.0,0.0,0.0,0.0,1.0,0.0,0.0,7.0,1.0,0.0,5710.0,1.0,0.0,7.0,1.0,0.0,1.0,999.0,1.0,1.0,3.0
48.0,5.0,1.0,1.0,1.0,0.0,0.0,0.0,0.0,1.0,0.0,0.0,7.0,1.0,0.0,5710.0,1.0,0.0,8.0,1.0,0.0,1.0,999.0,1.0,1.0,3.0
48.0,5.0,1.0,1.0,1.0,0.0,0.0,0.0,0.0,1.0,0.0,0.0,7.0,1.0,0.0,5710.0,1.0,0.0,0.0,0.0,0.0,0.0,999.0,0.0,0.0,3.0
48.0,5.0,1.0,1.0,1.0,0.0,0.0,0.0,0.0,1.0,0.0,0.0,7.0,1.0,0.0,5710.0,1.0,1.0,1.0,1.0,0.0,1.0,999.0,1.0,1.0,3.0
48.0,5.0,1.0,1.0,1.0,0.0,0.0,0.0,0.0,1.0,0.0,0.0,7.0,1.0,0.0,5710.0,1.0,0.0,0.0,0.0,0.0,0.0,999.0,0.0,0.0,3.0
48.0,5.0,1.0,1.0,1.0,0.0,0.0,0.0,0.0,1.0,0.0,0.0,7.0,1.0,0.0,5710.0,1.0,1.0,1.0,1.0,0.0,1.0,999.0,1.0,1.0,3.0
48.0,5.0,1.0,1.0,1.0,0.0,0.0,0.0,0.0,1.0,0.0,0.0,7.0,1.0,0.0,5710.0,1.0,0.0,0.0,0.0,0.0,0.0,999.0,0.0,0.0,3.0
48.0,5.0,1.0,1.0,1.0,0.0,0.0,0.0,0.0,1.0,0.0,0.0,7.0,1.0,0.0,5710.0,1.0,1.0,1.0,1.0,0.0,1.0,999.0,1.0,1.0,3.0
48.0,5.0,1.0,1.0,1.0,0.0,0.0,0.0,0.0,1.0,0.0,0.0,7.0,1.0,0.0,5710.0,1.0,2.0,2.0,1.0,0.0,1.0,999.0,1.0,1.0,3.0
48.0,5.0,1.0,1.0,1.0,0.0,0.0,0.0,0.0,1.0,0.0,0.0,7.0,1.0,0.0,5710.0,1.0,3.0,3.0,1.0,0.0,1.0,999.0,1.0,1.0,3.0
20.0,3.0,0.0,0.0,0.0,0.0,0.0,0.0,0.0,0.0,0.0,0.0,-1.0,0.0,0.0,503.0,1.0,0.0,0.0,0.0,0.0,0.0,999.0,0.0,0.0,2.0
36.0,5.0,0.0,0.0,1.0,0.0,0.0,0.0,0.0,0.0,0.0,0.0,-1.0,1.0,0.0,2501.0,1.0,1.0,0.0,0.0,0.0,1.0,999.0,0.0,0.0,2.0
26.0,3.0,0.0,0.0,0.0,0.0,1.0,1.0,0.0,0.0,0.0,0.0,6.0,0.0,0.0,5501.0,1.0,2.0,1.0,0.0,0.0,2.0,999.0,0.0,0.0,2.0
26.0,3.0,0.0,0.0,0.0,0.0,0.0,0.0,0.0,0.0,0.0,0.0,-1.0,0.0,0.0,5502.0,1.0,3.0,1.0,0.0,0.0,3.0,999.0,0.0,0.0,2.0
48.0,5.0,1.0,1.0,1.0,0.0,0.0,0.0,0.0,1.0,0.0,0.0,7.0,1.0,0.0,5710.0,1.0,4.0,1.0,0.0,0.0,4.0,999.0,0.0,0.0,3.0
26.0,3.0,0.0,0.0,0.0,0.0,1.0,1.0,0.0,0.0,0.0,0.0,6.0,0.0,0.0,5501.0,1.0,5.0,2.0,1.0,0.0,5.0,999.0,1.0,1.0,2.0
48.0,5.0,1.0,1.0,1.0,0.0,0.0,0.0,0.0,1.0,0.0,0.0,7.0,1.0,0.0,5710.0,1.0,6.0,2.0,1.0,0.0,5.0,999.0,1.0,1.0,3.0
48.0,5.0,1.0,1.0,1.0,0.0,0.0,0.0,0.0,1.0,0.0,0.0,7.0,1.0,0.0,5710.0,1.0,7.0,3.0,1.0,0.0,5.0,999.0,1.0,1.0,3.0
48.0,5.0,1.0,1.0,1.0,0.0,0.0,0.0,0.0,1.0,0.0,0.0,7.0,1.0,0.0,5710.0,1.0,8.0,4.0,1.0,0.0,5.0,999.0,1.0,1.0,3.0
41.0,5.0,0.0,0.0,0.0,0.0,0.0,0.0,0.0,0.0,0.0,0.0,-1.0,0.0,0.0,40704.0,1.0,0.0,0.0,0.0,0.0,0.0,999.0,0.0,0.0,2.0
48.0,5.0,1.0,1.0,1.0,0.0,0.0,0.0,0.0,1.0,0.0,0.0,7.0,1.0,0.0,5710.0,1.0,1.0,0.0,0.0,0.0,1.0,999.0,0.0,0.0,3.0
48.0,5.0,1.0,1.0,1.0,0.0,0.0,0.0,0.0,1.0,0.0,0.0,7.0,1.0,0.0,5710.0,1.0,2.0,1.0,1.0,0.0,2.0,999.0,1.0,1.0,3.0
48.0,5.0,1.0,1.0,1.0,0.0,0.0,0.0,0.0,1.0,0.0,0.0,7.0,1.0,0.0,5710.0,1.0,0.0,2.0,1.0,0.0,2.0,999.0,1.0,1.0,3.0
72.0,10.0,0.0,1.0,1.0,0.0,0.0,0.0,0.0,0.0,0.0,0.0,7.0,1.0,0.0,5712.0,1.0,1.0,3.0,1.0,0.0,2.0,999.0,1.0,1.0,3.0
48.0,5.0,1.0,1.0,1.0,0.0,0.0,0.0,0.0,1.0,0.0,0.0,7.0,1.0,0.0,5710.0,1.0,2.0,4.0,1.0,0.05,3.0,0.004,1.0,1.0,3.0
48.0,5.0,1.0,1.0,1.0,0.0,0.0,0.0,0.0,1.0,0.0,0.0,7.0,1.0,0.0,5710.0,1.0,0.0,5.0,1.0,0.05,3.0,90.443,1.0,1.0,3.0
20.0,3.0,0.0,0.0,0.0,0.0,0.0,0.0,0.0,0.0,0.0,0.0,-1.0,0.0,0.0,503.0,1.0,0.0,0.0,0.0,0.05,0.0,28066.591921,0.0,0.0,2.0
26.0,3.0,0.0,0.0,0.0,0.0,1.0,1.0,0.0,0.0,0.0,0.0,6.0,0.0,0.0,5501.0,1.0,1.0,0.0,0.0,0.05,1.0,28077.779324,0.0,0.0,2.0
26.0,3.0,0.0,0.0,0.0,0.0,0.0,0.0,0.0,0.0,0.0,0.0,-1.0,0.0,0.0,5502.0,1.0,2.0,0.0,0.0,0.05,2.0,28093.841289,0.0,0.0,2.0
48.0,5.0,1.0,1.0,1.0,0.0,0.0,0.0,0.0,1.0,0.0,0.0,7.0,1.0,0.0,5710.0,1.0,3.0,0.0,0.0,0.05,3.0,28114.256077,0.0,0.0,3.0
48.0,5.0,1.0,1.0,1.0,0.0,0.0,0.0,0.0,1.0,0.0,0.0,7.0,1.0,0.0,5710.0,1.0,2.0,1.0,1.0,0.05,4.0,28144.349023,1.0,1.0,3.0
26.0,3.0,0.0,0.0,0.0,0.0,1.0,1.0,0.0,0.0,0.0,0.0,6.0,0.0,0.0,5501.0,1.0,3.0,2.0,1.0,0.05,4.0,28146.119137,1.0,1.0,2.0
48.0,5.0,1.0,1.0,1.0,0.0,0.0,0.0,0.0,1.0,0.0,0.0,7.0,1.0,0.0,5710.0,1.0,4.0,2.0,1.0,0.05,4.0,28146.119137,1.0,1.0,3.0
48.0,5.0,1.0,1.0,1.0,0.0,0.0,0.0,0.0,1.0,0.0,0.0,7.0,1.0,0.0,5710.0,1.0,5.0,3.0,1.0,0.05,4.0,28148.103145,1.0,1.0,3.0
23.0,3.0,0.0,0.0,0.0,0.0,0.0,0.0,0.0,0.0,0.0,0.0,-1.0,0.0,0.0,81102.0,1.0,4.0,4.0,1.0,0.05,4.0,28181.542417,1.0,1.0,2.0
23.0,3.0,0.0,0.0,0.0,0.0,0.0,0.0,0.0,0.0,0.0,0.0,-1.0,0.0,0.0,81102.0,1.0,5.0,4.0,1.0,0.05,5.0,28181.542417,1.0,1.0,2.0
48.0,5.0,1.0,1.0,1.0,0.0,0.0,0.0,0.0,1.0,0.0,0.0,7.0,1.0,0.0,5710.0,1.0,2.0,4.0,1.0,0.05,5.0,28215.795282,1.0,1.0,3.0
48.0,5.0,1.0,1.0,1.0,0.0,0.0,0.0,0.0,1.0,0.0,0.0,7.0,1.0,0.0,5710.0,1.0,0.0,0.0,0.0,0.05,0.0,30474.22969,0.0,0.0,3.0
48.0,5.0,1.0,1.0,1.0,0.0,0.0,0.0,0.0,1.0,0.0,0.0,7.0,1.0,0.0,5710.0,1.0,1.0,1.0,1.0,0.05,1.0,30474.22969,1.0,1.0,3.0
48.0,5.0,1.0,1.0,1.0,0.0,0.0,0.0,0.0,1.0,0.0,0.0,7.0,1.0,0.0,5710.0,1.0,2.0,2.0,1.0,0.05,1.0,30474.22969,1.0,1.0,3.0
48.0,5.0,1.0,1.0,1.0,0.0,0.0,0.0,0.0,1.0,0.0,0.0,7.0,1.0,0.0,5710.0,1.0,3.0,3.0,1.0,0.05,1.0,30474.240685,1.0,1.0,3.0
48.0,5.0,1.0,1.0,1.0,0.0,0.0,0.0,0.0,1.0,0.0,0.0,7.0,1.0,0.0,5710.0,1.0,0.0,4.0,1.0,0.05,1.0,30755.256664,1.0,1.0,3.0
20.0,3.0,0.0,0.0,0.0,0.0,0.0,0.0,0.0,0.0,0.0,0.0,-1.0,0.0,0.0,503.0,1.0,0.0,0.0,0.0,0.05,0.0,38917.777386,0.0,0.0,2.0
41.0,5.0,0.0,0.0,0.0,0.0,0.0,0.0,0.0,0.0,0.0,0.0,-1.0,0.0,0.0,40704.0,1.0,1.0,0.0,0.0,0.05,1.0,38917.777386,0.0,0.0,2.0
26.0,3.0,0.0,0.0,0.0,0.0,1.0,1.0,0.0,0.0,0.0,0.0,6.0,0.0,0.0,5501.0,1.0,2.0,0.0,0.0,0.0,2.0,999.0,0.0,0.0,2.0
26.0,3.0,0.0,0.0,0.0,0.0,0.0,0.0,0.0,0.0,0.0,0.0,-1.0,0.0,0.0,5502.0,1.0,3.0,0.0,0.0,0.0,3.0,999.0,0.0,0.0,2.0
26.0,3.0,0.0,0.0,0.0,0.0,1.0,1.0,0.0,0.0,0.0,0.0,6.0,0.0,0.0,5501.0,1.0,4.0,0.0,0.0,0.0,4.0,999.0,0.0,0.0,2.0
23.0,3.0,0.0,0.0,0.0,0.0,0.0,0.0,0.0,0.0,0.0,0.0,-1.0,0.0,0.0,81102.0,1.0,9.0,0.0,0.0,0.0,5.0,999.0,0.0,0.0,2.0
48.0,5.0,1.0,1.0,1.0,0.0,0.0,0.0,0.0,1.0,0.0,0.0,7.0,1.0,0.0,5710.0,1.0,0.0,0.0,0.0,0.0,6.0,999.0,0.0,0.0,3.0
48.0,5.0,1.0,1.0,1.0,0.0,0.0,0.0,0.0,1.0,0.0,0.0,7.0,1.0,0.0,5710.0,1.0,1.0,1.0,1.0,0.0,7.0,999.0,1.0,1.0,3.0
48.0,5.0,1.0,1.0,1.0,0.0,0.0,0.0,0.0,1.0,0.0,0.0,7.0,1.0,0.0,5710.0,1.0,0.0,2.0,1.0,0.0,7.0,999.0,1.0,1.0,3.0
48.0,5.0,1.0,1.0,1.0,0.0,0.0,0.0,0.0,1.0,0.0,0.0,7.0,1.0,0.0,5710.0,1.0,1.0,3.0,1.0,0.0,7.0,999.0,1.0,1.0,3.0
48.0,5.0,1.0,1.0,1.0,0.0,0.0,0.0,0.0,1.0,0.0,0.0,7.0,1.0,0.0,5710.0,1.0,2.0,4.0,1.0,0.0,7.0,999.0,1.0,1.0,3.0
48.0,5.0,1.0,1.0,1.0,0.0,0.0,0.0,0.0,1.0,0.0,0.0,7.0,1.0,0.0,5710.0,1.0,3.0,5.0,1.0,0.0,7.0,999.0,1.0,1.0,3.0
48.0,5.0,1.0,1.0,1.0,0.0,0.0,0.0,0.0,1.0,0.0,0.0,7.0,1.0,0.0,5710.0,1.0,4.0,6.0,1.0,0.0,7.0,999.0,1.0,1.0,3.0
48.0,5.0,1.0,1.0,1.0,0.0,0.0,0.0,0.0,1.0,0.0,0.0,7.0,1.0,0.0,5710.0,1.0,5.0,7.0,1.0,0.0,7.0,999.0,1.0,1.0,3.0
26.0,3.0,0.0,0.0,0.0,0.0,1.0,1.0,0.0,0.0,0.0,0.0,6.0,0.0,0.0,5501.0,1.0,0.0,0.0,0.0,0.0,0.0,999.0,0.0,0.0,2.0
48.0,5.0,1.0,1.0,1.0,0.0,0.0,0.0,0.0,1.0,0.0,0.0,7.0,1.0,0.0,5710.0,1.0,1.0,0.0,0.0,0.0,1.0,999.0,0.0,0.0,3.0
48.0,5.0,1.0,1.0,1.0,0.0,0.0,0.0,0.0,1.0,0.0,0.0,7.0,1.0,0.0,5710.0,1.0,2.0,1.0,1.0,0.0,2.0,999.0,1.0,1.0,3.0
26.0,3.0,0.0,0.0,0.0,0.0,1.0,1.0,0.0,0.0,0.0,0.0,6.0,0.0,0.0,5501.0,1.0,2.0,2.0,1.0,0.0,2.0,999.0,1.0,1.0,2.0
48.0,5.0,1.0,1.0,1.0,0.0,0.0,0.0,0.0,1.0,0.0,0.0,7.0,1.0,0.0,5710.0,1.0,2.0,2.0,1.0,0.0,2.0,999.0,1.0,1.0,3.0
48.0,5.0,1.0,1.0,1.0,0.0,0.0,0.0,0.0,1.0,0.0,0.0,7.0,1.0,0.0,5710.0,1.0,0.0,3.0,1.0,0.0,2.0,999.0,1.0,1.0,3.0
48.0,5.0,1.0,1.0,1.0,0.0,0.0,0.0,0.0,1.0,0.0,0.0,7.0,1.0,0.0,5710.0,1.0,0.0,2.0,1.0,0.0,2.0,999.0,1.0,1.0,3.0
48.0,5.0,1.0,1.0,1.0,0.0,0.0,0.0,0.0,1.0,0.0,0.0,7.0,1.0,0.0,5710.0,1.0,1.0,3.0,1.0,0.0,2.0,999.0,1.0,1.0,3.0
48.0,5.0,1.0,1.0,1.0,0.0,0.0,0.0,0.0,1.0,0.0,0.0,7.0,1.0,0.0,5710.0,1.0,0.0,3.0,1.0,0.0,2.0,999.0,1.0,1.0,3.0
48.0,5.0,1.0,1.0,1.0,0.0,0.0,0.0,0.0,1.0,0.0,0.0,7.0,1.0,0.0,5710.0,1.0,1.0,4.0,1.0,0.0,2.0,999.0,1.0,1.0,3.0
48.0,5.0,1.0,1.0,1.0,0.0,0.0,0.0,0.0,1.0,0.0,0.0,7.0,1.0,0.0,5710.0,1.0,0.0,0.0,0.0,0.0,0.0,999.0,0.0,0.0,3.0
48.0,5.0,1.0,1.0,1.0,0.0,0.0,0.0,0.0,1.0,0.0,0.0,7.0,1.0,0.0,5710.0,1.0,0.0,1.0,1.0,0.0,1.0,999.0,1.0,1.0,3.0
48.0,5.0,1.0,1.0,1.0,0.0,0.0,0.0,0.0,1.0,0.0,0.0,7.0,1.0,0.0,5710.0,1.0,1.0,2.0,1.0,0.0,1.0,999.0,1.0,1.0,3.0
48.0,5.0,1.0,1.0,1.0,0.0,0.0,0.0,0.0,1.0,0.0,0.0,7.0,1.0,0.0,5710.0,1.0,0.0,3.0,1.0,0.0,1.0,999.0,1.0,1.0,3.0
48.0,5.0,1.0,1.0,1.0,0.0,0.0,0.0,0.0,1.0,0.0,0.0,7.0,1.0,0.0,5710.0,1.0,0.0,0.0,0.0,0.0,0.0,999.0,0.0,0.0,3.0
48.0,5.0,1.0,1.0,1.0,0.0,0.0,0.0,0.0,1.0,0.0,0.0,7.0,1.0,0.0,5710.0,1.0,1.0,1.0,1.0,0.0,1.0,999.0,1.0,1.0,3.0
48.0,5.0,1.0,1.0,1.0,0.0,0.0,0.0,0.0,1.0,0.0,0.0,7.0,1.0,0.0,5710.0,1.0,2.0,2.0,1.0,0.0,1.0,999.0,1.0,1.0,3.0
48.0,5.0,1.0,1.0,1.0,0.0,0.0,0.0,0.0,1.0,0.0,0.0,7.0,1.0,0.0,5710.0,1.0,0.0,3.0,1.0,0.0,1.0,999.0,1.0,1.0,3.0
26.0,3.0,0.0,0.0,0.0,0.0,1.0,1.0,0.0,0.0,0.0,0.0,6.0,0.0,0.0,5501.0,1.0,1.0,4.0,1.0,0.0,2.0,999.0,1.0,1.0,2.0
26.0,3.0,0.0,0.0,0.0,0.0,1.0,0.0,0.0,0.0,0.0,0.0,-1.0,0.0,0.0,5502.0,1.0,2.0,1.0,1.0,0.0,3.0,999.0,1.0,1.0,2.0
41.0,5.0,0.0,0.0,0.0,0.0,0.0,0.0,0.0,0.0,0.0,0.0,-1.0,0.0,0.0,40704.0,1.0,0.0,0.0,0.0,0.0,0.0,999.0,0.0,0.0,2.0
48.0,5.0,1.0,1.0,1.0,0.0,0.0,0.0,0.0,1.0,0.0,0.0,7.0,1.0,0.0,5710.0,1.0,1.0,0.0,0.0,0.0,1.0,999.0,0.0,0.0,3.0
48.0,5.0,1.0,1.0,1.0,0.0,0.0,0.0,0.0,1.0,0.0,0.0,7.0,1.0,0.0,5710.0,1.0,0.0,1.0,1.0,0.0,2.0,999.0,1.0,1.0,3.0
41.0,5.0,0.0,0.0,0.0,0.0,0.0,0.0,0.0,0.0,0.0,0.0,-1.0,0.0,0.0,40704.0,1.0,0.0,1.0,1.0,0.0,2.0,999.0,1.0,1.0,2.0
26.0,3.0,0.0,0.0,0.0,0.0,1.0,1.0,0.0,0.0,0.0,0.0,6.0,0.0,0.0,5501.0,1.0,20.0,0.0,0.0,0.0,1.0,999.0,0.0,0.0,2.0
26.0,3.0,0.0,0.0,0.0,0.0,1.0,1.0,0.0,0.0,0.0,0.0,6.0,0.0,0.0,5501.0,1.0,20.0,0.0,0.0,0.0,2.0,999.0,0.0,0.0,2.0
26.0,3.0,0.0,0.0,0.0,0.0,1.0,0.0,0.0,0.0,0.0,0.0,-1.0,0.0,0.0,5502.0,1.0,20.0,0.0,0.0,0.0,3.0,999.0,0.0,0.0,2.0
26.0,3.0,0.0,0.0,0.0,0.0,1.0,1.0,0.0,0.0,0.0,0.0,6.0,0.0,0.0,5501.0,1.0,20.0,0.0,0.0,0.0,2.0,999.0,0.0,0.0,2.0
26.0,3.0,0.0,0.0,0.0,0.0,1.0,0.0,0.0,0.0,0.0,0.0,-1.0,0.0,0.0,5502.0,1.0,18.0,0.0,0.0,0.0,3.0,999.0,0.0,0.0,2.0
26.0,3.0,0.0,0.0,0.0,0.0,1.0,1.0,0.0,0.0,0.0,0.0,6.0,0.0,0.0,5501.0,1.0,20.0,0.0,0.0,0.0,4.0,999.0,0.0,0.0,2.0
26.0,3.0,0.0,0.0,0.0,0.0,1.0,0.0,0.0,0.0,0.0,0.0,-1.0,0.0,0.0,5502.0,1.0,20.0,0.0,0.0,0.0,4.0,999.0,0.0,0.0,2.0
26.0,3.0,0.0,0.0,0.0,0.0,1.0,1.0,0.0,0.0,0.0,0.0,6.0,0.0,0.0,5501.0,1.0,20.0,0.0,0.0,0.0,4.0,999.0,0.0,0.0,2.0
38.0,7.0,0.0,0.0,0.0,0.0,0.0,0.0,0.0,0.0,0.0,0.0,-1.0,0.0,0.0,2904.0,1.0,20.0,0.0,0.0,0.0,4.0,999.0,0.0,0.0,2.0
26.0,3.0,0.0,0.0,0.0,0.0,1.0,0.0,0.0,0.0,0.0,0.0,-1.0,0.0,0.0,5502.0,1.0,20.0,0.0,0.0,0.0,5.0,999.0,0.0,0.0,2.0
26.0,3.0,0.0,0.0,0.0,0.0,1.0,1.0,0.0,0.0,0.0,0.0,6.0,0.0,0.0,5501.0,1.0,20.0,0.0,0.0,0.0,5.0,999.0,0.0,0.0,2.0
38.0,7.0,0.0,0.0,0.0,0.0,0.0,0.0,0.0,0.0,0.0,0.0,-1.0,0.0,0.0,2904.0,1.0,20.0,0.0,0.0,0.0,5.0,999.0,0.0,0.0,2.0
26.0,3.0,0.0,0.0,0.0,0.0,1.0,0.0,0.0,0.0,0.0,0.0,-1.0,0.0,0.0,5502.0,1.0,20.0,0.0,0.0,0.0,5.0,999.0,0.0,0.0,2.0
26.0,3.0,0.0,0.0,0.0,0.0,1.0,1.0,0.0,0.0,0.0,0.0,6.0,0.0,0.0,5501.0,1.0,20.0,0.0,0.0,0.0,5.0,999.0,0.0,0.0,2.0
38.0,7.0,0.0,0.0,0.0,0.0,0.0,0.0,0.0,1.0,0.0,0.0,-1.0,0.0,0.0,2904.0,1.0,14.0,0.0,0.0,0.0,5.0,999.0,0.0,0.0,2.0
38.0,7.0,0.0,0.0,0.0,0.0,0.0,0.0,0.0,1.0,0.0,0.0,-1.0,0.0,0.0,2904.0,1.0,15.0,0.0,0.0,0.0,5.0,999.0,0.0,0.0,2.0
36.0,7.0,0.0,0.0,0.0,0.0,0.0,0.0,0.0,1.0,0.0,0.0,-1.0,0.0,0.0,2902.0,1.0,16.0,0.0,0.0,0.0,5.0,999.0,0.0,0.0,2.0
38.0,7.0,0.0,0.0,0.0,0.0,0.0,0.0,0.0,0.0,0.0,0.0,-1.0,0.0,0.0,2904.0,1.0,17.0,0.0,0.0,0.0,6.0,999.0,0.0,0.0,2.0
36.0,7.0,0.0,0.0,0.0,0.0,0.0,0.0,0.0,0.0,0.0,0.0,-1.0,0.0,0.0,2902.0,1.0,19.0,0.0,0.0,0.0,6.0,999.0,0.0,0.0,2.0
26.0,3.0,0.0,0.0,0.0,0.0,1.0,0.0,0.0,0.0,0.0,0.0,-1.0,0.0,0.0,5502.0,1.0,20.0,0.0,0.0,0.0,6.0,999.0,0.0,0.0,2.0
26.0,3.0,0.0,0.0,0.0,0.0,1.0,1.0,0.0,0.0,0.0,0.0,6.0,0.0,0.0,5501.0,1.0,0.0,0.0,0.0,0.0,6.0,999.0,0.0,0.0,2.0
0.0,4.0,0.0,0.0,0.0,0.0,0.0,0.0,0.0,0.0,0.0,0.0,-1.0,0.0,0.0,11.0,1.0,20.0,0.0,0.0,0.0,1.0,999.0,0.0,0.0,2.0
20.0,3.0,0.0,0.0,0.0,0.0,1.0,0.0,0.0,0.0,0.0,0.0,6.0,0.0,0.0,506.0,1.0,14.0,0.0,0.0,0.0,1.0,999.0,0.0,0.0,2.0
20.0,3.0,0.0,0.0,0.0,0.0,0.0,0.0,0.0,0.0,0.0,0.0,-1.0,0.0,0.0,503.0,1.0,0.0,0.0,0.0,0.0,2.0,999.0,0.0,0.0,2.0
26.0,3.0,0.0,0.0,0.0,0.0,1.0,1.0,0.0,0.0,0.0,0.0,6.0,0.0,0.0,5501.0,1.0,1.0,0.0,0.0,0.0,3.0,999.0,0.0,0.0,2.0
26.0,3.0,0.0,0.0,0.0,0.0,0.0,0.0,0.0,0.0,0.0,0.0,-1.0,0.0,0.0,5502.0,1.0,2.0,0.0,0.0,0.0,4.0,999.0,0.0,0.0,2.0
41.0,5.0,0.0,0.0,0.0,0.0,0.0,0.0,0.0,0.0,0.0,0.0,-1.0,0.0,0.0,40704.0,1.0,3.0,0.0,0.0,0.0,5.0,999.0,0.0,0.0,2.0
26.0,3.0,0.0,0.0,0.0,0.0,1.0,1.0,0.0,0.0,0.0,0.0,6.0,0.0,0.0,5501.0,1.0,14.0,0.0,0.0,0.0,6.0,999.0,0.0,0.0,2.0
20.0,3.0,0.0,0.0,0.0,0.0,1.0,0.0,0.0,0.0,0.0,0.0,6.0,0.0,0.0,506.0,1.0,20.0,0.0,0.0,0.0,2.0,999.0,0.0,0.0,2.0
27.0,7.0,0.0,0.0,0.0,0.0,0.0,0.0,0.0,0.0,0.0,0.0,13.0,0.0,0.0,550.0,1.0,13.0,0.0,0.0,0.0,3.0,999.0,0.0,0.0,2.0
20.0,3.0,0.0,0.0,0.0,0.0,1.0,0.0,0.0,0.0,0.0,0.0,6.0,0.0,0.0,506.0,1.0,14.0,0.0,0.0,0.0,3.0,999.0,0.0,0.0,2.0
20.0,3.0,0.0,0.0,0.0,0.0,0.0,0.0,0.0,0.0,0.0,0.0,-1.0,0.0,0.0,503.0,1.0,0.0,0.0,0.0,0.0,3.0,999.0,0.0,0.0,2.0
41.0,5.0,0.0,0.0,0.0,0.0,0.0,0.0,0.0,0.0,0.0,0.0,-1.0,0.0,0.0,40704.0,1.0,1.0,0.0,0.0,0.0,4.0,999.0,0.0,0.0,2.0
23.0,3.0,0.0,0.0,0.0,0.0,0.0,0.0,0.0,0.0,0.0,0.0,-1.0,0.0,0.0,81102.0,1.0,2.0,0.0,0.0,0.0,5.0,999.0,0.0,0.0,2.0
23.0,3.0,0.0,0.0,0.0,0.0,0.0,0.0,0.0,0.0,0.0,0.0,-1.0,0.0,0.0,81102.0,1.0,3.0,0.0,0.0,0.0,6.0,999.0,0.0,0.0,2.0
26.0,3.0,0.0,0.0,0.0,0.0,1.0,1.0,0.0,0.0,0.0,0.0,6.0,0.0,0.0,5501.0,1.0,4.0,0.0,0.0,0.0,6.0,999.0,0.0,0.0,2.0
26.0,3.0,0.0,0.0,0.0,0.0,0.0,0.0,0.0,0.0,0.0,0.0,-1.0,0.0,0.0,5502.0,1.0,5.0,0.0,0.0,0.0,7.0,999.0,0.0,0.0,2.0
26.0,3.0,0.0,0.0,0.0,0.0,1.0,1.0,0.0,0.0,0.0,0.0,6.0,0.0,0.0,5501.0,1.0,19.0,0.0,0.0,0.0,3.0,999.0,0.0,0.0,2.0
26.0,3.0,0.0,0.0,0.0,0.0,1.0,1.0,0.0,0.0,0.0,0.0,6.0,0.0,0.0,5501.0,1.0,20.0,0.0,0.0,0.0,2.0,999.0,0.0,0.0,2.0
26.0,3.0,0.0,0.0,0.0,0.0,1.0,0.0,0.0,0.0,0.0,0.0,-1.0,0.0,0.0,5502.0,1.0,20.0,0.0,0.0,0.0,3.0,999.0,0.0,0.0,2.0
26.0,3.0,0.0,0.0,0.0,0.0,1.0,0.0,0.0,0.0,0.0,0.0,-1.0,0.0,0.0,5502.0,1.0,20.0,0.0,0.0,0.0,4.0,999.0,0.0,0.0,2.0
26.0,3.0,0.0,0.0,0.0,0.0,1.0,1.0,0.0,0.0,0.0,0.0,6.0,0.0,0.0,5501.0,1.0,13.0,0.0,0.0,0.0,2.0,999.0,0.0,0.0,2.0
26.0,3.0,0.0,0.0,0.0,0.0,1.0,0.0,0.0,0.0,0.0,0.0,-1.0,0.0,0.0,5502.0,1.0,12.0,0.0,0.0,0.0,3.0,999.0,0.0,0.0,2.0
26.0,3.0,0.0,0.0,0.0,0.0,1.0,1.0,0.0,0.0,0.0,0.0,6.0,0.0,0.0,5501.0,1.0,16.0,0.0,0.0,0.0,4.0,999.0,0.0,0.0,2.0
26.0,3.0,0.0,0.0,0.0,0.0,1.0,0.0,0.0,0.0,0.0,0.0,-1.0,0.0,0.0,5502.0,1.0,20.0,0.0,0.0,0.0,4.0,999.0,0.0,0.0,2.0
26.0,3.0,0.0,0.0,0.0,0.0,1.0,0.0,0.0,0.0,0.0,0.0,-1.0,0.0,0.0,5502.0,1.0,20.0,0.0,0.0,0.0,4.0,999.0,0.0,0.0,2.0
26.0,3.0,0.0,0.0,0.0,0.0,1.0,1.0,0.0,0.0,0.0,0.0,6.0,0.0,0.0,5501.0,1.0,20.0,0.0,0.0,0.0,4.0,999.0,0.0,0.0,2.0
38.0,7.0,0.0,0.0,0.0,0.0,0.0,0.0,0.0,0.0,0.0,0.0,-1.0,0.0,0.0,2904.0,1.0,20.0,0.0,0.0,0.0,4.0,999.0,0.0,0.0,2.0
36.0,7.0,0.0,0.0,0.0,0.0,0.0,0.0,0.0,0.0,0.0,0.0,-1.0,0.0,0.0,2902.0,1.0,20.0,0.0,0.0,0.0,5.0,999.0,0.0,0.0,2.0
26.0,3.0,0.0,0.0,0.0,0.0,1.0,0.0,0.0,0.0,0.0,0.0,-1.0,0.0,0.0,5502.0,1.0,20.0,0.0,0.0,0.0,6.0,999.0,0.0,0.0,2.0
26.0,3.0,0.0,0.0,0.0,0.0,1.0,0.0,0.0,0.0,0.0,0.0,-1.0,0.0,0.0,5502.0,1.0,20.0,0.0,0.0,0.0,6.0,999.0,0.0,0.0,2.0
26.0,3.0,0.0,0.0,0.0,0.0,1.0,1.0,0.0,0.0,0.0,0.0,6.0,0.0,0.0,5501.0,1.0,20.0,0.0,0.0,0.0,6.0,999.0,0.0,0.0,2.0
38.0,7.0,0.0,0.0,0.0,0.0,0.0,0.0,0.0,1.0,0.0,0.0,-1.0,0.0,0.0,2904.0,1.0,20.0,0.0,0.0,0.0,4.0,999.0,0.0,0.0,2.0
38.0,7.0,0.0,0.0,0.0,0.0,0.0,0.0,0.0,1.0,0.0,0.0,-1.0,0.0,0.0,2904.0,1.0,20.0,0.0,0.0,0.0,4.0,999.0,0.0,0.0,2.0
36.0,7.0,0.0,0.0,0.0,0.0,0.0,0.0,0.0,1.0,0.0,0.0,-1.0,0.0,0.0,2902.0,1.0,20.0,0.0,0.0,0.0,3.0,999.0,0.0,0.0,2.0
38.0,7.0,0.0,0.0,0.0,0.0,0.0,0.0,0.0,0.0,0.0,0.0,-1.0,0.0,0.0,2904.0,1.0,20.0,0.0,0.0,0.0,3.0,999.0,0.0,0.0,2.0
36.0,7.0,0.0,0.0,0.0,0.0,0.0,0.0,0.0,0.0,0.0,0.0,-1.0,0.0,0.0,2902.0,1.0,20.0,0.0,0.0,0.0,3.0,999.0,0.0,0.0,2.0
26.0,3.0,0.0,0.0,0.0,0.0,1.0,0.0,0.0,0.0,0.0,0.0,-1.0,0.0,0.0,5502.0,1.0,20.0,0.0,0.0,0.0,3.0,999.0,0.0,0.0,2.0
26.0,3.0,0.0,0.0,0.0,0.0,1.0,1.0,0.0,0.0,0.0,0.0,6.0,0.0,0.0,5501.0,1.0,20.0,0.0,0.0,0.0,1.0,999.0,0.0,0.0,2.0
26.0,3.0,0.0,0.0,0.0,0.0,1.0,1.0,0.0,0.0,0.0,0.0,6.0,0.0,0.0,5501.0,1.0,20.0,0.0,0.0,0.0,1.0,999.0,0.0,0.0,2.0
26.0,3.0,0.0,0.0,0.0,0.0,1.0,0.0,0.0,0.0,0.0,0.0,-1.0,0.0,0.0,5502.0,1.0,20.0,0.0,0.0,0.0,1.0,999.0,0.0,0.0,2.0
26.0,3.0,0.0,0.0,0.0,0.0,1.0,1.0,0.0,0.0,0.0,0.0,6.0,0.0,0.0,5501.0,1.0,20.0,0.0,0.0,0.0,2.0,999.0,0.0,0.0,2.0
47.0,3.0,0.0,0.0,0.0,0.0,0.0,0.0,0.0,0.0,0.0,0.0,-1.0,0.0,0.0,2901.0,1.0,20.0,0.0,0.0,0.0,3.0,999.0,0.0,0.0,2.0
47.0,3.0,0.0,0.0,0.0,0.0,0.0,0.0,0.0,0.0,0.0,0.0,-1.0,0.0,0.0,2901.0,1.0,20.0,0.0,0.0,0.0,4.0,999.0,0.0,0.0,2.0
47.0,3.0,0.0,0.0,0.0,0.0,0.0,0.0,0.0,0.0,0.0,0.0,-1.0,0.0,0.0,2901.0,1.0,20.0,0.0,0.0,0.0,4.0,999.0,0.0,0.0,2.0
47.0,3.0,0.0,0.0,0.0,0.0,0.0,0.0,0.0,0.0,0.0,0.0,-1.0,0.0,0.0,2901.0,1.0,20.0,0.0,0.0,0.0,4.0,999.0,0.0,0.0,2.0
47.0,3.0,0.0,0.0,0.0,0.0,0.0,0.0,0.0,0.0,0.0,0.0,-1.0,0.0,0.0,2901.0,1.0,20.0,0.0,0.0,0.0,4.0,999.0,0.0,0.0,2.0
47.0,3.0,0.0,0.0,0.0,0.0,0.0,0.0,0.0,0.0,0.0,0.0,-1.0,0.0,0.0,2901.0,1.0,20.0,0.0,0.0,0.0,4.0,999.0,0.0,0.0,2.0
47.0,3.0,0.0,0.0,0.0,0.0,0.0,0.0,0.0,0.0,0.0,0.0,-1.0,0.0,0.0,2901.0,1.0,20.0,0.0,0.0,0.0,4.0,999.0,0.0,0.0,2.0
47.0,3.0,0.0,0.0,0.0,0.0,0.0,0.0,0.0,0.0,0.0,0.0,-1.0,0.0,0.0,2901.0,1.0,20.0,0.0,0.0,0.0,4.0,999.0,0.0,0.0,2.0
47.0,3.0,0.0,0.0,0.0,0.0,0.0,0.0,0.0,0.0,0.0,0.0,-1.0,0.0,0.0,2901.0,1.0,20.0,0.0,0.0,0.0,4.0,999.0,0.0,0.0,2.0
47.0,3.0,0.0,0.0,0.0,0.0,0.0,0.0,0.0,0.0,0.0,0.0,-1.0,0.0,0.0,2901.0,1.0,20.0,0.0,0.0,0.0,4.0,999.0,0.0,0.0,2.0
47.0,3.0,0.0,0.0,0.0,0.0,0.0,0.0,0.0,0.0,0.0,0.0,-1.0,0.0,0.0,2901.0,1.0,20.0,0.0,0.0,0.0,4.0,999.0,0.0,0.0,2.0
47.0,3.0,0.0,0.0,0.0,0.0,0.0,0.0,0.0,0.0,0.0,0.0,-1.0,0.0,0.0,2901.0,1.0,20.0,0.0,0.0,0.0,3.0,999.0,0.0,0.0,2.0
47.0,3.0,0.0,0.0,0.0,0.0,0.0,0.0,0.0,0.0,0.0,0.0,-1.0,0.0,0.0,2901.0,1.0,20.0,0.0,0.0,0.0,2.0,999.0,0.0,0.0,2.0
47.0,3.0,0.0,0.0,0.0,0.0,0.0,0.0,0.0,0.0,0.0,0.0,-1.0,0.0,0.0,2901.0,1.0,20.0,0.0,0.0,0.0,2.0,999.0,0.0,0.0,2.0
47.0,3.0,0.0,0.0,0.0,0.0,0.0,0.0,0.0,0.0,0.0,0.0,-1.0,0.0,0.0,2901.0,1.0,20.0,0.0,0.0,0.0,2.0,999.0,0.0,0.0,2.0
47.0,3.0,0.0,0.0,0.0,0.0,0.0,0.0,0.0,0.0,0.0,0.0,-1.0,0.0,0.0,2901.0,1.0,20.0,0.0,0.0,0.0,2.0,999.0,0.0,0.0,2.0
47.0,3.0,0.0,0.0,0.0,0.0,0.0,0.0,0.0,0.0,0.0,0.0,-1.0,0.0,0.0,2901.0,1.0,20.0,0.0,0.0,0.0,2.0,999.0,0.0,0.0,2.0
47.0,3.0,0.0,0.0,0.0,0.0,0.0,0.0,1.0,0.0,0.0,0.0,-1.0,0.0,0.0,2901.0,1.0,20.0,0.0,0.0,0.0,2.0,999.0,0.0,0.0,2.0
47.0,3.0,0.0,0.0,0.0,0.0,0.0,0.0,1.0,0.0,0.0,0.0,-1.0,0.0,0.0,2901.0,1.0,20.0,0.0,0.0,0.0,2.0,999.0,0.0,0.0,2.0
47.0,3.0,0.0,0.0,0.0,0.0,0.0,0.0,0.0,0.0,0.0,0.0,-1.0,0.0,0.0,2901.0,1.0,20.0,0.0,0.0,0.0,2.0,999.0,0.0,0.0,2.0
47.0,3.0,0.0,0.0,0.0,0.0,0.0,0.0,0.0,0.0,0.0,0.0,-1.0,0.0,0.0,2901.0,1.0,20.0,0.0,0.0,0.0,2.0,999.0,0.0,0.0,2.0
47.0,3.0,0.0,0.0,0.0,0.0,0.0,0.0,0.0,0.0,0.0,0.0,-1.0,0.0,0.0,2901.0,1.0,20.0,0.0,0.0,0.0,2.0,999.0,0.0,0.0,2.0
47.0,3.0,0.0,0.0,0.0,0.0,0.0,0.0,0.0,0.0,0.0,0.0,-1.0,0.0,0.0,2901.0,1.0,20.0,0.0,0.0,0.0,2.0,999.0,0.0,0.0,2.0
47.0,3.0,0.0,0.0,0.0,0.0,0.0,0.0,0.0,0.0,0.0,0.0,-1.0,0.0,0.0,2901.0,1.0,20.0,0.0,0.0,0.0,2.0,999.0,0.0,0.0,2.0
47.0,3.0,0.0,0.0,0.0,0.0,0.0,0.0,0.0,0.0,0.0,0.0,-1.0,0.0,0.0,2901.0,1.0,20.0,0.0,0.0,0.0,2.0,999.0,0.0,0.0,2.0
47.0,3.0,0.0,0.0,0.0,0.0,0.0,0.0,0.0,0.0,0.0,0.0,-1.0,0.0,0.0,2901.0,1.0,20.0,0.0,0.0,0.0,2.0,999.0,0.0,0.0,2.0
38.0,7.0,0.0,0.0,0.0,0.0,0.0,0.0,1.0,0.0,0.0,0.0,-1.0,0.0,0.0,2904.0,1.0,20.0,0.0,0.0,0.0,2.0,999.0,0.0,0.0,2.0
36.0,7.0,0.0,0.0,0.0,0.0,0.0,0.0,1.0,0.0,0.0,0.0,-1.0,0.0,0.0,2902.0,1.0,20.0,0.0,0.0,0.0,2.0,999.0,0.0,0.0,2.0
38.0,7.0,0.0,0.0,0.0,0.0,0.0,0.0,1.0,0.0,0.0,0.0,-1.0,0.0,0.0,2904.0,1.0,20.0,0.0,0.0,0.0,4.0,999.0,0.0,0.0,2.0
36.0,7.0,0.0,0.0,0.0,0.0,0.0,0.0,1.0,0.0,0.0,0.0,-1.0,0.0,0.0,2902.0,1.0,20.0,0.0,0.0,0.0,4.0,999.0,0.0,0.0,2.0
38.0,7.0,0.0,0.0,0.0,0.0,0.0,0.0,0.0,0.0,0.0,0.0,-1.0,0.0,0.0,2904.0,1.0,20.0,0.0,0.0,0.0,4.0,999.0,0.0,0.0,2.0
36.0,7.0,0.0,0.0,0.0,0.0,0.0,0.0,0.0,0.0,0.0,0.0,-1.0,0.0,0.0,2902.0,1.0,20.0,0.0,0.0,0.0,4.0,999.0,0.0,0.0,2.0
36.0,7.0,0.0,0.0,0.0,0.0,0.0,0.0,0.0,0.0,0.0,0.0,-1.0,0.0,0.0,2902.0,1.0,20.0,0.0,0.0,0.0,4.0,999.0,0.0,0.0,2.0
38.0,7.0,0.0,0.0,0.0,0.0,0.0,0.0,0.0,0.0,0.0,0.0,-1.0,0.0,0.0,2904.0,1.0,20.0,0.0,0.0,0.0,4.0,999.0,0.0,0.0,2.0
36.0,7.0,0.0,0.0,0.0,0.0,0.0,0.0,0.0,0.0,0.0,0.0,-1.0,0.0,0.0,2902.0,1.0,20.0,0.0,0.0,0.0,4.0,999.0,0.0,0.0,2.0
38.0,7.0,0.0,0.0,0.0,0.0,0.0,0.0,0.0,0.0,0.0,0.0,-1.0,0.0,0.0,2904.0,1.0,20.0,0.0,0.0,0.0,4.0,999.0,0.0,0.0,2.0
36.0,7.0,0.0,0.0,0.0,0.0,0.0,0.0,0.0,0.0,0.0,0.0,-1.0,0.0,0.0,2902.0,1.0,20.0,0.0,0.0,0.0,4.0,999.0,0.0,0.0,2.0
38.0,7.0,0.0,0.0,0.0,0.0,0.0,0.0,0.0,0.0,0.0,0.0,-1.0,0.0,0.0,2904.0,1.0,20.0,0.0,0.0,0.0,4.0,999.0,0.0,0.0,2.0
36.0,7.0,0.0,0.0,0.0,0.0,0.0,0.0,0.0,0.0,0.0,0.0,-1.0,0.0,0.0,2902.0,1.0,20.0,0.0,0.0,0.0,4.0,999.0,0.0,0.0,2.0
36.0,7.0,0.0,0.0,0.0,0.0,0.0,0.0,0.0,0.0,0.0,0.0,-1.0,0.0,0.0,2902.0,1.0,20.0,0.0,0.0,0.0,4.0,999.0,0.0,0.0,2.0
38.0,7.0,0.0,0.0,0.0,0.0,0.0,0.0,0.0,0.0,0.0,0.0,-1.0,0.0,0.0,2904.0,1.0,20.0,0.0,0.0,0.0,4.0,999.0,0.0,0.0,2.0
38.0,7.0,0.0,0.0,0.0,0.0,0.0,0.0,0.0,0.0,0.0,0.0,-1.0,0.0,0.0,2904.0,1.0,20.0,0.0,0.0,0.0,4.0,999.0,0.0,0.0,2.0
36.0,7.0,0.0,0.0,0.0,0.0,0.0,0.0,0.0,0.0,0.0,0.0,-1.0,0.0,0.0,2902.0,1.0,20.0,0.0,0.0,0.0,4.0,999.0,0.0,0.0,2.0
38.0,7.0,0.0,0.0,0.0,0.0,0.0,0.0,0.0,0.0,0.0,0.0,-1.0,0.0,0.0,2904.0,1.0,20.0,0.0,0.0,0.0,4.0,999.0,0.0,0.0,2.0
36.0,7.0,0.0,0.0,0.0,0.0,0.0,0.0,0.0,0.0,0.0,0.0,-1.0,0.0,0.0,2902.0,1.0,20.0,0.0,0.0,0.0,4.0,999.0,0.0,0.0,2.0
38.0,7.0,0.0,0.0,0.0,0.0,0.0,0.0,0.0,0.0,0.0,0.0,-1.0,0.0,0.0,2904.0,1.0,20.0,0.0,0.0,0.0,3.0,999.0,0.0,0.0,2.0
36.0,7.0,0.0,0.0,0.0,0.0,0.0,0.0,0.0,0.0,0.0,0.0,-1.0,0.0,0.0,2902.0,1.0,20.0,0.0,0.0,0.0,3.0,999.0,0.0,0.0,2.0
38.0,7.0,0.0,0.0,0.0,0.0,0.0,0.0,0.0,0.0,0.0,0.0,-1.0,0.0,0.0,2904.0,1.0,20.0,0.0,0.0,0.0,3.0,999.0,0.0,0.0,2.0
36.0,7.0,0.0,0.0,0.0,0.0,0.0,0.0,0.0,0.0,0.0,0.0,-1.0,0.0,0.0,2902.0,1.0,20.0,0.0,0.0,0.0,2.0,999.0,0.0,0.0,2.0
38.0,7.0,0.0,0.0,0.0,0.0,0.0,0.0,0.0,0.0,0.0,0.0,-1.0,0.0,0.0,2904.0,1.0,20.0,0.0,0.0,0.0,2.0,999.0,0.0,0.0,2.0
36.0,7.0,0.0,0.0,0.0,0.0,0.0,0.0,0.0,0.0,0.0,0.0,-1.0,0.0,0.0,2902.0,1.0,20.0,0.0,0.0,0.0,2.0,999.0,0.0,0.0,2.0
38.0,7.0,0.0,0.0,0.0,0.0,0.0,0.0,0.0,0.0,0.0,0.0,-1.0,0.0,0.0,2904.0,1.0,20.0,0.0,0.0,0.0,2.0,999.0,0.0,0.0,2.0
36.0,7.0,0.0,0.0,0.0,0.0,0.0,0.0,0.0,0.0,0.0,0.0,-1.0,0.0,0.0,2902.0,1.0,20.0,0.0,0.0,0.0,2.0,999.0,0.0,0.0,2.0
38.0,7.0,0.0,0.0,0.0,0.0,0.0,0.0,0.0,0.0,0.0,0.0,-1.0,0.0,0.0,2904.0,1.0,20.0,0.0,0.0,0.0,2.0,999.0,0.0,0.0,2.0
36.0,7.0,0.0,0.0,0.0,0.0,0.0,0.0,0.0,0.0,0.0,0.0,-1.0,0.0,0.0,2902.0,1.0,20.0,0.0,0.0,0.0,2.0,999.0,0.0,0.0,2.0
36.0,7.0,0.0,0.0,0.0,0.0,0.0,0.0,0.0,0.0,0.0,0.0,-1.0,0.0,0.0,2902.0,1.0,20.0,0.0,0.0,0.0,2.0,999.0,0.0,0.0,2.0
38.0,7.0,0.0,0.0,0.0,0.0,0.0,0.0,0.0,0.0,0.0,0.0,-1.0,0.0,0.0,2904.0,1.0,20.0,0.0,0.0,0.0,2.0,999.0,0.0,0.0,2.0
36.0,7.0,0.0,0.0,0.0,0.0,0.0,0.0,0.0,0.0,0.0,0.0,-1.0,0.0,0.0,2902.0,1.0,20.0,0.0,0.0,0.0,2.0,999.0,0.0,0.0,2.0
38.0,7.0,0.0,0.0,0.0,0.0,0.0,0.0,0.0,0.0,0.0,0.0,-1.0,0.0,0.0,2904.0,1.0,20.0,0.0,0.0,0.0,2.0,999.0,0.0,0.0,2.0
36.0,7.0,0.0,0.0,0.0,0.0,0.0,0.0,0.0,0.0,0.0,0.0,-1.0,0.0,0.0,2902.0,1.0,20.0,0.0,0.0,0.0,2.0,999.0,0.0,0.0,2.0
38.0,7.0,0.0,0.0,0.0,0.0,0.0,0.0,0.0,0.0,0.0,0.0,-1.0,0.0,0.0,2904.0,1.0,20.0,0.0,0.0,0.0,2.0,999.0,0.0,0.0,2.0
36.0,7.0,0.0,0.0,0.0,0.0,0.0,0.0,0.0,0.0,0.0,0.0,-1.0,0.0,0.0,2902.0,1.0,20.0,0.0,0.0,0.0,2.0,999.0,0.0,0.0,2.0
38.0,7.0,0.0,0.0,0.0,0.0,0.0,0.0,0.0,0.0,0.0,0.0,-1.0,0.0,0.0,2904.0,1.0,20.0,0.0,0.0,0.0,2.0,999.0,0.0,0.0,2.0
36.0,7.0,0.0,0.0,0.0,0.0,0.0,0.0,0.0,0.0,0.0,0.0,-1.0,0.0,0.0,2902.0,1.0,20.0,0.0,0.0,0.0,2.0,999.0,0.0,0.0,2.0
38.0,7.0,0.0,0.0,0.0,0.0,0.0,0.0,0.0,0.0,0.0,0.0,-1.0,0.0,0.0,2904.0,1.0,20.0,0.0,0.0,0.0,2.0,999.0,0.0,0.0,2.0
36.0,7.0,0.0,0.0,0.0,0.0,0.0,0.0,0.0,0.0,0.0,0.0,-1.0,0.0,0.0,2902.0,1.0,20.0,0.0,0.0,0.0,2.0,999.0,0.0,0.0,2.0
38.0,7.0,0.0,0.0,0.0,0.0,0.0,0.0,0.0,0.0,0.0,0.0,-1.0,0.0,0.0,2904.0,1.0,20.0,0.0,0.0,0.0,2.0,999.0,0.0,0.0,2.0
36.0,7.0,0.0,0.0,0.0,0.0,0.0,0.0,0.0,0.0,0.0,0.0,-1.0,0.0,0.0,2902.0,1.0,20.0,0.0,0.0,0.0,2.0,999.0,0.0,0.0,2.0
38.0,7.0,0.0,0.0,0.0,0.0,0.0,0.0,0.0,0.0,0.0,0.0,-1.0,0.0,0.0,2904.0,1.0,20.0,0.0,0.0,0.0,2.0,999.0,0.0,0.0,2.0
36.0,7.0,0.0,0.0,0.0,0.0,0.0,0.0,0.0,0.0,0.0,0.0,-1.0,0.0,0.0,2902.0,1.0,20.0,0.0,0.0,0.0,2.0,999.0,0.0,0.0,2.0
38.0,7.0,0.0,0.0,0.0,0.0,0.0,0.0,0.0,0.0,0.0,0.0,-1.0,0.0,0.0,2904.0,1.0,20.0,0.0,0.0,0.0,2.0,999.0,0.0,0.0,2.0
36.0,7.0,0.0,0.0,0.0,0.0,0.0,0.0,0.0,0.0,0.0,0.0,-1.0,0.0,0.0,2902.0,1.0,20.0,0.0,0.0,0.0,2.0,999.0,0.0,0.0,2.0
38.0,7.0,0.0,0.0,0.0,0.0,0.0,0.0,0.0,0.0,0.0,0.0,-1.0,0.0,0.0,2904.0,1.0,20.0,0.0,0.0,0.0,2.0,999.0,0.0,0.0,2.0
36.0,7.0,0.0,0.0,0.0,0.0,0.0,0.0,0.0,0.0,0.0,0.0,-1.0,0.0,0.0,2902.0,1.0,20.0,0.0,0.0,0.0,2.0,999.0,0.0,0.0,2.0
38.0,7.0,0.0,0.0,0.0,0.0,0.0,0.0,0.0,0.0,0.0,0.0,-1.0,0.0,0.0,2904.0,1.0,20.0,0.0,0.0,0.0,2.0,999.0,0.0,0.0,2.0
36.0,7.0,0.0,0.0,0.0,0.0,0.0,0.0,0.0,0.0,0.0,0.0,-1.0,0.0,0.0,2902.0,1.0,20.0,0.0,0.0,0.0,2.0,999.0,0.0,0.0,2.0
36.0,7.0,0.0,0.0,0.0,0.0,0.0,0.0,0.0,0.0,0.0,0.0,-1.0,0.0,0.0,2902.0,1.0,20.0,0.0,0.0,0.0,2.0,999.0,0.0,0.0,2.0
38.0,7.0,0.0,0.0,0.0,0.0,0.0,0.0,0.0,0.0,0.0,0.0,-1.0,0.0,0.0,2904.0,1.0,20.0,0.0,0.0,0.0,2.0,999.0,0.0,0.0,2.0
36.0,7.0,0.0,0.0,0.0,0.0,0.0,0.0,0.0,0.0,0.0,0.0,-1.0,0.0,0.0,2902.0,1.0,20.0,0.0,0.0,0.0,2.0,999.0,0.0,0.0,2.0
38.0,7.0,0.0,0.0,0.0,0.0,0.0,0.0,0.0,0.0,0.0,0.0,-1.0,0.0,0.0,2904.0,1.0,20.0,0.0,0.0,0.0,2.0,999.0,0.0,0.0,2.0
36.0,7.0,0.0,0.0,0.0,0.0,0.0,0.0,0.0,0.0,0.0,0.0,-1.0,0.0,0.0,2902.0,1.0,20.0,0.0,0.0,0.0,2.0,999.0,0.0,0.0,2.0
26.0,3.0,0.0,0.0,0.0,0.0,1.0,0.0,0.0,0.0,0.0,0.0,-1.0,0.0,0.0,5502.0,1.0,20.0,0.0,0.0,0.0,2.0,999.0,0.0,0.0,2.0
26.0,3.0,0.0,0.0,0.0,0.0,1.0,1.0,0.0,0.0,0.0,0.0,6.0,0.0,0.0,5501.0,1.0,20.0,0.0,0.0,0.0,4.0,999.0,0.0,0.0,2.0
26.0,3.0,0.0,0.0,0.0,0.0,1.0,1.0,0.0,0.0,0.0,0.0,6.0,0.0,0.0,5501.0,1.0,20.0,0.0,0.0,0.0,2.0,999.0,0.0,0.0,2.0
0.0,4.0,0.0,0.0,0.0,0.0,0.0,0.0,0.0,0.0,0.0,0.0,-1.0,0.0,0.0,11.0,1.0,20.0,0.0,0.0,0.0,3.0,999.0,0.0,0.0,2.0
26.0,3.0,0.0,0.0,0.0,0.0,1.0,0.0,0.0,0.0,0.0,0.0,-1.0,0.0,0.0,5502.0,1.0,20.0,0.0,0.0,0.0,4.0,999.0,0.0,0.0,2.0
26.0,3.0,0.0,0.0,0.0,0.0,1.0,1.0,0.0,0.0,0.0,0.0,6.0,0.0,0.0,5501.0,1.0,20.0,0.0,0.0,0.0,3.0,999.0,0.0,0.0,2.0
26.0,3.0,0.0,0.0,0.0,0.0,1.0,0.0,0.0,0.0,0.0,0.0,-1.0,0.0,0.0,5502.0,1.0,20.0,0.0,0.0,0.0,4.0,999.0,0.0,0.0,2.0
26.0,3.0,0.0,0.0,0.0,0.0,1.0,1.0,0.0,0.0,0.0,0.0,6.0,0.0,0.0,5501.0,1.0,20.0,0.0,0.0,0.0,4.0,999.0,0.0,0.0,2.0
26.0,3.0,0.0,0.0,0.0,0.0,1.0,0.0,0.0,0.0,0.0,0.0,-1.0,0.0,0.0,5502.0,1.0,20.0,0.0,0.0,0.0,3.0,999.0,0.0,0.0,2.0
26.0,3.0,0.0,0.0,0.0,0.0,1.0,1.0,0.0,0.0,0.0,0.0,6.0,0.0,0.0,5501.0,1.0,20.0,0.0,0.0,0.0,2.0,999.0,0.0,0.0,2.0
26.0,3.0,0.0,0.0,0.0,0.0,1.0,0.0,0.0,0.0,0.0,0.0,-1.0,0.0,0.0,5502.0,1.0,20.0,0.0,0.0,0.0,3.0,999.0,0.0,0.0,2.0
26.0,3.0,0.0,0.0,0.0,0.0,1.0,1.0,0.0,0.0,0.0,0.0,6.0,0.0,0.0,5501.0,1.0,20.0,0.0,0.0,0.0,4.0,999.0,0.0,0.0,2.0
26.0,3.0,0.0,0.0,0.0,0.0,1.0,0.0,0.0,0.0,0.0,0.0,-1.0,0.0,0.0,5502.0,1.0,20.0,0.0,0.0,0.0,2.0,999.0,0.0,0.0,2.0
26.0,3.0,0.0,0.0,0.0,0.0,1.0,1.0,0.0,0.0,0.0,0.0,6.0,0.0,0.0,5501.0,1.0,1.0,0.0,0.0,0.0,2.0,999.0,0.0,0.0,2.0
26.0,3.0,0.0,0.0,0.0,0.0,1.0,1.0,0.0,0.0,0.0,0.0,6.0,0.0,0.0,5501.0,1.0,1.0,0.0,0.0,0.0,1.0,999.0,0.0,0.0,2.0
26.0,3.0,0.0,0.0,0.0,0.0,1.0,0.0,0.0,0.0,0.0,0.0,-1.0,0.0,0.0,5502.0,1.0,0.0,0.0,0.0,0.0,2.0,999.0,0.0,0.0,2.0
26.0,3.0,0.0,0.0,0.0,0.0,1.0,1.0,0.0,0.0,0.0,0.0,6.0,0.0,0.0,5501.0,1.0,1.0,0.0,0.0,0.0,2.0,999.0,0.0,0.0,2.0
26.0,3.0,0.0,0.0,0.0,0.0,1.0,0.0,0.0,0.0,0.0,0.0,-1.0,0.0,0.0,5502.0,1.0,2.0,0.0,0.0,0.0,3.0,999.0,0.0,0.0,2.0
26.0,3.0,0.0,0.0,0.0,0.0,1.0,1.0,0.0,0.0,0.0,0.0,6.0,0.0,0.0,5501.0,1.0,4.0,0.0,0.0,0.0,3.0,999.0,0.0,0.0,2.0
26.0,3.0,0.0,0.0,0.0,0.0,1.0,0.0,0.0,0.0,0.0,0.0,-1.0,0.0,0.0,5502.0,1.0,5.0,0.0,0.0,0.0,3.0,999.0,0.0,0.0,2.0
26.0,3.0,0.0,0.0,0.0,0.0,1.0,1.0,0.0,0.0,0.0,0.0,6.0,0.0,0.0,5501.0,1.0,8.0,0.0,0.0,0.0,3.0,999.0,0.0,0.0,2.0
26.0,3.0,0.0,0.0,0.0,0.0,1.0,0.0,0.0,0.0,0.0,0.0,-1.0,0.0,0.0,5502.0,1.0,9.0,0.0,0.0,0.0,3.0,999.0,0.0,0.0,2.0
26.0,3.0,0.0,0.0,0.0,0.0,1.0,1.0,0.0,0.0,0.0,0.0,6.0,0.0,0.0,5501.0,1.0,10.0,0.0,0.0,0.0,3.0,999.0,0.0,0.0,2.0
26.0,3.0,0.0,0.0,0.0,0.0,1.0,1.0,0.0,0.0,0.0,0.0,6.0,0.0,0.0,5501.0,1.0,12.0,0.0,0.0,0.0,3.0,999.0,0.0,0.0,2.0
26.0,3.0,0.0,0.0,0.0,0.0,1.0,0.0,0.0,0.0,0.0,0.0,-1.0,0.0,0.0,5502.0,1.0,13.0,0.0,0.0,0.0,3.0,999.0,0.0,0.0,2.0
26.0,3.0,0.0,0.0,0.0,0.0,1.0,1.0,0.0,0.0,0.0,0.0,6.0,0.0,0.0,5501.0,1.0,14.0,0.0,0.0,0.0,3.0,999.0,0.0,0.0,2.0
26.0,3.0,0.0,0.0,0.0,0.0,1.0,0.0,0.0,0.0,0.0,0.0,-1.0,0.0,0.0,5502.0,1.0,15.0,0.0,0.0,0.0,3.0,999.0,0.0,0.0,2.0
26.0,3.0,0.0,0.0,0.0,0.0,1.0,1.0,0.0,0.0,0.0,0.0,6.0,0.0,0.0,5501.0,1.0,18.0,0.0,0.0,0.0,3.0,999.0,0.0,0.0,2.0
26.0,3.0,0.0,0.0,0.0,0.0,1.0,0.0,0.0,0.0,0.0,0.0,-1.0,0.0,0.0,5502.0,1.0,19.0,0.0,0.0,0.0,3.0,999.0,0.0,0.0,2.0
41.0,5.0,0.0,0.0,0.0,0.0,0.0,0.0,0.0,0.0,0.0,0.0,-1.0,0.0,0.0,40704.0,1.0,20.0,0.0,0.0,0.0,3.0,999.0,0.0,0.0,2.0
26.0,3.0,0.0,0.0,0.0,0.0,1.0,1.0,0.0,0.0,0.0,0.0,6.0,0.0,0.0,5501.0,1.0,1.0,0.0,0.0,0.0,4.0,999.0,0.0,0.0,2.0
26.0,3.0,0.0,0.0,0.0,0.0,1.0,0.0,0.0,0.0,0.0,0.0,-1.0,0.0,0.0,5502.0,1.0,2.0,0.0,0.0,0.0,4.0,999.0,0.0,0.0,2.0
26.0,3.0,0.0,0.0,0.0,0.0,1.0,1.0,0.0,0.0,0.0,0.0,6.0,0.0,0.0,5501.0,1.0,3.0,0.0,0.0,0.0,4.0,999.0,0.0,0.0,2.0
26.0,3.0,0.0,0.0,0.0,0.0,1.0,0.0,0.0,0.0,0.0,0.0,-1.0,0.0,0.0,5502.0,1.0,0.0,0.0,0.0,0.0,4.0,999.0,0.0,0.0,2.0
20.0,3.0,0.0,0.0,0.0,0.0,0.0,0.0,0.0,0.0,0.0,0.0,-1.0,0.0,0.0,503.0,1.0,0.0,0.0,0.0,0.0,0.0,999.0,0.0,0.0,2.0
26.0,3.0,0.0,0.0,0.0,0.0,0.0,0.0,0.0,0.0,0.0,0.0,-1.0,0.0,0.0,5501.0,1.0,1.0,0.0,0.0,0.0,1.0,999.0,0.0,0.0,2.0
26.0,3.0,0.0,0.0,0.0,0.0,0.0,0.0,0.0,0.0,0.0,0.0,-1.0,0.0,0.0,5502.0,1.0,2.0,0.0,0.0,0.0,2.0,999.0,0.0,0.0,2.0
23.0,3.0,0.0,0.0,0.0,0.0,0.0,0.0,0.0,0.0,0.0,0.0,-1.0,0.0,0.0,81102.0,1.0,3.0,0.0,0.0,0.0,3.0,999.0,0.0,0.0,2.0
23.0,3.0,0.0,0.0,0.0,0.0,0.0,0.0,0.0,0.0,0.0,0.0,-1.0,0.0,0.0,81102.0,1.0,4.0,0.0,0.0,0.0,4.0,999.0,0.0,0.0,2.0
26.0,3.0,0.0,0.0,0.0,0.0,1.0,0.0,0.0,0.0,0.0,0.0,-1.0,0.0,0.0,5501.0,1.0,3.0,0.0,0.0,0.0,4.0,999.0,0.0,0.0,2.0
26.0,3.0,0.0,0.0,0.0,0.0,1.0,0.0,0.0,0.0,0.0,0.0,-1.0,0.0,0.0,5502.0,1.0,1.0,0.0,0.0,0.0,5.0,999.0,0.0,0.0,2.0
26.0,3.0,0.0,0.0,0.0,0.0,1.0,0.0,0.0,0.0,0.0,0.0,-1.0,0.0,0.0,5501.0,1.0,2.0,0.0,0.0,0.0,5.0,999.0,0.0,0.0,2.0
25.0,3.0,0.0,0.0,0.0,0.0,0.0,0.0,0.0,0.0,0.0,0.0,-1.0,0.0,0.0,504.0,1.0,0.0,0.0,0.0,0.0,0.0,999.0,0.0,0.0,2.0
20.0,3.0,0.0,0.0,0.0,0.0,0.0,0.0,0.0,0.0,0.0,0.0,-1.0,0.0,0.0,503.0,1.0,0.0,0.0,0.0,0.0,0.0,999.0,0.0,0.0,2.0
26.0,3.0,0.0,0.0,0.0,0.0,1.0,1.0,0.0,0.0,0.0,0.0,6.0,0.0,0.0,5501.0,1.0,1.0,0.0,0.0,0.0,1.0,999.0,0.0,0.0,2.0
26.0,3.0,0.0,0.0,0.0,0.0,0.0,0.0,0.0,0.0,0.0,0.0,-1.0,0.0,0.0,5502.0,1.0,2.0,0.0,0.0,0.0,2.0,999.0,0.0,0.0,2.0
41.0,5.0,0.0,0.0,0.0,0.0,0.0,0.0,0.0,0.0,0.0,0.0,-1.0,0.0,0.0,40704.0,1.0,3.0,0.0,0.0,0.0,3.0,999.0,0.0,0.0,2.0
26.0,3.0,0.0,0.0,0.0,0.0,1.0,1.0,0.0,0.0,0.0,0.0,6.0,0.0,0.0,5501.0,1.0,4.0,0.0,0.0,0.0,4.0,999.0,0.0,0.0,2.0
23.0,3.0,0.0,0.0,0.0,0.0,0.0,0.0,0.0,0.0,0.0,0.0,-1.0,0.0,0.0,81102.0,1.0,5.0,0.0,0.0,0.0,4.0,999.0,0.0,0.0,2.0
23.0,3.0,0.0,0.0,0.0,0.0,0.0,0.0,0.0,0.0,0.0,0.0,-1.0,0.0,0.0,81102.0,1.0,6.0,0.0,0.0,0.0,5.0,999.0,0.0,0.0,2.0
26.0,3.0,0.0,0.0,0.0,0.0,1.0,1.0,0.0,0.0,0.0,0.0,6.0,0.0,0.0,5501.0,1.0,1.0,0.0,0.0,0.0,1.0,999.0,0.0,0.0,2.0
26.0,3.0,0.0,0.0,0.0,0.0,1.0,0.0,0.0,0.0,0.0,0.0,-1.0,0.0,0.0,5502.0,1.0,2.0,0.0,0.0,0.0,2.0,999.0,0.0,0.0,2.0
26.0,3.0,0.0,0.0,0.0,0.0,1.0,1.0,0.0,0.0,0.0,0.0,6.0,0.0,0.0,5501.0,1.0,4.0,0.0,0.0,0.0,3.0,999.0,0.0,0.0,2.0
26.0,3.0,0.0,0.0,0.0,0.0,1.0,0.0,0.0,0.0,0.0,0.0,-1.0,0.0,0.0,5502.0,1.0,5.0,0.0,0.0,0.0,3.0,999.0,0.0,0.0,2.0
26.0,3.0,0.0,0.0,0.0,0.0,1.0,1.0,0.0,0.0,0.0,0.0,6.0,0.0,0.0,5501.0,1.0,7.0,0.0,0.0,0.0,3.0,999.0,0.0,0.0,2.0
26.0,3.0,0.0,0.0,0.0,0.0,1.0,0.0,0.0,0.0,0.0,0.0,-1.0,0.0,0.0,5502.0,1.0,8.0,0.0,0.0,0.0,3.0,999.0,0.0,0.0,2.0
26.0,3.0,0.0,0.0,0.0,0.0,1.0,0.0,0.0,0.0,0.0,0.0,-1.0,0.0,0.0,5502.0,1.0,10.0,0.0,0.0,0.0,3.0,999.0,0.0,0.0,2.0
26.0,3.0,0.0,0.0,0.0,0.0,1.0,1.0,0.0,0.0,0.0,0.0,6.0,0.0,0.0,5501.0,1.0,12.0,0.0,0.0,0.0,3.0,999.0,0.0,0.0,2.0
26.0,3.0,0.0,0.0,0.0,0.0,1.0,0.0,0.0,0.0,0.0,0.0,-1.0,0.0,0.0,5502.0,1.0,13.0,0.0,0.0,0.0,3.0,999.0,0.0,0.0,2.0
26.0,3.0,0.0,0.0,0.0,0.0,1.0,1.0,0.0,0.0,0.0,0.0,6.0,0.0,0.0,5501.0,1.0,15.0,0.0,0.0,0.0,3.0,999.0,0.0,0.0,2.0
26.0,3.0,0.0,0.0,0.0,0.0,1.0,0.0,0.0,0.0,0.0,0.0,-1.0,0.0,0.0,5502.0,1.0,16.0,0.0,0.0,0.0,3.0,999.0,0.0,0.0,2.0
26.0,3.0,0.0,0.0,0.0,0.0,1.0,1.0,0.0,0.0,0.0,0.0,6.0,0.0,0.0,5501.0,1.0,1.0,0.0,0.0,0.0,3.0,999.0,0.0,0.0,2.0
26.0,3.0,0.0,0.0,0.0,0.0,1.0,0.0,0.0,0.0,0.0,0.0,-1.0,0.0,0.0,5502.0,1.0,2.0,0.0,0.0,0.0,3.0,999.0,0.0,0.0,2.0
26.0,3.0,0.0,0.0,0.0,0.0,1.0,1.0,0.0,0.0,0.0,0.0,6.0,0.0,0.0,5501.0,1.0,4.0,0.0,0.0,0.0,3.0,999.0,0.0,0.0,2.0
26.0,3.0,0.0,0.0,0.0,0.0,1.0,0.0,0.0,0.0,0.0,0.0,-1.0,0.0,0.0,5502.0,1.0,5.0,0.0,0.0,0.0,3.0,999.0,0.0,0.0,2.0
26.0,3.0,0.0,0.0,0.0,0.0,1.0,1.0,0.0,0.0,0.0,0.0,6.0,0.0,0.0,5501.0,1.0,6.0,0.0,0.0,0.0,3.0,999.0,0.0,0.0,2.0
26.0,3.0,0.0,0.0,0.0,0.0,1.0,0.0,0.0,0.0,0.0,0.0,-1.0,0.0,0.0,5502.0,1.0,7.0,0.0,0.0,0.0,3.0,999.0,0.0,0.0,2.0
26.0,3.0,0.0,0.0,0.0,0.0,1.0,0.0,0.0,0.0,0.0,0.0,-1.0,0.0,0.0,5502.0,1.0,10.0,0.0,0.0,0.0,3.0,999.0,0.0,0.0,2.0
26.0,5.0,0.0,0.0,0.0,0.0,0.0,0.0,0.0,0.0,0.0,0.0,-1.0,0.0,1.0,31101.0,1.0,11.0,0.0,0.0,0.0,3.0,999.0,0.0,0.0,2.0
26.0,5.0,0.0,0.0,0.0,0.0,0.0,0.0,0.0,0.0,0.0,0.0,-1.0,0.0,1.0,31101.0,1.0,12.0,0.0,1.0,0.0,4.0,999.0,0.0,0.0,2.0
26.0,5.0,0.0,0.0,0.0,0.0,0.0,0.0,0.0,0.0,0.0,0.0,-1.0,0.0,1.0,31101.0,1.0,13.0,0.0,1.0,0.0,4.0,999.0,0.0,0.0,2.0
26.0,5.0,0.0,0.0,0.0,0.0,0.0,0.0,0.0,0.0,0.0,0.0,-1.0,0.0,1.0,31101.0,1.0,14.0,0.0,1.0,0.0,4.0,999.0,0.0,0.0,2.0
26.0,5.0,0.0,0.0,0.0,0.0,0.0,0.0,0.0,0.0,0.0,0.0,-1.0,0.0,1.0,31101.0,1.0,15.0,0.0,1.0,0.0,4.0,999.0,0.0,0.0,2.0
26.0,5.0,0.0,0.0,0.0,0.0,0.0,0.0,0.0,0.0,0.0,0.0,-1.0,0.0,1.0,31101.0,1.0,16.0,0.0,1.0,0.0,4.0,999.0,0.0,0.0,2.0
26.0,5.0,0.0,0.0,0.0,0.0,0.0,0.0,0.0,0.0,0.0,0.0,-1.0,0.0,1.0,31101.0,1.0,17.0,0.0,1.0,0.0,4.0,999.0,0.0,0.0,2.0
26.0,5.0,0.0,0.0,0.0,0.0,0.0,0.0,0.0,0.0,0.0,0.0,-1.0,0.0,1.0,31101.0,1.0,18.0,0.0,1.0,0.0,4.0,999.0,0.0,0.0,2.0
26.0,5.0,0.0,0.0,0.0,0.0,0.0,0.0,0.0,0.0,0.0,0.0,-1.0,0.0,1.0,31101.0,1.0,19.0,0.0,1.0,0.0,4.0,999.0,0.0,0.0,2.0
26.0,5.0,0.0,0.0,0.0,0.0,0.0,0.0,0.0,0.0,0.0,0.0,-1.0,0.0,1.0,31101.0,1.0,20.0,0.0,1.0,0.0,4.0,999.0,0.0,0.0,2.0
26.0,5.0,0.0,0.0,0.0,0.0,0.0,0.0,0.0,0.0,0.0,0.0,-1.0,0.0,1.0,31101.0,1.0,20.0,0.0,1.0,0.0,4.0,999.0,0.0,0.0,2.0
26.0,5.0,0.0,0.0,0.0,0.0,0.0,0.0,0.0,0.0,0.0,0.0,-1.0,0.0,1.0,31101.0,1.0,20.0,0.0,1.0,0.0,4.0,999.0,0.0,0.0,2.0
26.0,5.0,0.0,0.0,0.0,0.0,0.0,0.0,0.0,0.0,0.0,0.0,-1.0,0.0,1.0,31101.0,1.0,20.0,0.0,1.0,0.0,4.0,999.0,0.0,0.0,2.0
56.0,10.0,0.0,0.0,0.0,0.0,0.0,0.0,0.0,0.0,0.0,0.0,0.0,0.0,1.0,31151.0,1.0,20.0,0.0,1.0,0.0,4.0,999.0,0.0,0.0,0.0
26.0,5.0,0.0,0.0,0.0,0.0,0.0,0.0,0.0,0.0,0.0,0.0,-1.0,0.0,1.0,31101.0,1.0,20.0,0.0,1.0,0.05,5.0,0.0,0.0,0.0,2.0
26.0,5.0,0.0,0.0,0.0,0.0,0.0,0.0,0.0,0.0,0.0,0.0,-1.0,0.0,1.0,31101.0,1.0,20.0,0.0,1.0,0.05,5.0,0.0,0.0,0.0,2.0
26.0,5.0,0.0,0.0,0.0,0.0,0.0,0.0,0.0,0.0,0.0,0.0,-1.0,0.0,1.0,31101.0,1.0,20.0,0.0,1.0,0.05,4.0,0.0,0.0,0.0,2.0
26.0,5.0,0.0,0.0,0.0,0.0,0.0,0.0,0.0,0.0,0.0,0.0,-1.0,0.0,1.0,31101.0,1.0,20.0,0.0,1.0,0.05,4.0,0.050975,0.0,0.0,2.0
26.0,5.0,0.0,0.0,0.0,0.0,0.0,0.0,0.0,0.0,0.0,0.0,-1.0,0.0,1.0,31101.0,1.0,20.0,0.0,1.0,0.05,4.0,0.053973,0.0,0.0,2.0
26.0,5.0,0.0,0.0,0.0,0.0,0.0,0.0,0.0,0.0,0.0,0.0,-1.0,0.0,1.0,31101.0,1.0,20.0,0.0,1.0,0.05,3.0,0.053973,0.0,0.0,2.0
26.0,5.0,0.0,0.0,0.0,0.0,0.0,0.0,0.0,0.0,0.0,0.0,-1.0,0.0,1.0,31101.0,1.0,20.0,0.0,1.0,0.05,2.0,0.053973,0.0,0.0,2.0
26.0,5.0,0.0,0.0,0.0,0.0,0.0,0.0,0.0,0.0,0.0,0.0,-1.0,0.0,1.0,31101.0,1.0,20.0,0.0,1.0,0.05,2.0,0.055972,0.0,0.0,2.0
26.0,5.0,0.0,0.0,0.0,0.0,0.0,0.0,0.0,0.0,0.0,0.0,-1.0,0.0,1.0,31101.0,1.0,20.0,0.0,1.0,0.05,2.0,0.055972,0.0,0.0,2.0
26.0,5.0,0.0,0.0,0.0,0.0,0.0,0.0,0.0,0.0,0.0,0.0,-1.0,0.0,1.0,31101.0,1.0,20.0,0.0,1.0,0.05,2.0,0.055972,0.0,0.0,2.0
26.0,5.0,0.0,0.0,0.0,0.0,0.0,0.0,0.0,0.0,0.0,0.0,-1.0,0.0,1.0,31101.0,1.0,20.0,0.0,1.0,0.05,2.0,0.055972,0.0,0.0,2.0
26.0,5.0,0.0,0.0,0.0,0.0,0.0,0.0,0.0,0.0,0.0,0.0,-1.0,0.0,1.0,31101.0,1.0,20.0,0.0,1.0,0.05,2.0,0.055972,0.0,0.0,2.0
56.0,10.0,0.0,0.0,0.0,0.0,0.0,0.0,0.0,0.0,0.0,0.0,0.0,0.0,1.0,31151.0,1.0,20.0,0.0,1.0,0.05,2.0,0.055972,0.0,0.0,0.0
26.0,5.0,0.0,0.0,0.0,0.0,0.0,0.0,0.0,0.0,0.0,0.0,-1.0,0.0,1.0,31101.0,1.0,20.0,0.0,1.0,0.1,2.0,0.0,0.0,0.0,2.0
26.0,5.0,0.0,0.0,0.0,0.0,0.0,0.0,0.0,0.0,0.0,0.0,-1.0,0.0,1.0,31101.0,1.0,20.0,0.0,1.0,0.1,2.0,0.002999,0.0,0.0,2.0
26.0,5.0,0.0,0.0,0.0,0.0,0.0,0.0,0.0,0.0,0.0,0.0,-1.0,0.0,1.0,31101.0,1.0,20.0,0.0,1.0,0.1,2.0,0.002999,0.0,0.0,2.0
26.0,5.0,0.0,0.0,0.0,0.0,0.0,0.0,0.0,0.0,0.0,0.0,-1.0,0.0,1.0,31101.0,1.0,20.0,0.0,1.0,0.1,2.0,0.002999,0.0,0.0,2.0
26.0,5.0,0.0,0.0,0.0,0.0,0.0,0.0,0.0,0.0,0.0,0.0,-1.0,0.0,1.0,31101.0,1.0,20.0,0.0,1.0,0.1,2.0,0.002999,0.0,0.0,2.0
26.0,5.0,0.0,0.0,0.0,0.0,0.0,0.0,0.0,0.0,0.0,0.0,-1.0,0.0,1.0,31101.0,1.0,20.0,0.0,1.0,0.1,2.0,0.005997,0.0,0.0,2.0
26.0,5.0,0.0,0.0,0.0,0.0,0.0,0.0,0.0,0.0,0.0,0.0,-1.0,0.0,1.0,31101.0,1.0,20.0,0.0,1.0,0.1,2.0,0.005997,0.0,0.0,2.0
26.0,5.0,0.0,0.0,0.0,0.0,0.0,0.0,0.0,0.0,0.0,0.0,-1.0,0.0,1.0,31101.0,1.0,20.0,0.0,1.0,0.05,2.0,0.005997,0.0,0.0,2.0
26.0,5.0,0.0,0.0,0.0,0.0,0.0,0.0,0.0,0.0,0.0,0.0,-1.0,0.0,1.0,31101.0,1.0,20.0,0.0,1.0,0.05,2.0,0.007996,0.0,0.0,2.0
26.0,5.0,0.0,0.0,0.0,0.0,0.0,0.0,0.0,0.0,0.0,0.0,-1.0,0.0,1.0,31101.0,1.0,20.0,0.0,1.0,0.05,2.0,0.007996,0.0,0.0,2.0
26.0,5.0,0.0,0.0,0.0,0.0,0.0,0.0,0.0,0.0,0.0,0.0,-1.0,0.0,1.0,31101.0,1.0,20.0,0.0,1.0,0.05,2.0,0.007996,0.0,0.0,2.0
26.0,5.0,0.0,0.0,0.0,0.0,0.0,0.0,0.0,0.0,0.0,0.0,-1.0,0.0,1.0,31101.0,1.0,20.0,0.0,1.0,0.05,2.0,0.009995,0.0,0.0,2.0
26.0,5.0,0.0,0.0,0.0,0.0,0.0,0.0,0.0,0.0,0.0,0.0,-1.0,0.0,1.0,31101.0,1.0,20.0,0.0,1.0,0.05,2.0,0.009995,0.0,0.0,2.0
56.0,10.0,0.0,0.0,0.0,0.0,0.0,0.0,0.0,0.0,0.0,0.0,0.0,0.0,1.0,31151.0,1.0,20.0,0.0,1.0,0.05,2.0,0.009995,0.0,0.0,0.0
26.0,5.0,0.0,0.0,0.0,0.0,0.0,0.0,0.0,0.0,0.0,0.0,-1.0,0.0,1.0,31101.0,1.0,20.0,0.0,1.0,0.1,2.0,0.0,0.0,0.0,2.0
26.0,5.0,0.0,0.0,0.0,0.0,0.0,0.0,0.0,0.0,0.0,0.0,-1.0,0.0,1.0,31101.0,1.0,20.0,0.0,1.0,0.1,2.0,0.0,0.0,0.0,2.0
26.0,5.0,0.0,0.0,0.0,0.0,0.0,0.0,0.0,0.0,0.0,0.0,-1.0,0.0,1.0,31101.0,1.0,20.0,0.0,1.0,0.1,2.0,0.0,0.0,0.0,2.0
26.0,5.0,0.0,0.0,0.0,0.0,0.0,0.0,0.0,0.0,0.0,0.0,-1.0,0.0,1.0,31101.0,1.0,20.0,0.0,1.0,0.1,2.0,0.0,0.0,0.0,2.0
26.0,5.0,0.0,0.0,0.0,0.0,0.0,0.0,0.0,0.0,0.0,0.0,-1.0,0.0,1.0,31101.0,1.0,20.0,0.0,1.0,0.1,2.0,0.054973,0.0,0.0,2.0
26.0,5.0,0.0,0.0,0.0,0.0,0.0,0.0,0.0,0.0,0.0,0.0,-1.0,0.0,1.0,31101.0,1.0,20.0,0.0,1.0,0.1,2.0,0.054973,0.0,0.0,2.0
26.0,5.0,0.0,0.0,0.0,0.0,0.0,0.0,0.0,0.0,0.0,0.0,-1.0,0.0,1.0,31101.0,1.0,20.0,0.0,1.0,0.05,2.0,0.054973,0.0,0.0,2.0
26.0,5.0,0.0,0.0,0.0,0.0,0.0,0.0,0.0,0.0,0.0,0.0,-1.0,0.0,1.0,31101.0,1.0,20.0,0.0,1.0,0.05,2.0,0.054973,0.0,0.0,2.0
26.0,5.0,0.0,0.0,0.0,0.0,0.0,0.0,0.0,0.0,0.0,0.0,-1.0,0.0,1.0,31101.0,1.0,20.0,0.0,1.0,0.05,2.0,0.054973,0.0,0.0,2.0
26.0,5.0,0.0,0.0,0.0,0.0,0.0,0.0,0.0,0.0,0.0,0.0,-1.0,0.0,1.0,31101.0,1.0,20.0,0.0,1.0,0.05,2.0,0.054973,0.0,0.0,2.0
26.0,5.0,0.0,0.0,0.0,0.0,0.0,0.0,0.0,0.0,0.0,0.0,-1.0,0.0,1.0,31101.0,1.0,20.0,0.0,1.0,0.05,2.0,0.054973,0.0,0.0,2.0
26.0,5.0,0.0,0.0,0.0,0.0,0.0,0.0,0.0,0.0,0.0,0.0,-1.0,0.0,1.0,31101.0,1.0,20.0,0.0,1.0,0.05,2.0,0.054973,0.0,0.0,2.0
56.0,10.0,0.0,0.0,0.0,0.0,0.0,0.0,0.0,0.0,0.0,0.0,0.0,0.0,1.0,31151.0,1.0,20.0,0.0,1.0,0.05,2.0,0.057971,0.0,0.0,0.0
26.0,5.0,0.0,0.0,0.0,0.0,0.0,0.0,0.0,0.0,0.0,0.0,-1.0,0.0,1.0,31101.0,1.0,20.0,0.0,1.0,0.1,2.0,0.0,0.0,0.0,2.0
26.0,5.0,0.0,0.0,0.0,0.0,0.0,0.0,0.0,0.0,0.0,0.0,-1.0,0.0,1.0,31101.0,1.0,20.0,0.0,1.0,0.1,2.0,0.0,0.0,0.0,2.0
26.0,5.0,0.0,0.0,0.0,0.0,0.0,0.0,0.0,0.0,0.0,0.0,-1.0,0.0,1.0,31101.0,1.0,20.0,0.0,1.0,0.1,2.0,0.001,0.0,0.0,2.0
26.0,5.0,0.0,0.0,0.0,0.0,0.0,0.0,0.0,0.0,0.0,0.0,-1.0,0.0,1.0,31101.0,1.0,20.0,0.0,1.0,0.1,2.0,0.001,0.0,0.0,2.0
26.0,5.0,0.0,0.0,0.0,0.0,0.0,0.0,0.0,0.0,0.0,0.0,-1.0,0.0,1.0,31101.0,1.0,20.0,0.0,1.0,0.1,2.0,0.053973,0.0,0.0,2.0
26.0,5.0,0.0,0.0,0.0,0.0,0.0,0.0,0.0,0.0,0.0,0.0,-1.0,0.0,1.0,31101.0,1.0,20.0,0.0,1.0,0.1,2.0,0.053973,0.0,0.0,2.0
26.0,5.0,0.0,0.0,0.0,0.0,0.0,0.0,0.0,0.0,0.0,0.0,-1.0,0.0,1.0,31101.0,1.0,20.0,0.0,1.0,0.1,2.0,0.053973,0.0,0.0,2.0
26.0,5.0,0.0,0.0,0.0,0.0,0.0,0.0,0.0,0.0,0.0,0.0,-1.0,0.0,1.0,31101.0,1.0,20.0,0.0,1.0,0.05,2.0,0.109945,0.0,0.0,2.0
26.0,5.0,0.0,0.0,0.0,0.0,0.0,0.0,0.0,0.0,0.0,0.0,-1.0,0.0,1.0,31101.0,1.0,20.0,0.0,1.0,0.05,2.0,0.109945,0.0,0.0,2.0
26.0,5.0,0.0,0.0,0.0,0.0,0.0,0.0,0.0,0.0,0.0,0.0,-1.0,0.0,1.0,31101.0,1.0,20.0,0.0,1.0,0.05,2.0,0.109945,0.0,0.0,2.0
26.0,5.0,0.0,0.0,0.0,0.0,0.0,0.0,0.0,0.0,0.0,0.0,-1.0,0.0,1.0,31101.0,1.0,20.0,0.0,1.0,0.05,2.0,0.109945,0.0,0.0,2.0
26.0,5.0,0.0,0.0,0.0,0.0,0.0,0.0,0.0,0.0,0.0,0.0,-1.0,0.0,1.0,31101.0,1.0,20.0,0.0,1.0,0.05,2.0,0.109945,0.0,0.0,2.0
26.0,5.0,0.0,0.0,0.0,0.0,0.0,0.0,0.0,0.0,0.0,0.0,-1.0,0.0,1.0,31101.0,1.0,20.0,0.0,1.0,0.05,2.0,0.782609,0.0,0.0,2.0
26.0,5.0,0.0,0.0,0.0,0.0,0.0,0.0,0.0,0.0,0.0,0.0,-1.0,0.0,1.0,31101.0,1.0,20.0,0.0,1.0,0.05,2.0,0.782609,0.0,0.0,2.0
26.0,5.0,0.0,0.0,0.0,0.0,0.0,0.0,0.0,0.0,0.0,0.0,-1.0,0.0,1.0,31101.0,1.0,20.0,0.0,1.0,0.05,2.0,1.027486,0.0,0.0,2.0
26.0,5.0,0.0,0.0,0.0,0.0,0.0,0.0,0.0,0.0,0.0,0.0,-1.0,0.0,1.0,31101.0,1.0,20.0,0.0,1.0,0.05,2.0,1.028486,0.0,0.0,2.0
26.0,5.0,0.0,0.0,0.0,0.0,0.0,0.0,0.0,0.0,0.0,0.0,-1.0,0.0,1.0,31101.0,1.0,20.0,0.0,1.0,0.05,2.0,1.028486,0.0,0.0,2.0
26.0,5.0,0.0,0.0,0.0,0.0,0.0,0.0,0.0,0.0,0.0,0.0,-1.0,0.0,1.0,31101.0,1.0,20.0,0.0,1.0,0.05,2.0,1.028486,0.0,0.0,2.0
26.0,5.0,0.0,0.0,0.0,0.0,0.0,0.0,0.0,0.0,0.0,0.0,-1.0,0.0,1.0,31101.0,1.0,20.0,0.0,1.0,0.05,2.0,1.08046,0.0,0.0,2.0
26.0,5.0,0.0,0.0,0.0,0.0,0.0,0.0,0.0,0.0,0.0,0.0,-1.0,0.0,1.0,31101.0,1.0,20.0,0.0,1.0,0.05,2.0,1.08046,0.0,0.0,2.0
26.0,5.0,0.0,0.0,0.0,0.0,0.0,0.0,0.0,0.0,0.0,0.0,-1.0,0.0,1.0,31101.0,1.0,20.0,0.0,1.0,0.0,1.0,999.0,0.0,0.0,2.0
26.0,5.0,0.0,0.0,0.0,0.0,0.0,0.0,0.0,0.0,0.0,0.0,-1.0,0.0,1.0,31101.0,1.0,20.0,0.0,1.0,0.0,1.0,999.0,0.0,0.0,2.0
26.0,5.0,0.0,0.0,0.0,0.0,0.0,0.0,0.0,0.0,0.0,0.0,-1.0,0.0,1.0,31101.0,1.0,20.0,0.0,1.0,0.0,1.0,999.0,0.0,0.0,2.0
56.0,10.0,0.0,0.0,0.0,0.0,0.0,0.0,0.0,0.0,0.0,0.0,0.0,0.0,1.0,31151.0,1.0,20.0,0.0,1.0,0.0,1.0,999.0,0.0,0.0,0.0
26.0,5.0,0.0,0.0,0.0,0.0,0.0,0.0,0.0,0.0,0.0,0.0,-1.0,0.0,1.0,31101.0,1.0,20.0,0.0,1.0,0.05,2.0,0.053973,0.0,0.0,2.0
26.0,5.0,0.0,0.0,0.0,0.0,0.0,0.0,0.0,0.0,0.0,0.0,-1.0,0.0,1.0,31101.0,1.0,20.0,0.0,1.0,0.05,2.0,0.053973,0.0,0.0,2.0
26.0,5.0,0.0,0.0,0.0,0.0,0.0,0.0,0.0,0.0,0.0,0.0,-1.0,0.0,1.0,31101.0,1.0,20.0,0.0,1.0,0.05,2.0,0.053973,0.0,0.0,2.0
26.0,5.0,0.0,0.0,0.0,0.0,0.0,0.0,0.0,0.0,0.0,0.0,-1.0,0.0,1.0,31101.0,1.0,20.0,0.0,1.0,0.05,2.0,0.053973,0.0,0.0,2.0
26.0,5.0,0.0,0.0,0.0,0.0,0.0,0.0,0.0,0.0,0.0,0.0,-1.0,0.0,1.0,31101.0,1.0,20.0,0.0,1.0,0.05,2.0,0.106946,0.0,0.0,2.0
26.0,5.0,0.0,0.0,0.0,0.0,0.0,0.0,0.0,0.0,0.0,0.0,-1.0,0.0,1.0,31101.0,1.0,20.0,0.0,1.0,0.05,2.0,0.106946,0.0,0.0,2.0
26.0,5.0,0.0,0.0,0.0,0.0,0.0,0.0,0.0,0.0,0.0,0.0,-1.0,0.0,1.0,31101.0,1.0,20.0,0.0,1.0,0.05,2.0,0.106946,0.0,0.0,2.0
26.0,5.0,0.0,0.0,0.0,0.0,0.0,0.0,0.0,0.0,0.0,0.0,-1.0,0.0,1.0,31101.0,1.0,20.0,0.0,1.0,0.05,2.0,0.109945,0.0,0.0,2.0
26.0,5.0,0.0,0.0,0.0,0.0,0.0,0.0,0.0,0.0,0.0,0.0,-1.0,0.0,1.0,31101.0,1.0,20.0,0.0,1.0,0.05,2.0,0.109945,0.0,0.0,2.0
26.0,5.0,0.0,0.0,0.0,0.0,0.0,0.0,0.0,0.0,0.0,0.0,-1.0,0.0,1.0,31101.0,1.0,20.0,0.0,1.0,0.05,2.0,0.109945,0.0,0.0,2.0
26.0,5.0,0.0,0.0,0.0,0.0,0.0,0.0,0.0,0.0,0.0,0.0,-1.0,0.0,1.0,31101.0,1.0,20.0,0.0,1.0,0.05,2.0,0.109945,0.0,0.0,2.0
56.0,10.0,0.0,0.0,0.0,0.0,0.0,0.0,0.0,0.0,0.0,0.0,0.0,0.0,1.0,31151.0,1.0,20.0,0.0,1.0,0.05,2.0,0.111944,0.0,0.0,0.0
26.0,5.0,0.0,0.0,0.0,0.0,0.0,0.0,0.0,0.0,0.0,0.0,-1.0,0.0,1.0,31101.0,1.0,20.0,0.0,1.0,0.1,2.0,0.0,0.0,0.0,2.0
26.0,5.0,0.0,0.0,0.0,0.0,0.0,0.0,0.0,0.0,0.0,0.0,-1.0,0.0,1.0,31101.0,1.0,20.0,0.0,1.0,0.1,2.0,0.0,0.0,0.0,2.0
26.0,5.0,0.0,0.0,0.0,0.0,0.0,0.0,0.0,0.0,0.0,0.0,-1.0,0.0,1.0,31101.0,1.0,20.0,0.0,1.0,0.1,2.0,0.0,0.0,0.0,2.0
26.0,5.0,0.0,0.0,0.0,0.0,0.0,0.0,0.0,0.0,0.0,0.0,-1.0,0.0,1.0,31101.0,1.0,20.0,0.0,1.0,0.1,2.0,0.001999,0.0,0.0,2.0
26.0,5.0,0.0,0.0,0.0,0.0,0.0,0.0,0.0,0.0,0.0,0.0,-1.0,0.0,1.0,31101.0,1.0,20.0,0.0,1.0,0.1,2.0,0.001999,0.0,0.0,2.0
26.0,5.0,0.0,0.0,0.0,0.0,0.0,0.0,0.0,0.0,0.0,0.0,-1.0,0.0,1.0,31101.0,1.0,20.0,0.0,1.0,0.1,2.0,0.001999,0.0,0.0,2.0
26.0,5.0,0.0,0.0,0.0,0.0,0.0,0.0,0.0,0.0,0.0,0.0,-1.0,0.0,1.0,31101.0,1.0,20.0,0.0,1.0,0.1,2.0,0.001999,0.0,0.0,2.0
26.0,5.0,0.0,0.0,0.0,0.0,0.0,0.0,0.0,0.0,0.0,0.0,-1.0,0.0,1.0,31101.0,1.0,20.0,0.0,1.0,0.1,2.0,0.001999,0.0,0.0,2.0
26.0,5.0,0.0,0.0,0.0,0.0,0.0,0.0,0.0,0.0,0.0,0.0,-1.0,0.0,1.0,31101.0,1.0,20.0,0.0,1.0,0.05,2.0,0.001999,0.0,0.0,2.0
26.0,5.0,0.0,0.0,0.0,0.0,0.0,0.0,0.0,0.0,0.0,0.0,-1.0,0.0,1.0,31101.0,1.0,20.0,0.0,1.0,0.05,2.0,0.003998,0.0,0.0,2.0
26.0,5.0,0.0,0.0,0.0,0.0,0.0,0.0,0.0,0.0,0.0,0.0,-1.0,0.0,1.0,31101.0,1.0,20.0,0.0,1.0,0.05,2.0,0.003998,0.0,0.0,2.0
26.0,5.0,0.0,0.0,0.0,0.0,0.0,0.0,0.0,0.0,0.0,0.0,-1.0,0.0,1.0,31101.0,1.0,20.0,0.0,1.0,0.05,2.0,0.003998,0.0,0.0,2.0
26.0,5.0,0.0,0.0,0.0,0.0,0.0,0.0,0.0,0.0,0.0,0.0,-1.0,0.0,1.0,31101.0,1.0,20.0,0.0,1.0,0.05,2.0,0.004997,0.0,0.0,2.0
56.0,10.0,0.0,0.0,0.0,0.0,0.0,0.0,0.0,0.0,0.0,0.0,0.0,0.0,1.0,31151.0,1.0,20.0,0.0,1.0,0.05,2.0,0.004997,0.0,0.0,0.0
26.0,5.0,0.0,0.0,0.0,0.0,0.0,0.0,0.0,0.0,0.0,0.0,-1.0,0.0,1.0,31101.0,1.0,20.0,0.0,1.0,0.1,2.0,0.055972,0.0,0.0,2.0
26.0,5.0,0.0,0.0,0.0,0.0,0.0,0.0,0.0,0.0,0.0,0.0,-1.0,0.0,1.0,31101.0,1.0,20.0,0.0,1.0,0.1,2.0,0.056972,0.0,0.0,2.0
26.0,5.0,0.0,0.0,0.0,0.0,0.0,0.0,0.0,0.0,0.0,0.0,-1.0,0.0,1.0,31101.0,1.0,20.0,0.0,1.0,0.1,2.0,0.057971,0.0,0.0,2.0
26.0,5.0,0.0,0.0,0.0,0.0,0.0,0.0,0.0,0.0,0.0,0.0,-1.0,0.0,1.0,31101.0,1.0,20.0,0.0,1.0,0.1,2.0,0.057971,0.0,0.0,2.0
26.0,5.0,0.0,0.0,0.0,0.0,0.0,0.0,0.0,0.0,0.0,0.0,-1.0,0.0,1.0,31101.0,1.0,20.0,0.0,1.0,0.1,2.0,0.058971,0.0,0.0,2.0
26.0,5.0,0.0,0.0,0.0,0.0,0.0,0.0,0.0,0.0,0.0,0.0,-1.0,0.0,1.0,31101.0,1.0,20.0,0.0,1.0,0.1,2.0,0.058971,0.0,0.0,2.0
26.0,5.0,0.0,0.0,0.0,0.0,0.0,0.0,0.0,0.0,0.0,0.0,-1.0,0.0,1.0,31101.0,1.0,20.0,0.0,1.0,0.05,2.0,0.05997,0.0,0.0,2.0
26.0,5.0,0.0,0.0,0.0,0.0,0.0,0.0,0.0,0.0,0.0,0.0,-1.0,0.0,1.0,31101.0,1.0,20.0,0.0,1.0,0.05,2.0,0.06097,0.0,0.0,2.0
26.0,5.0,0.0,0.0,0.0,0.0,0.0,0.0,0.0,0.0,0.0,0.0,-1.0,0.0,1.0,31101.0,1.0,20.0,0.0,1.0,0.05,2.0,0.06097,0.0,0.0,2.0
26.0,5.0,0.0,0.0,0.0,0.0,0.0,0.0,0.0,0.0,0.0,0.0,-1.0,0.0,1.0,31101.0,1.0,20.0,0.0,1.0,0.05,2.0,0.061969,0.0,0.0,2.0
26.0,5.0,0.0,0.0,0.0,0.0,0.0,0.0,0.0,0.0,0.0,0.0,-1.0,0.0,1.0,31101.0,1.0,20.0,0.0,1.0,0.05,2.0,0.061969,0.0,0.0,2.0
26.0,5.0,0.0,0.0,0.0,0.0,0.0,0.0,0.0,0.0,0.0,0.0,-1.0,0.0,1.0,31101.0,1.0,20.0,0.0,1.0,0.05,2.0,0.062969,0.0,0.0,2.0
56.0,10.0,0.0,0.0,0.0,0.0,0.0,0.0,0.0,0.0,0.0,0.0,0.0,0.0,1.0,31151.0,1.0,20.0,0.0,1.0,0.05,2.0,0.063968,0.0,0.0,0.0
26.0,5.0,0.0,0.0,0.0,0.0,0.0,0.0,0.0,0.0,0.0,0.0,-1.0,0.0,1.0,31101.0,1.0,20.0,0.0,1.0,0.1,2.0,0.001,0.0,0.0,2.0
26.0,5.0,0.0,0.0,0.0,0.0,0.0,0.0,0.0,0.0,0.0,0.0,-1.0,0.0,1.0,31101.0,1.0,20.0,0.0,1.0,0.1,2.0,0.001,0.0,0.0,2.0
26.0,5.0,0.0,0.0,0.0,0.0,0.0,0.0,0.0,0.0,0.0,0.0,-1.0,0.0,1.0,31101.0,1.0,20.0,0.0,1.0,0.1,2.0,0.001999,0.0,0.0,2.0
26.0,5.0,0.0,0.0,0.0,0.0,0.0,0.0,0.0,0.0,0.0,0.0,-1.0,0.0,1.0,31101.0,1.0,20.0,0.0,1.0,0.1,2.0,0.002999,0.0,0.0,2.0
26.0,5.0,0.0,0.0,0.0,0.0,0.0,0.0,0.0,0.0,0.0,0.0,-1.0,0.0,1.0,31101.0,1.0,20.0,0.0,1.0,0.1,2.0,0.002999,0.0,0.0,2.0
26.0,5.0,0.0,0.0,0.0,0.0,0.0,0.0,0.0,0.0,0.0,0.0,-1.0,0.0,1.0,31101.0,1.0,20.0,0.0,1.0,0.1,2.0,0.003998,0.0,0.0,2.0
26.0,5.0,0.0,0.0,0.0,0.0,0.0,0.0,0.0,0.0,0.0,0.0,-1.0,0.0,1.0,31101.0,1.0,20.0,0.0,1.0,0.1,2.0,0.003998,0.0,0.0,2.0
26.0,5.0,0.0,0.0,0.0,0.0,0.0,0.0,0.0,0.0,0.0,0.0,-1.0,0.0,1.0,31101.0,1.0,20.0,0.0,1.0,0.05,2.0,0.004998,0.0,0.0,2.0
26.0,5.0,0.0,0.0,0.0,0.0,0.0,0.0,0.0,0.0,0.0,0.0,-1.0,0.0,1.0,31101.0,1.0,20.0,0.0,1.0,0.05,2.0,0.004998,0.0,0.0,2.0
26.0,5.0,0.0,0.0,0.0,0.0,0.0,0.0,0.0,0.0,0.0,0.0,-1.0,0.0,1.0,31101.0,1.0,20.0,0.0,1.0,0.05,2.0,0.005997,0.0,0.0,2.0
26.0,5.0,0.0,0.0,0.0,0.0,0.0,0.0,0.0,0.0,0.0,0.0,-1.0,0.0,1.0,31101.0,1.0,20.0,0.0,1.0,0.05,2.0,0.005997,0.0,0.0,2.0
26.0,5.0,0.0,0.0,0.0,0.0,0.0,0.0,0.0,0.0,0.0,0.0,-1.0,0.0,1.0,31101.0,1.0,20.0,0.0,1.0,0.05,2.0,0.005997,0.0,0.0,2.0
26.0,5.0,0.0,0.0,0.0,0.0,0.0,0.0,0.0,0.0,0.0,0.0,-1.0,0.0,1.0,31101.0,1.0,20.0,0.0,1.0,0.05,2.0,0.006997,0.0,0.0,2.0
56.0,10.0,0.0,0.0,0.0,0.0,0.0,0.0,0.0,0.0,0.0,0.0,0.0,0.0,1.0,31151.0,1.0,20.0,0.0,1.0,0.05,2.0,0.006997,0.0,0.0,0.0
26.0,5.0,0.0,0.0,0.0,0.0,0.0,0.0,0.0,0.0,0.0,0.0,-1.0,0.0,1.0,31101.0,1.0,20.0,0.0,1.0,0.1,2.0,0.000999,0.0,0.0,2.0
26.0,5.0,0.0,0.0,0.0,0.0,0.0,0.0,0.0,0.0,0.0,0.0,-1.0,0.0,1.0,31101.0,1.0,20.0,0.0,1.0,0.1,2.0,0.000999,0.0,0.0,2.0
26.0,5.0,0.0,0.0,0.0,0.0,0.0,0.0,0.0,0.0,0.0,0.0,-1.0,0.0,1.0,31101.0,1.0,20.0,0.0,1.0,0.1,2.0,0.002998,0.0,0.0,2.0
26.0,5.0,0.0,0.0,0.0,0.0,0.0,0.0,0.0,0.0,0.0,0.0,-1.0,0.0,1.0,31101.0,1.0,20.0,0.0,1.0,0.1,2.0,0.002998,0.0,0.0,2.0
26.0,5.0,0.0,0.0,0.0,0.0,0.0,0.0,0.0,0.0,0.0,0.0,-1.0,0.0,1.0,31101.0,1.0,20.0,0.0,1.0,0.1,2.0,0.003998,0.0,0.0,2.0
26.0,5.0,0.0,0.0,0.0,0.0,0.0,0.0,0.0,0.0,0.0,0.0,-1.0,0.0,1.0,31101.0,1.0,20.0,0.0,1.0,0.1,2.0,0.003998,0.0,0.0,2.0
26.0,5.0,0.0,0.0,0.0,0.0,0.0,0.0,0.0,0.0,0.0,0.0,-1.0,0.0,1.0,31101.0,1.0,20.0,0.0,1.0,0.05,2.0,0.003998,0.0,0.0,2.0
26.0,5.0,0.0,0.0,0.0,0.0,0.0,0.0,0.0,0.0,0.0,0.0,-1.0,0.0,1.0,31101.0,1.0,20.0,0.0,1.0,0.05,2.0,0.003998,0.0,0.0,2.0
26.0,5.0,0.0,0.0,0.0,0.0,0.0,0.0,0.0,0.0,0.0,0.0,-1.0,0.0,1.0,31101.0,1.0,20.0,0.0,1.0,0.05,2.0,0.003998,0.0,0.0,2.0
26.0,5.0,0.0,0.0,0.0,0.0,0.0,0.0,0.0,0.0,0.0,0.0,-1.0,0.0,1.0,31101.0,1.0,20.0,0.0,1.0,0.05,2.0,0.003998,0.0,0.0,2.0
26.0,5.0,0.0,0.0,0.0,0.0,0.0,0.0,0.0,0.0,0.0,0.0,-1.0,0.0,1.0,31101.0,1.0,20.0,0.0,1.0,0.05,2.0,0.003998,0.0,0.0,2.0
26.0,5.0,0.0,0.0,0.0,0.0,0.0,0.0,0.0,0.0,0.0,0.0,-1.0,0.0,1.0,31101.0,1.0,20.0,0.0,1.0,0.05,2.0,0.003998,0.0,0.0,2.0
26.0,5.0,0.0,0.0,0.0,0.0,0.0,0.0,0.0,0.0,0.0,0.0,-1.0,0.0,1.0,31101.0,1.0,20.0,0.0,1.0,0.05,2.0,0.006996,0.0,0.0,2.0
56.0,10.0,0.0,0.0,0.0,0.0,0.0,0.0,0.0,0.0,0.0,0.0,0.0,0.0,1.0,31151.0,1.0,20.0,0.0,1.0,0.05,2.0,0.006996,0.0,0.0,0.0
26.0,5.0,0.0,0.0,0.0,0.0,0.0,0.0,0.0,0.0,0.0,0.0,-1.0,0.0,1.0,31101.0,1.0,20.0,0.0,1.0,0.1,2.0,0.0,0.0,0.0,2.0
26.0,5.0,0.0,0.0,0.0,0.0,0.0,0.0,0.0,0.0,0.0,0.0,-1.0,0.0,1.0,31101.0,1.0,20.0,0.0,1.0,0.1,2.0,0.001999,0.0,0.0,2.0
26.0,5.0,0.0,0.0,0.0,0.0,0.0,0.0,0.0,0.0,0.0,0.0,-1.0,0.0,1.0,31101.0,1.0,20.0,0.0,1.0,0.1,2.0,0.001999,0.0,0.0,2.0
26.0,5.0,0.0,0.0,0.0,0.0,0.0,0.0,0.0,0.0,0.0,0.0,-1.0,0.0,1.0,31101.0,1.0,20.0,0.0,1.0,0.1,2.0,0.002999,0.0,0.0,2.0
26.0,5.0,0.0,0.0,0.0,0.0,0.0,0.0,0.0,0.0,0.0,0.0,-1.0,0.0,1.0,31101.0,1.0,20.0,0.0,1.0,0.1,2.0,0.002999,0.0,0.0,2.0
26.0,5.0,0.0,0.0,0.0,0.0,0.0,0.0,0.0,0.0,0.0,0.0,-1.0,0.0,1.0,31101.0,1.0,20.0,0.0,1.0,0.1,2.0,0.004998,0.0,0.0,2.0
26.0,5.0,0.0,0.0,0.0,0.0,0.0,0.0,0.0,0.0,0.0,0.0,-1.0,0.0,1.0,31101.0,1.0,20.0,0.0,1.0,0.05,2.0,0.004998,0.0,0.0,2.0
26.0,5.0,0.0,0.0,0.0,0.0,0.0,0.0,0.0,0.0,0.0,0.0,-1.0,0.0,1.0,31101.0,1.0,20.0,0.0,1.0,0.05,2.0,0.004998,0.0,0.0,2.0
26.0,5.0,0.0,0.0,0.0,0.0,0.0,0.0,0.0,0.0,0.0,0.0,-1.0,0.0,1.0,31101.0,1.0,20.0,0.0,1.0,0.05,2.0,0.005997,0.0,0.0,2.0
26.0,5.0,0.0,0.0,0.0,0.0,0.0,0.0,0.0,0.0,0.0,0.0,-1.0,0.0,1.0,31101.0,1.0,20.0,0.0,1.0,0.05,2.0,0.005997,0.0,0.0,2.0
26.0,5.0,0.0,0.0,0.0,0.0,0.0,0.0,0.0,0.0,0.0,0.0,-1.0,0.0,1.0,31101.0,1.0,20.0,0.0,1.0,0.05,2.0,0.007996,0.0,0.0,2.0
26.0,5.0,0.0,0.0,0.0,0.0,0.0,0.0,0.0,0.0,0.0,0.0,-1.0,0.0,1.0,31101.0,1.0,20.0,0.0,1.0,0.05,2.0,0.007996,0.0,0.0,2.0
26.0,5.0,0.0,0.0,0.0,0.0,0.0,0.0,0.0,0.0,0.0,0.0,-1.0,0.0,1.0,31101.0,1.0,20.0,0.0,1.0,0.05,2.0,0.007996,0.0,0.0,2.0
56.0,10.0,0.0,0.0,0.0,0.0,0.0,0.0,0.0,0.0,0.0,0.0,0.0,0.0,1.0,31151.0,1.0,20.0,0.0,1.0,0.05,2.0,0.007996,0.0,0.0,0.0
26.0,5.0,0.0,0.0,0.0,0.0,0.0,0.0,0.0,0.0,0.0,0.0,-1.0,0.0,1.0,31101.0,1.0,20.0,0.0,1.0,0.1,2.0,0.0,0.0,0.0,2.0
26.0,5.0,0.0,0.0,0.0,0.0,0.0,0.0,0.0,0.0,0.0,0.0,-1.0,0.0,1.0,31101.0,1.0,20.0,0.0,1.0,0.1,2.0,0.0,0.0,0.0,2.0
26.0,5.0,0.0,0.0,0.0,0.0,0.0,0.0,0.0,0.0,0.0,0.0,-1.0,0.0,1.0,31101.0,1.0,20.0,0.0,1.0,0.1,2.0,0.0,0.0,0.0,2.0
26.0,5.0,0.0,0.0,0.0,0.0,0.0,0.0,0.0,0.0,0.0,0.0,-1.0,0.0,1.0,31101.0,1.0,20.0,0.0,1.0,0.1,2.0,0.0,0.0,0.0,2.0
26.0,5.0,0.0,0.0,0.0,0.0,0.0,0.0,0.0,0.0,0.0,0.0,-1.0,0.0,1.0,31101.0,1.0,20.0,0.0,1.0,0.1,2.0,0.0,0.0,0.0,2.0
26.0,5.0,0.0,0.0,0.0,0.0,0.0,0.0,0.0,0.0,0.0,0.0,-1.0,0.0,1.0,31101.0,1.0,20.0,0.0,1.0,0.1,2.0,0.0,0.0,0.0,2.0
26.0,5.0,0.0,0.0,0.0,0.0,0.0,0.0,0.0,0.0,0.0,0.0,-1.0,0.0,1.0,31101.0,1.0,20.0,0.0,1.0,0.05,2.0,0.0,0.0,0.0,2.0
26.0,5.0,0.0,0.0,0.0,0.0,0.0,0.0,0.0,0.0,0.0,0.0,-1.0,0.0,1.0,31101.0,1.0,20.0,0.0,1.0,0.05,2.0,0.0,0.0,0.0,2.0
26.0,5.0,0.0,0.0,0.0,0.0,0.0,0.0,0.0,0.0,0.0,0.0,-1.0,0.0,1.0,31101.0,1.0,20.0,0.0,1.0,0.05,2.0,0.054973,0.0,0.0,2.0
26.0,5.0,0.0,0.0,0.0,0.0,0.0,0.0,0.0,0.0,0.0,0.0,-1.0,0.0,1.0,31101.0,1.0,20.0,0.0,1.0,0.05,2.0,0.054973,0.0,0.0,2.0
26.0,5.0,0.0,0.0,0.0,0.0,0.0,0.0,0.0,0.0,0.0,0.0,-1.0,0.0,1.0,31101.0,1.0,20.0,0.0,1.0,0.05,2.0,0.054973,0.0,0.0,2.0
26.0,5.0,0.0,0.0,0.0,0.0,0.0,0.0,0.0,0.0,0.0,0.0,-1.0,0.0,1.0,31101.0,1.0,20.0,0.0,1.0,0.05,2.0,0.054973,0.0,0.0,2.0
56.0,10.0,0.0,0.0,0.0,0.0,0.0,0.0,0.0,0.0,0.0,0.0,0.0,0.0,1.0,31151.0,1.0,20.0,0.0,1.0,0.05,2.0,0.054973,0.0,0.0,0.0
26.0,5.0,0.0,0.0,0.0,0.0,0.0,0.0,0.0,0.0,0.0,0.0,-1.0,0.0,1.0,31101.0,1.0,20.0,0.0,1.0,0.1,2.0,0.0,0.0,0.0,2.0
26.0,5.0,0.0,0.0,0.0,0.0,0.0,0.0,0.0,0.0,0.0,0.0,-1.0,0.0,1.0,31101.0,1.0,20.0,0.0,1.0,0.1,2.0,0.0,0.0,0.0,2.0
26.0,5.0,0.0,0.0,0.0,0.0,0.0,0.0,0.0,0.0,0.0,0.0,-1.0,0.0,1.0,31101.0,1.0,20.0,0.0,1.0,0.1,2.0,0.0,0.0,0.0,2.0
26.0,5.0,0.0,0.0,0.0,0.0,0.0,0.0,0.0,0.0,0.0,0.0,-1.0,0.0,1.0,31101.0,1.0,20.0,0.0,1.0,0.1,2.0,0.005997,0.0,0.0,2.0
26.0,5.0,0.0,0.0,0.0,0.0,0.0,0.0,0.0,0.0,0.0,0.0,-1.0,0.0,1.0,31101.0,1.0,20.0,0.0,1.0,0.1,2.0,0.005997,0.0,0.0,2.0
26.0,5.0,0.0,0.0,0.0,0.0,0.0,0.0,0.0,0.0,0.0,0.0,-1.0,0.0,1.0,31101.0,1.0,20.0,0.0,1.0,0.1,2.0,0.005997,0.0,0.0,2.0
26.0,5.0,0.0,0.0,0.0,0.0,0.0,0.0,0.0,0.0,0.0,0.0,-1.0,0.0,1.0,31101.0,1.0,20.0,0.0,1.0,0.1,2.0,0.007996,0.0,0.0,2.0
26.0,5.0,0.0,0.0,0.0,0.0,0.0,0.0,0.0,0.0,0.0,0.0,-1.0,0.0,1.0,31101.0,1.0,20.0,0.0,1.0,0.05,2.0,0.007996,0.0,0.0,2.0
26.0,5.0,0.0,0.0,0.0,0.0,0.0,0.0,0.0,0.0,0.0,0.0,-1.0,0.0,1.0,31101.0,1.0,20.0,0.0,1.0,0.05,2.0,0.007996,0.0,0.0,2.0
26.0,5.0,0.0,0.0,0.0,0.0,0.0,0.0,0.0,0.0,0.0,0.0,-1.0,0.0,1.0,31101.0,1.0,20.0,0.0,1.0,0.05,2.0,0.007996,0.0,0.0,2.0
26.0,5.0,0.0,0.0,0.0,0.0,0.0,0.0,0.0,0.0,0.0,0.0,-1.0,0.0,1.0,31101.0,1.0,20.0,0.0,1.0,0.05,2.0,0.007996,0.0,0.0,2.0
26.0,5.0,0.0,0.0,0.0,0.0,0.0,0.0,0.0,0.0,0.0,0.0,-1.0,0.0,1.0,31101.0,1.0,20.0,0.0,1.0,0.05,2.0,0.009995,0.0,0.0,2.0
26.0,5.0,0.0,0.0,0.0,0.0,0.0,0.0,0.0,0.0,0.0,0.0,-1.0,0.0,1.0,31101.0,1.0,20.0,0.0,1.0,0.05,2.0,0.009995,0.0,0.0,2.0
26.0,5.0,0.0,0.0,0.0,0.0,0.0,0.0,0.0,0.0,0.0,0.0,-1.0,0.0,1.0,31101.0,1.0,20.0,0.0,1.0,0.05,2.0,0.063968,0.0,0.0,2.0
26.0,5.0,0.0,0.0,0.0,0.0,0.0,0.0,0.0,0.0,0.0,0.0,-1.0,0.0,1.0,31101.0,1.0,20.0,0.0,1.0,0.05,2.0,0.063968,0.0,0.0,2.0
26.0,5.0,0.0,0.0,0.0,0.0,0.0,0.0,0.0,0.0,0.0,0.0,-1.0,0.0,1.0,31101.0,1.0,20.0,0.0,1.0,0.05,2.0,0.063968,0.0,0.0,2.0
26.0,5.0,0.0,0.0,0.0,0.0,0.0,0.0,0.0,0.0,0.0,0.0,-1.0,0.0,1.0,31101.0,1.0,20.0,0.0,1.0,0.05,2.0,0.063968,0.0,0.0,2.0
26.0,5.0,0.0,0.0,0.0,0.0,0.0,0.0,0.0,0.0,0.0,0.0,-1.0,0.0,1.0,31101.0,1.0,20.0,0.0,1.0,0.05,2.0,0.063968,0.0,0.0,2.0
26.0,5.0,0.0,0.0,0.0,0.0,0.0,0.0,0.0,0.0,0.0,0.0,-1.0,0.0,1.0,31101.0,1.0,20.0,0.0,1.0,0.05,2.0,0.063968,0.0,0.0,2.0
26.0,5.0,0.0,0.0,0.0,0.0,0.0,0.0,0.0,0.0,0.0,0.0,-1.0,0.0,1.0,31101.0,1.0,20.0,0.0,1.0,0.05,2.0,0.063968,0.0,0.0,2.0
26.0,5.0,0.0,0.0,0.0,0.0,0.0,0.0,0.0,0.0,0.0,0.0,-1.0,0.0,1.0,31101.0,1.0,20.0,0.0,1.0,0.0,1.0,999.0,0.0,0.0,2.0
26.0,5.0,0.0,0.0,0.0,0.0,0.0,0.0,0.0,0.0,0.0,0.0,-1.0,0.0,1.0,31101.0,1.0,20.0,0.0,1.0,0.0,1.0,999.0,0.0,0.0,2.0
26.0,5.0,0.0,0.0,0.0,0.0,0.0,0.0,0.0,0.0,0.0,0.0,-1.0,0.0,1.0,31101.0,1.0,20.0,0.0,1.0,0.0,1.0,999.0,0.0,0.0,2.0
26.0,5.0,0.0,0.0,0.0,0.0,0.0,0.0,0.0,0.0,0.0,0.0,-1.0,0.0,1.0,31101.0,1.0,20.0,0.0,1.0,0.0,1.0,999.0,0.0,0.0,2.0
26.0,5.0,0.0,0.0,0.0,0.0,0.0,0.0,0.0,0.0,0.0,0.0,-1.0,0.0,1.0,31101.0,1.0,20.0,0.0,1.0,0.0,1.0,999.0,0.0,0.0,2.0
26.0,5.0,0.0,0.0,0.0,0.0,0.0,0.0,0.0,0.0,0.0,0.0,-1.0,0.0,1.0,31101.0,1.0,20.0,0.0,1.0,0.0,1.0,999.0,0.0,0.0,2.0
56.0,10.0,0.0,0.0,0.0,0.0,0.0,0.0,0.0,0.0,0.0,0.0,0.0,0.0,1.0,31151.0,1.0,20.0,0.0,1.0,0.0,1.0,999.0,0.0,0.0,0.0
26.0,5.0,0.0,0.0,0.0,0.0,0.0,0.0,0.0,0.0,0.0,0.0,-1.0,0.0,1.0,31101.0,1.0,20.0,0.0,1.0,0.05,2.0,0.0,0.0,0.0,2.0
26.0,5.0,0.0,0.0,0.0,0.0,0.0,0.0,0.0,0.0,0.0,0.0,-1.0,0.0,1.0,31101.0,1.0,20.0,0.0,1.0,0.05,2.0,0.0,0.0,0.0,2.0
26.0,5.0,0.0,0.0,0.0,0.0,0.0,0.0,0.0,0.0,0.0,0.0,-1.0,0.0,1.0,31101.0,1.0,20.0,0.0,1.0,0.05,2.0,0.0,0.0,0.0,2.0
26.0,5.0,0.0,0.0,0.0,0.0,0.0,0.0,0.0,0.0,0.0,0.0,-1.0,0.0,1.0,31101.0,1.0,20.0,0.0,1.0,0.05,2.0,0.0,0.0,0.0,2.0
26.0,5.0,0.0,0.0,0.0,0.0,0.0,0.0,0.0,0.0,0.0,0.0,-1.0,0.0,1.0,31101.0,1.0,20.0,0.0,1.0,0.05,2.0,0.004997,0.0,0.0,2.0
26.0,5.0,0.0,0.0,0.0,0.0,0.0,0.0,0.0,0.0,0.0,0.0,-1.0,0.0,1.0,31101.0,1.0,20.0,0.0,1.0,0.05,2.0,0.004997,0.0,0.0,2.0
26.0,5.0,0.0,0.0,0.0,0.0,0.0,0.0,0.0,0.0,0.0,0.0,-1.0,0.0,1.0,31101.0,1.0,20.0,0.0,1.0,0.05,2.0,0.005997,0.0,0.0,2.0
26.0,5.0,0.0,0.0,0.0,0.0,0.0,0.0,0.0,0.0,0.0,0.0,-1.0,0.0,1.0,31101.0,1.0,20.0,0.0,1.0,0.05,2.0,0.005997,0.0,0.0,2.0
26.0,5.0,0.0,0.0,0.0,0.0,0.0,0.0,0.0,0.0,0.0,0.0,-1.0,0.0,1.0,31101.0,1.0,20.0,0.0,1.0,0.05,2.0,0.005997,0.0,0.0,2.0
26.0,5.0,0.0,0.0,0.0,0.0,0.0,0.0,0.0,0.0,0.0,0.0,-1.0,0.0,1.0,31101.0,1.0,20.0,0.0,1.0,0.05,2.0,0.057971,0.0,0.0,2.0
26.0,5.0,0.0,0.0,0.0,0.0,0.0,0.0,0.0,0.0,0.0,0.0,-1.0,0.0,1.0,31101.0,1.0,20.0,0.0,1.0,0.05,2.0,0.05897,0.0,0.0,2.0
26.0,5.0,0.0,0.0,0.0,0.0,0.0,0.0,0.0,0.0,0.0,0.0,-1.0,0.0,1.0,31101.0,1.0,20.0,0.0,1.0,0.05,2.0,0.05897,0.0,0.0,2.0
56.0,10.0,0.0,0.0,0.0,0.0,0.0,0.0,0.0,0.0,0.0,0.0,0.0,0.0,1.0,31151.0,1.0,20.0,0.0,1.0,0.05,2.0,0.05897,0.0,0.0,0.0
26.0,5.0,0.0,0.0,0.0,0.0,0.0,0.0,0.0,0.0,0.0,0.0,-1.0,0.0,1.0,31101.0,1.0,20.0,0.0,1.0,0.1,2.0,0.0,0.0,0.0,2.0
26.0,5.0,0.0,0.0,0.0,0.0,0.0,0.0,0.0,0.0,0.0,0.0,-1.0,0.0,1.0,31101.0,1.0,20.0,0.0,1.0,0.1,2.0,0.001999,0.0,0.0,2.0
26.0,5.0,0.0,0.0,0.0,0.0,0.0,0.0,0.0,0.0,0.0,0.0,-1.0,0.0,1.0,31101.0,1.0,20.0,0.0,1.0,0.1,2.0,0.001999,0.0,0.0,2.0
26.0,5.0,0.0,0.0,0.0,0.0,0.0,0.0,0.0,0.0,0.0,0.0,-1.0,0.0,1.0,31101.0,1.0,20.0,0.0,1.0,0.1,2.0,0.053973,0.0,0.0,2.0
26.0,5.0,0.0,0.0,0.0,0.0,0.0,0.0,0.0,0.0,0.0,0.0,-1.0,0.0,1.0,31101.0,1.0,20.0,0.0,1.0,0.1,2.0,0.053973,0.0,0.0,2.0
26.0,5.0,0.0,0.0,0.0,0.0,0.0,0.0,0.0,0.0,0.0,0.0,-1.0,0.0,1.0,31101.0,1.0,20.0,0.0,1.0,0.1,2.0,0.054973,0.0,0.0,2.0
26.0,5.0,0.0,0.0,0.0,0.0,0.0,0.0,0.0,0.0,0.0,0.0,-1.0,0.0,1.0,31101.0,1.0,20.0,0.0,1.0,0.1,2.0,0.055972,0.0,0.0,2.0
26.0,5.0,0.0,0.0,0.0,0.0,0.0,0.0,0.0,0.0,0.0,0.0,-1.0,0.0,1.0,31101.0,1.0,20.0,0.0,1.0,0.05,2.0,0.055972,0.0,0.0,2.0
26.0,5.0,0.0,0.0,0.0,0.0,0.0,0.0,0.0,0.0,0.0,0.0,-1.0,0.0,1.0,31101.0,1.0,20.0,0.0,1.0,0.05,2.0,0.056972,0.0,0.0,2.0
26.0,5.0,0.0,0.0,0.0,0.0,0.0,0.0,0.0,0.0,0.0,0.0,-1.0,0.0,1.0,31101.0,1.0,20.0,0.0,1.0,0.05,2.0,0.056972,0.0,0.0,2.0
26.0,5.0,0.0,0.0,0.0,0.0,0.0,0.0,0.0,0.0,0.0,0.0,-1.0,0.0,1.0,31101.0,1.0,20.0,0.0,1.0,0.05,2.0,0.056972,0.0,0.0,2.0
26.0,5.0,0.0,0.0,0.0,0.0,0.0,0.0,0.0,0.0,0.0,0.0,-1.0,0.0,1.0,31101.0,1.0,20.0,0.0,1.0,0.05,2.0,0.056972,0.0,0.0,2.0
56.0,10.0,0.0,0.0,0.0,0.0,0.0,0.0,0.0,0.0,0.0,0.0,0.0,0.0,1.0,31151.0,1.0,20.0,0.0,1.0,0.05,2.0,0.058971,0.0,0.0,0.0
26.0,5.0,0.0,0.0,0.0,0.0,0.0,0.0,0.0,0.0,0.0,0.0,-1.0,0.0,1.0,31101.0,1.0,20.0,0.0,1.0,0.1,2.0,0.0,0.0,0.0,2.0
26.0,5.0,0.0,0.0,0.0,0.0,0.0,0.0,0.0,0.0,0.0,0.0,-1.0,0.0,1.0,31101.0,1.0,20.0,0.0,1.0,0.1,2.0,0.0,0.0,0.0,2.0
26.0,5.0,0.0,0.0,0.0,0.0,0.0,0.0,0.0,0.0,0.0,0.0,-1.0,0.0,1.0,31101.0,1.0,20.0,0.0,1.0,0.1,2.0,0.0,0.0,0.0,2.0
26.0,5.0,0.0,0.0,0.0,0.0,0.0,0.0,0.0,0.0,0.0,0.0,-1.0,0.0,1.0,31101.0,1.0,20.0,0.0,1.0,0.1,2.0,0.001999,0.0,0.0,2.0
26.0,5.0,0.0,0.0,0.0,0.0,0.0,0.0,0.0,0.0,0.0,0.0,-1.0,0.0,1.0,31101.0,1.0,20.0,0.0,1.0,0.1,2.0,0.001999,0.0,0.0,2.0
26.0,5.0,0.0,0.0,0.0,0.0,0.0,0.0,0.0,0.0,0.0,0.0,-1.0,0.0,1.0,31101.0,1.0,20.0,0.0,1.0,0.1,2.0,0.001999,0.0,0.0,2.0
26.0,5.0,0.0,0.0,0.0,0.0,0.0,0.0,0.0,0.0,0.0,0.0,-1.0,0.0,1.0,31101.0,1.0,20.0,0.0,1.0,0.1,2.0,0.002998,0.0,0.0,2.0
26.0,5.0,0.0,0.0,0.0,0.0,0.0,0.0,0.0,0.0,0.0,0.0,-1.0,0.0,1.0,31101.0,1.0,20.0,0.0,1.0,0.05,2.0,0.002998,0.0,0.0,2.0
26.0,5.0,0.0,0.0,0.0,0.0,0.0,0.0,0.0,0.0,0.0,0.0,-1.0,0.0,1.0,31101.0,1.0,20.0,0.0,1.0,0.05,2.0,0.003998,0.0,0.0,2.0
26.0,5.0,0.0,0.0,0.0,0.0,0.0,0.0,0.0,0.0,0.0,0.0,-1.0,0.0,1.0,31101.0,1.0,20.0,0.0,1.0,0.05,2.0,0.003998,0.0,0.0,2.0
26.0,5.0,0.0,0.0,0.0,0.0,0.0,0.0,0.0,0.0,0.0,0.0,-1.0,0.0,1.0,31101.0,1.0,20.0,0.0,1.0,0.05,2.0,0.003998,0.0,0.0,2.0
26.0,5.0,0.0,0.0,0.0,0.0,0.0,0.0,0.0,0.0,0.0,0.0,-1.0,0.0,1.0,31101.0,1.0,20.0,0.0,1.0,0.05,2.0,0.005997,0.0,0.0,2.0
26.0,5.0,0.0,0.0,0.0,0.0,0.0,0.0,0.0,0.0,0.0,0.0,-1.0,0.0,1.0,31101.0,1.0,20.0,0.0,1.0,0.05,2.0,0.005997,0.0,0.0,2.0
56.0,10.0,0.0,0.0,0.0,0.0,0.0,0.0,0.0,0.0,0.0,0.0,0.0,0.0,1.0,31151.0,1.0,20.0,0.0,1.0,0.05,2.0,0.005997,0.0,0.0,0.0
26.0,5.0,0.0,0.0,0.0,0.0,0.0,0.0,0.0,0.0,0.0,0.0,-1.0,0.0,1.0,31101.0,1.0,20.0,0.0,1.0,0.1,2.0,0.0,0.0,0.0,2.0
26.0,5.0,0.0,0.0,0.0,0.0,0.0,0.0,0.0,0.0,0.0,0.0,-1.0,0.0,1.0,31101.0,1.0,20.0,0.0,1.0,0.1,2.0,0.0,0.0,0.0,2.0
26.0,5.0,0.0,0.0,0.0,0.0,0.0,0.0,0.0,0.0,0.0,0.0,-1.0,0.0,1.0,31101.0,1.0,20.0,0.0,1.0,0.1,2.0,0.001999,0.0,0.0,2.0
26.0,5.0,0.0,0.0,0.0,0.0,0.0,0.0,0.0,0.0,0.0,0.0,-1.0,0.0,1.0,31101.0,1.0,20.0,0.0,1.0,0.1,2.0,0.001999,0.0,0.0,2.0
26.0,5.0,0.0,0.0,0.0,0.0,0.0,0.0,0.0,0.0,0.0,0.0,-1.0,0.0,1.0,31101.0,1.0,20.0,0.0,1.0,0.1,2.0,0.001999,0.0,0.0,2.0
26.0,5.0,0.0,0.0,0.0,0.0,0.0,0.0,0.0,0.0,0.0,0.0,-1.0,0.0,1.0,31101.0,1.0,20.0,0.0,1.0,0.1,2.0,0.001999,0.0,0.0,2.0
26.0,5.0,0.0,0.0,0.0,0.0,0.0,0.0,0.0,0.0,0.0,0.0,-1.0,0.0,1.0,31101.0,1.0,20.0,0.0,1.0,0.05,2.0,0.003998,0.0,0.0,2.0
26.0,5.0,0.0,0.0,0.0,0.0,0.0,0.0,0.0,0.0,0.0,0.0,-1.0,0.0,1.0,31101.0,1.0,20.0,0.0,1.0,0.05,2.0,0.003998,0.0,0.0,2.0
26.0,5.0,0.0,0.0,0.0,0.0,0.0,0.0,0.0,0.0,0.0,0.0,-1.0,0.0,1.0,31101.0,1.0,20.0,0.0,1.0,0.05,2.0,0.003998,0.0,0.0,2.0
26.0,5.0,0.0,0.0,0.0,0.0,0.0,0.0,0.0,0.0,0.0,0.0,-1.0,0.0,1.0,31101.0,1.0,20.0,0.0,1.0,0.05,2.0,0.003998,0.0,0.0,2.0
26.0,5.0,0.0,0.0,0.0,0.0,0.0,0.0,0.0,0.0,0.0,0.0,-1.0,0.0,1.0,31101.0,1.0,20.0,0.0,1.0,0.05,2.0,0.004997,0.0,0.0,2.0
26.0,5.0,0.0,0.0,0.0,0.0,0.0,0.0,0.0,0.0,0.0,0.0,-1.0,0.0,1.0,31101.0,1.0,20.0,0.0,1.0,0.05,2.0,0.004997,0.0,0.0,2.0
26.0,5.0,0.0,0.0,0.0,0.0,0.0,0.0,0.0,0.0,0.0,0.0,-1.0,0.0,1.0,31101.0,1.0,20.0,0.0,1.0,0.05,2.0,0.005997,0.0,0.0,2.0
26.0,5.0,0.0,0.0,0.0,0.0,0.0,0.0,0.0,0.0,0.0,0.0,-1.0,0.0,1.0,31101.0,1.0,20.0,0.0,1.0,0.05,2.0,0.056971,0.0,0.0,2.0
26.0,5.0,0.0,0.0,0.0,0.0,0.0,0.0,0.0,0.0,0.0,0.0,-1.0,0.0,1.0,31101.0,1.0,20.0,0.0,1.0,0.05,2.0,0.056971,0.0,0.0,2.0
26.0,5.0,0.0,0.0,0.0,0.0,0.0,0.0,0.0,0.0,0.0,0.0,-1.0,0.0,1.0,31101.0,1.0,20.0,0.0,1.0,0.05,2.0,0.056971,0.0,0.0,2.0
26.0,5.0,0.0,0.0,0.0,0.0,0.0,0.0,0.0,0.0,0.0,0.0,-1.0,0.0,1.0,31101.0,1.0,20.0,0.0,1.0,0.05,2.0,0.056971,0.0,0.0,2.0
26.0,5.0,0.0,0.0,0.0,0.0,0.0,0.0,0.0,0.0,0.0,0.0,-1.0,0.0,1.0,31101.0,1.0,20.0,0.0,1.0,0.05,2.0,0.056971,0.0,0.0,2.0
26.0,5.0,0.0,0.0,0.0,0.0,0.0,0.0,0.0,0.0,0.0,0.0,-1.0,0.0,1.0,31101.0,1.0,20.0,0.0,1.0,0.05,2.0,0.056971,0.0,0.0,2.0
26.0,5.0,0.0,0.0,0.0,0.0,0.0,0.0,0.0,0.0,0.0,0.0,-1.0,0.0,1.0,31101.0,1.0,20.0,0.0,1.0,0.05,2.0,0.056971,0.0,0.0,2.0
26.0,5.0,0.0,0.0,0.0,0.0,0.0,0.0,0.0,0.0,0.0,0.0,-1.0,0.0,1.0,31101.0,1.0,20.0,0.0,1.0,0.0,1.0,999.0,0.0,0.0,2.0
26.0,5.0,0.0,0.0,0.0,0.0,0.0,0.0,0.0,0.0,0.0,0.0,-1.0,0.0,1.0,31101.0,1.0,20.0,0.0,1.0,0.0,1.0,999.0,0.0,0.0,2.0
26.0,5.0,0.0,0.0,0.0,0.0,0.0,0.0,0.0,0.0,0.0,0.0,-1.0,0.0,1.0,31101.0,1.0,20.0,0.0,1.0,0.0,1.0,999.0,0.0,0.0,2.0
26.0,5.0,0.0,0.0,0.0,0.0,0.0,0.0,0.0,0.0,0.0,0.0,-1.0,0.0,1.0,31101.0,1.0,20.0,0.0,1.0,0.0,1.0,999.0,0.0,0.0,2.0
26.0,5.0,0.0,0.0,0.0,0.0,0.0,0.0,0.0,0.0,0.0,0.0,-1.0,0.0,1.0,31101.0,1.0,20.0,0.0,1.0,0.0,1.0,999.0,0.0,0.0,2.0
26.0,5.0,0.0,0.0,0.0,0.0,0.0,0.0,0.0,0.0,0.0,0.0,-1.0,0.0,1.0,31101.0,1.0,20.0,0.0,1.0,0.0,1.0,999.0,0.0,0.0,2.0
26.0,5.0,0.0,0.0,0.0,0.0,0.0,0.0,0.0,0.0,0.0,0.0,-1.0,0.0,1.0,31101.0,1.0,20.0,0.0,1.0,0.0,1.0,999.0,0.0,0.0,2.0
26.0,5.0,0.0,0.0,0.0,0.0,0.0,0.0,0.0,0.0,0.0,0.0,-1.0,0.0,1.0,31101.0,1.0,20.0,0.0,1.0,0.0,1.0,999.0,0.0,0.0,2.0
26.0,5.0,0.0,0.0,0.0,0.0,0.0,0.0,0.0,0.0,0.0,0.0,-1.0,0.0,1.0,31101.0,1.0,20.0,0.0,1.0,0.0,1.0,999.0,0.0,0.0,2.0
26.0,5.0,0.0,0.0,0.0,0.0,0.0,0.0,0.0,0.0,0.0,0.0,-1.0,0.0,1.0,31101.0,1.0,20.0,0.0,1.0,0.0,1.0,999.0,0.0,0.0,2.0
26.0,5.0,0.0,0.0,0.0,0.0,0.0,0.0,0.0,0.0,0.0,0.0,-1.0,0.0,1.0,31101.0,1.0,20.0,0.0,1.0,0.0,1.0,999.0,0.0,0.0,2.0
26.0,5.0,0.0,0.0,0.0,0.0,0.0,0.0,0.0,0.0,0.0,0.0,-1.0,0.0,1.0,31101.0,1.0,20.0,0.0,1.0,0.0,1.0,999.0,0.0,0.0,2.0
26.0,5.0,0.0,0.0,0.0,0.0,0.0,0.0,0.0,0.0,0.0,0.0,-1.0,0.0,1.0,31101.0,1.0,20.0,0.0,1.0,0.0,1.0,999.0,0.0,0.0,2.0
26.0,5.0,0.0,0.0,0.0,0.0,0.0,0.0,0.0,0.0,0.0,0.0,-1.0,0.0,1.0,31101.0,1.0,20.0,0.0,1.0,0.0,1.0,999.0,0.0,0.0,2.0
26.0,5.0,0.0,0.0,0.0,0.0,0.0,0.0,0.0,0.0,0.0,0.0,-1.0,0.0,1.0,31101.0,1.0,20.0,0.0,1.0,0.0,1.0,999.0,0.0,0.0,2.0
26.0,5.0,0.0,0.0,0.0,0.0,0.0,0.0,0.0,0.0,0.0,0.0,-1.0,0.0,1.0,31101.0,1.0,20.0,0.0,1.0,0.0,1.0,999.0,0.0,0.0,2.0
26.0,5.0,0.0,0.0,0.0,0.0,0.0,0.0,0.0,0.0,0.0,0.0,-1.0,0.0,1.0,31101.0,1.0,20.0,0.0,1.0,0.0,1.0,999.0,0.0,0.0,2.0
56.0,10.0,0.0,0.0,0.0,0.0,0.0,0.0,0.0,0.0,0.0,0.0,0.0,0.0,1.0,31151.0,1.0,20.0,0.0,1.0,0.0,1.0,999.0,0.0,0.0,0.0
26.0,5.0,0.0,0.0,0.0,0.0,0.0,0.0,0.0,0.0,0.0,0.0,-1.0,0.0,1.0,31101.0,1.0,20.0,0.0,1.0,0.05,2.0,0.000999,0.0,0.0,2.0
26.0,5.0,0.0,0.0,0.0,0.0,0.0,0.0,0.0,0.0,0.0,0.0,-1.0,0.0,1.0,31101.0,1.0,20.0,0.0,1.0,0.05,2.0,0.000999,0.0,0.0,2.0
26.0,5.0,0.0,0.0,0.0,0.0,0.0,0.0,0.0,0.0,0.0,0.0,-1.0,0.0,1.0,31101.0,1.0,20.0,0.0,1.0,0.05,2.0,0.000999,0.0,0.0,2.0
26.0,5.0,0.0,0.0,0.0,0.0,0.0,0.0,0.0,0.0,0.0,0.0,-1.0,0.0,1.0,31101.0,1.0,20.0,0.0,1.0,0.05,2.0,0.000999,0.0,0.0,2.0
26.0,5.0,0.0,0.0,0.0,0.0,0.0,0.0,0.0,0.0,0.0,0.0,-1.0,0.0,1.0,31101.0,1.0,20.0,0.0,1.0,0.05,2.0,0.000999,0.0,0.0,2.0
26.0,5.0,0.0,0.0,0.0,0.0,0.0,0.0,0.0,0.0,0.0,0.0,-1.0,0.0,1.0,31101.0,1.0,20.0,0.0,1.0,0.05,2.0,0.000999,0.0,0.0,2.0
26.0,5.0,0.0,0.0,0.0,0.0,0.0,0.0,0.0,0.0,0.0,0.0,-1.0,0.0,1.0,31101.0,1.0,20.0,0.0,1.0,0.05,2.0,0.000999,0.0,0.0,2.0
26.0,5.0,0.0,0.0,0.0,0.0,0.0,0.0,0.0,0.0,0.0,0.0,-1.0,0.0,1.0,31101.0,1.0,20.0,0.0,1.0,0.05,2.0,0.003998,0.0,0.0,2.0
26.0,5.0,0.0,0.0,0.0,0.0,0.0,0.0,0.0,0.0,0.0,0.0,-1.0,0.0,1.0,31101.0,1.0,20.0,0.0,1.0,0.05,2.0,0.004997,0.0,0.0,2.0
26.0,5.0,0.0,0.0,0.0,0.0,0.0,0.0,0.0,0.0,0.0,0.0,-1.0,0.0,1.0,31101.0,1.0,20.0,0.0,1.0,0.05,2.0,0.004997,0.0,0.0,2.0
26.0,5.0,0.0,0.0,0.0,0.0,0.0,0.0,0.0,0.0,0.0,0.0,-1.0,0.0,1.0,31101.0,1.0,20.0,0.0,1.0,0.05,2.0,0.004997,0.0,0.0,2.0
26.0,5.0,0.0,0.0,0.0,0.0,0.0,0.0,0.0,0.0,0.0,0.0,-1.0,0.0,1.0,31101.0,1.0,20.0,0.0,1.0,0.05,2.0,0.005997,0.0,0.0,2.0
26.0,5.0,0.0,0.0,0.0,0.0,0.0,0.0,0.0,0.0,0.0,0.0,-1.0,0.0,1.0,31101.0,1.0,20.0,0.0,1.0,0.05,2.0,0.005997,0.0,0.0,2.0
56.0,10.0,0.0,0.0,0.0,0.0,0.0,0.0,0.0,0.0,0.0,0.0,0.0,0.0,1.0,31151.0,1.0,20.0,0.0,1.0,0.05,2.0,0.006996,0.0,0.0,0.0
26.0,5.0,0.0,0.0,0.0,0.0,0.0,0.0,0.0,0.0,0.0,0.0,-1.0,0.0,1.0,31101.0,1.0,20.0,0.0,1.0,0.1,2.0,0.0,0.0,0.0,2.0
26.0,5.0,0.0,0.0,0.0,0.0,0.0,0.0,0.0,0.0,0.0,0.0,-1.0,0.0,1.0,31101.0,1.0,20.0,0.0,1.0,0.1,2.0,0.001,0.0,0.0,2.0
26.0,5.0,0.0,0.0,0.0,0.0,0.0,0.0,0.0,0.0,0.0,0.0,-1.0,0.0,1.0,31101.0,1.0,20.0,0.0,1.0,0.1,2.0,0.001,0.0,0.0,2.0
26.0,5.0,0.0,0.0,0.0,0.0,0.0,0.0,0.0,0.0,0.0,0.0,-1.0,0.0,1.0,31101.0,1.0,20.0,0.0,1.0,0.1,2.0,0.001999,0.0,0.0,2.0
26.0,5.0,0.0,0.0,0.0,0.0,0.0,0.0,0.0,0.0,0.0,0.0,-1.0,0.0,1.0,31101.0,1.0,20.0,0.0,1.0,0.1,2.0,0.001999,0.0,0.0,2.0
26.0,5.0,0.0,0.0,0.0,0.0,0.0,0.0,0.0,0.0,0.0,0.0,-1.0,0.0,1.0,31101.0,1.0,20.0,0.0,1.0,0.1,2.0,0.052974,0.0,0.0,2.0
26.0,5.0,0.0,0.0,0.0,0.0,0.0,0.0,0.0,0.0,0.0,0.0,-1.0,0.0,1.0,31101.0,1.0,20.0,0.0,1.0,0.05,2.0,0.052974,0.0,0.0,2.0
26.0,5.0,0.0,0.0,0.0,0.0,0.0,0.0,0.0,0.0,0.0,0.0,-1.0,0.0,1.0,31101.0,1.0,20.0,0.0,1.0,0.05,2.0,0.052974,0.0,0.0,2.0
26.0,5.0,0.0,0.0,0.0,0.0,0.0,0.0,0.0,0.0,0.0,0.0,-1.0,0.0,1.0,31101.0,1.0,20.0,0.0,1.0,0.05,2.0,0.052974,0.0,0.0,2.0
26.0,5.0,0.0,0.0,0.0,0.0,0.0,0.0,0.0,0.0,0.0,0.0,-1.0,0.0,1.0,31101.0,1.0,20.0,0.0,1.0,0.05,2.0,0.052974,0.0,0.0,2.0
26.0,5.0,0.0,0.0,0.0,0.0,0.0,0.0,0.0,0.0,0.0,0.0,-1.0,0.0,1.0,31101.0,1.0,20.0,0.0,1.0,0.05,2.0,0.052974,0.0,0.0,2.0
26.0,5.0,0.0,0.0,0.0,0.0,0.0,0.0,0.0,0.0,0.0,0.0,-1.0,0.0,1.0,31101.0,1.0,20.0,0.0,1.0,0.05,2.0,0.052974,0.0,0.0,2.0
56.0,10.0,0.0,0.0,0.0,0.0,0.0,0.0,0.0,0.0,0.0,0.0,0.0,0.0,1.0,31151.0,1.0,20.0,0.0,1.0,0.05,2.0,0.052974,0.0,0.0,0.0
26.0,5.0,0.0,0.0,0.0,0.0,0.0,0.0,0.0,0.0,0.0,0.0,-1.0,0.0,1.0,31101.0,1.0,20.0,0.0,1.0,0.1,2.0,0.0,0.0,0.0,2.0
26.0,5.0,0.0,0.0,0.0,0.0,0.0,0.0,0.0,0.0,0.0,0.0,-1.0,0.0,1.0,31101.0,1.0,20.0,0.0,1.0,0.1,2.0,0.0,0.0,0.0,2.0
26.0,5.0,0.0,0.0,0.0,0.0,0.0,0.0,0.0,0.0,0.0,0.0,-1.0,0.0,1.0,31101.0,1.0,20.0,0.0,1.0,0.1,2.0,0.0,0.0,0.0,2.0
26.0,5.0,0.0,0.0,0.0,0.0,0.0,0.0,0.0,0.0,0.0,0.0,-1.0,0.0,1.0,31101.0,1.0,20.0,0.0,1.0,0.1,2.0,0.0,0.0,0.0,2.0
26.0,5.0,0.0,0.0,0.0,0.0,0.0,0.0,0.0,0.0,0.0,0.0,-1.0,0.0,1.0,31101.0,1.0,20.0,0.0,1.0,0.1,2.0,0.004997,0.0,0.0,2.0
26.0,5.0,0.0,0.0,0.0,0.0,0.0,0.0,0.0,0.0,0.0,0.0,-1.0,0.0,1.0,31101.0,1.0,20.0,0.0,1.0,0.1,2.0,0.004997,0.0,0.0,2.0
26.0,5.0,0.0,0.0,0.0,0.0,0.0,0.0,0.0,0.0,0.0,0.0,-1.0,0.0,1.0,31101.0,1.0,20.0,0.0,1.0,0.1,2.0,0.004997,0.0,0.0,2.0
26.0,5.0,0.0,0.0,0.0,0.0,0.0,0.0,0.0,0.0,0.0,0.0,-1.0,0.0,1.0,31101.0,1.0,20.0,0.0,1.0,0.05,2.0,0.004997,0.0,0.0,2.0
26.0,5.0,0.0,0.0,0.0,0.0,0.0,0.0,0.0,0.0,0.0,0.0,-1.0,0.0,1.0,31101.0,1.0,20.0,0.0,1.0,0.05,2.0,0.004997,0.0,0.0,2.0
26.0,5.0,0.0,0.0,0.0,0.0,0.0,0.0,0.0,0.0,0.0,0.0,-1.0,0.0,1.0,31101.0,1.0,20.0,0.0,1.0,0.05,2.0,0.004997,0.0,0.0,2.0
26.0,5.0,0.0,0.0,0.0,0.0,0.0,0.0,0.0,0.0,0.0,0.0,-1.0,0.0,1.0,31101.0,1.0,20.0,0.0,1.0,0.05,2.0,0.004997,0.0,0.0,2.0
26.0,5.0,0.0,0.0,0.0,0.0,0.0,0.0,0.0,0.0,0.0,0.0,-1.0,0.0,1.0,31101.0,1.0,20.0,0.0,1.0,0.05,2.0,0.006996,0.0,0.0,2.0
26.0,5.0,0.0,0.0,0.0,0.0,0.0,0.0,0.0,0.0,0.0,0.0,-1.0,0.0,1.0,31101.0,1.0,20.0,0.0,1.0,0.05,2.0,0.006996,0.0,0.0,2.0
56.0,10.0,0.0,0.0,0.0,0.0,0.0,0.0,0.0,0.0,0.0,0.0,0.0,0.0,1.0,31151.0,1.0,20.0,0.0,1.0,0.05,2.0,0.006996,0.0,0.0,0.0
26.0,5.0,0.0,0.0,0.0,0.0,0.0,0.0,0.0,0.0,0.0,0.0,-1.0,0.0,1.0,31101.0,1.0,20.0,0.0,1.0,0.1,2.0,0.0,0.0,0.0,2.0
26.0,5.0,0.0,0.0,0.0,0.0,0.0,0.0,0.0,0.0,0.0,0.0,-1.0,0.0,1.0,31101.0,1.0,20.0,0.0,1.0,0.1,2.0,0.0,0.0,0.0,2.0
26.0,5.0,0.0,0.0,0.0,0.0,0.0,0.0,0.0,0.0,0.0,0.0,-1.0,0.0,1.0,31101.0,1.0,20.0,0.0,1.0,0.1,2.0,0.0,0.0,0.0,2.0
26.0,5.0,0.0,0.0,0.0,0.0,0.0,0.0,0.0,0.0,0.0,0.0,-1.0,0.0,1.0,31101.0,1.0,20.0,0.0,1.0,0.1,2.0,0.0,0.0,0.0,2.0
26.0,5.0,0.0,0.0,0.0,0.0,0.0,0.0,0.0,0.0,0.0,0.0,-1.0,0.0,1.0,31101.0,1.0,20.0,0.0,1.0,0.1,2.0,0.0,0.0,0.0,2.0
26.0,5.0,0.0,0.0,0.0,0.0,0.0,0.0,0.0,0.0,0.0,0.0,-1.0,0.0,1.0,31101.0,1.0,20.0,0.0,1.0,0.1,2.0,0.0,0.0,0.0,2.0
26.0,5.0,0.0,0.0,0.0,0.0,0.0,0.0,0.0,0.0,0.0,0.0,-1.0,0.0,1.0,31101.0,1.0,20.0,0.0,1.0,0.05,2.0,0.178911,0.0,0.0,2.0
26.0,5.0,0.0,0.0,0.0,0.0,0.0,0.0,0.0,0.0,0.0,0.0,-1.0,0.0,1.0,31101.0,1.0,20.0,0.0,1.0,0.05,2.0,0.229885,0.0,0.0,2.0
26.0,5.0,0.0,0.0,0.0,0.0,0.0,0.0,0.0,0.0,0.0,0.0,-1.0,0.0,1.0,31101.0,1.0,20.0,0.0,1.0,0.05,2.0,0.229885,0.0,0.0,2.0
26.0,5.0,0.0,0.0,0.0,0.0,0.0,0.0,0.0,0.0,0.0,0.0,-1.0,0.0,1.0,31101.0,1.0,20.0,0.0,1.0,0.05,2.0,0.229885,0.0,0.0,2.0
26.0,5.0,0.0,0.0,0.0,0.0,0.0,0.0,0.0,0.0,0.0,0.0,-1.0,0.0,1.0,31101.0,1.0,20.0,0.0,1.0,0.05,2.0,0.229885,0.0,0.0,2.0
26.0,5.0,0.0,0.0,0.0,0.0,0.0,0.0,0.0,0.0,0.0,0.0,-1.0,0.0,1.0,31101.0,1.0,20.0,0.0,1.0,0.05,2.0,0.229885,0.0,0.0,2.0
26.0,5.0,0.0,0.0,0.0,0.0,0.0,0.0,0.0,0.0,0.0,0.0,-1.0,0.0,1.0,31101.0,1.0,20.0,0.0,1.0,0.05,2.0,0.28086,0.0,0.0,2.0
26.0,5.0,0.0,0.0,0.0,0.0,0.0,0.0,0.0,0.0,0.0,0.0,-1.0,0.0,1.0,31101.0,1.0,20.0,0.0,1.0,0.05,2.0,0.281859,0.0,0.0,2.0
26.0,5.0,0.0,0.0,0.0,0.0,0.0,0.0,0.0,0.0,0.0,0.0,-1.0,0.0,1.0,31101.0,1.0,20.0,0.0,1.0,0.05,2.0,0.282859,0.0,0.0,2.0
26.0,5.0,0.0,0.0,0.0,0.0,0.0,0.0,0.0,0.0,0.0,0.0,-1.0,0.0,1.0,31101.0,1.0,20.0,0.0,1.0,0.05,2.0,0.282859,0.0,0.0,2.0
26.0,5.0,0.0,0.0,0.0,0.0,0.0,0.0,0.0,0.0,0.0,0.0,-1.0,0.0,1.0,31101.0,1.0,20.0,0.0,1.0,0.05,2.0,0.283858,0.0,0.0,2.0
26.0,5.0,0.0,0.0,0.0,0.0,0.0,0.0,0.0,0.0,0.0,0.0,-1.0,0.0,1.0,31101.0,1.0,20.0,0.0,1.0,0.05,2.0,0.283858,0.0,0.0,2.0
26.0,5.0,0.0,0.0,0.0,0.0,0.0,0.0,0.0,0.0,0.0,0.0,-1.0,0.0,1.0,31101.0,1.0,20.0,0.0,1.0,0.05,2.0,0.283858,0.0,0.0,2.0
26.0,5.0,0.0,0.0,0.0,0.0,0.0,0.0,0.0,0.0,0.0,0.0,-1.0,0.0,1.0,31101.0,1.0,20.0,0.0,1.0,0.05,2.0,0.283858,0.0,0.0,2.0
26.0,5.0,0.0,0.0,0.0,0.0,0.0,0.0,0.0,0.0,0.0,0.0,-1.0,0.0,1.0,31101.0,1.0,20.0,0.0,1.0,0.0,1.0,999.0,0.0,0.0,2.0
26.0,5.0,0.0,0.0,0.0,0.0,0.0,0.0,0.0,0.0,0.0,0.0,-1.0,0.0,1.0,31101.0,1.0,20.0,0.0,1.0,0.0,1.0,999.0,0.0,0.0,2.0
26.0,5.0,0.0,0.0,0.0,0.0,0.0,0.0,0.0,0.0,0.0,0.0,-1.0,0.0,1.0,31101.0,1.0,20.0,0.0,1.0,0.0,1.0,999.0,0.0,0.0,2.0
26.0,5.0,0.0,0.0,0.0,0.0,0.0,0.0,0.0,0.0,0.0,0.0,-1.0,0.0,1.0,31101.0,1.0,20.0,0.0,1.0,0.0,1.0,999.0,0.0,0.0,2.0
26.0,5.0,0.0,0.0,0.0,0.0,0.0,0.0,0.0,0.0,0.0,0.0,-1.0,0.0,1.0,31101.0,1.0,20.0,0.0,1.0,0.0,1.0,999.0,0.0,0.0,2.0
26.0,5.0,0.0,0.0,0.0,0.0,0.0,0.0,0.0,0.0,0.0,0.0,-1.0,0.0,1.0,31101.0,1.0,20.0,0.0,1.0,0.0,1.0,999.0,0.0,0.0,2.0
26.0,5.0,0.0,0.0,0.0,0.0,0.0,0.0,0.0,0.0,0.0,0.0,-1.0,0.0,1.0,31101.0,1.0,20.0,0.0,1.0,0.0,1.0,999.0,0.0,0.0,2.0
26.0,5.0,0.0,0.0,0.0,0.0,0.0,0.0,0.0,0.0,0.0,0.0,-1.0,0.0,1.0,31101.0,1.0,20.0,0.0,1.0,0.0,1.0,999.0,0.0,0.0,2.0
26.0,5.0,0.0,0.0,0.0,0.0,0.0,0.0,0.0,0.0,0.0,0.0,-1.0,0.0,1.0,31101.0,1.0,20.0,0.0,1.0,0.0,1.0,999.0,0.0,0.0,2.0
26.0,5.0,0.0,0.0,0.0,0.0,0.0,0.0,0.0,0.0,0.0,0.0,-1.0,0.0,1.0,31101.0,1.0,20.0,0.0,1.0,0.0,1.0,999.0,0.0,0.0,2.0
26.0,5.0,0.0,0.0,0.0,0.0,0.0,0.0,0.0,0.0,0.0,0.0,-1.0,0.0,1.0,31101.0,1.0,20.0,0.0,1.0,0.0,1.0,999.0,0.0,0.0,2.0
26.0,5.0,0.0,0.0,0.0,0.0,0.0,0.0,0.0,0.0,0.0,0.0,-1.0,0.0,1.0,31101.0,1.0,20.0,0.0,1.0,0.0,1.0,999.0,0.0,0.0,2.0
26.0,5.0,0.0,0.0,0.0,0.0,0.0,0.0,0.0,0.0,0.0,0.0,-1.0,0.0,1.0,31101.0,1.0,20.0,0.0,1.0,0.0,1.0,999.0,0.0,0.0,2.0
26.0,5.0,0.0,0.0,0.0,0.0,0.0,0.0,0.0,0.0,0.0,0.0,-1.0,0.0,1.0,31101.0,1.0,20.0,0.0,1.0,0.0,1.0,999.0,0.0,0.0,2.0
26.0,5.0,0.0,0.0,0.0,0.0,0.0,0.0,0.0,0.0,0.0,0.0,-1.0,0.0,1.0,31101.0,1.0,20.0,0.0,1.0,0.0,1.0,999.0,0.0,0.0,2.0
26.0,5.0,0.0,0.0,0.0,0.0,0.0,0.0,0.0,0.0,0.0,0.0,-1.0,0.0,1.0,31101.0,1.0,20.0,0.0,1.0,0.0,1.0,999.0,0.0,0.0,2.0
26.0,5.0,0.0,0.0,0.0,0.0,0.0,0.0,0.0,0.0,0.0,0.0,-1.0,0.0,1.0,31101.0,1.0,20.0,0.0,1.0,0.0,1.0,999.0,0.0,0.0,2.0
26.0,5.0,0.0,0.0,0.0,0.0,0.0,0.0,0.0,0.0,0.0,0.0,-1.0,0.0,1.0,31101.0,1.0,20.0,0.0,1.0,0.0,1.0,999.0,0.0,0.0,2.0
26.0,5.0,0.0,0.0,0.0,0.0,0.0,0.0,0.0,0.0,0.0,0.0,-1.0,0.0,1.0,31101.0,1.0,20.0,0.0,1.0,0.0,1.0,999.0,0.0,0.0,2.0
26.0,5.0,0.0,0.0,0.0,0.0,0.0,0.0,0.0,0.0,0.0,0.0,-1.0,0.0,1.0,31101.0,1.0,20.0,0.0,1.0,0.0,1.0,999.0,0.0,0.0,2.0
26.0,5.0,0.0,0.0,0.0,0.0,0.0,0.0,0.0,0.0,0.0,0.0,-1.0,0.0,1.0,31101.0,1.0,20.0,0.0,1.0,0.0,1.0,999.0,0.0,0.0,2.0
26.0,5.0,0.0,0.0,0.0,0.0,0.0,0.0,0.0,0.0,0.0,0.0,-1.0,0.0,1.0,31101.0,1.0,20.0,0.0,1.0,0.0,1.0,999.0,0.0,0.0,2.0
26.0,5.0,0.0,0.0,0.0,0.0,0.0,0.0,0.0,0.0,0.0,0.0,-1.0,0.0,1.0,31101.0,1.0,20.0,0.0,1.0,0.0,1.0,999.0,0.0,0.0,2.0
26.0,5.0,0.0,0.0,0.0,0.0,0.0,0.0,0.0,0.0,0.0,0.0,-1.0,0.0,1.0,31101.0,1.0,20.0,0.0,1.0,0.0,1.0,999.0,0.0,0.0,2.0
26.0,5.0,0.0,0.0,0.0,0.0,0.0,0.0,0.0,0.0,0.0,0.0,-1.0,0.0,1.0,31101.0,1.0,20.0,0.0,1.0,0.0,1.0,999.0,0.0,0.0,2.0
26.0,5.0,0.0,0.0,0.0,0.0,0.0,0.0,0.0,0.0,0.0,0.0,-1.0,0.0,1.0,31101.0,1.0,20.0,0.0,1.0,0.0,1.0,999.0,0.0,0.0,2.0
26.0,5.0,0.0,0.0,0.0,0.0,0.0,0.0,0.0,0.0,0.0,0.0,-1.0,0.0,1.0,31101.0,1.0,20.0,0.0,1.0,0.0,1.0,999.0,0.0,0.0,2.0
26.0,5.0,0.0,0.0,0.0,0.0,0.0,0.0,0.0,0.0,0.0,0.0,-1.0,0.0,1.0,31101.0,1.0,20.0,0.0,1.0,0.0,1.0,999.0,0.0,0.0,2.0
26.0,5.0,0.0,0.0,0.0,0.0,0.0,0.0,0.0,0.0,0.0,0.0,-1.0,0.0,1.0,31101.0,1.0,20.0,0.0,1.0,0.0,1.0,999.0,0.0,0.0,2.0
26.0,5.0,0.0,0.0,0.0,0.0,0.0,0.0,0.0,0.0,0.0,0.0,-1.0,0.0,1.0,31101.0,1.0,20.0,0.0,1.0,0.0,1.0,999.0,0.0,0.0,2.0
26.0,5.0,0.0,0.0,0.0,0.0,0.0,0.0,0.0,0.0,0.0,0.0,-1.0,0.0,1.0,31101.0,1.0,20.0,0.0,1.0,0.0,1.0,999.0,0.0,0.0,2.0
26.0,5.0,0.0,0.0,0.0,0.0,0.0,0.0,0.0,0.0,0.0,0.0,-1.0,0.0,1.0,31101.0,1.0,20.0,0.0,1.0,0.0,1.0,999.0,0.0,0.0,2.0
26.0,5.0,0.0,0.0,0.0,0.0,0.0,0.0,0.0,0.0,0.0,0.0,-1.0,0.0,1.0,31101.0,1.0,20.0,0.0,1.0,0.0,1.0,999.0,0.0,0.0,2.0
26.0,5.0,0.0,0.0,0.0,0.0,0.0,0.0,0.0,0.0,0.0,0.0,-1.0,0.0,1.0,31101.0,1.0,20.0,0.0,1.0,0.0,1.0,999.0,0.0,0.0,2.0
26.0,5.0,0.0,0.0,0.0,0.0,0.0,0.0,0.0,0.0,0.0,0.0,-1.0,0.0,1.0,31101.0,1.0,20.0,0.0,1.0,0.0,1.0,999.0,0.0,0.0,2.0
26.0,5.0,0.0,0.0,0.0,0.0,0.0,0.0,0.0,0.0,0.0,0.0,-1.0,0.0,1.0,31101.0,1.0,20.0,0.0,1.0,0.0,1.0,999.0,0.0,0.0,2.0
26.0,5.0,0.0,0.0,0.0,0.0,0.0,0.0,0.0,0.0,0.0,0.0,-1.0,0.0,1.0,31101.0,1.0,20.0,0.0,1.0,0.0,1.0,999.0,0.0,0.0,2.0
26.0,5.0,0.0,0.0,0.0,0.0,0.0,0.0,0.0,0.0,0.0,0.0,-1.0,0.0,1.0,31101.0,1.0,20.0,0.0,1.0,0.0,1.0,999.0,0.0,0.0,2.0
26.0,5.0,0.0,0.0,0.0,0.0,0.0,0.0,0.0,0.0,0.0,0.0,-1.0,0.0,1.0,31101.0,1.0,20.0,0.0,1.0,0.0,1.0,999.0,0.0,0.0,2.0
26.0,5.0,0.0,0.0,0.0,0.0,0.0,0.0,0.0,0.0,0.0,0.0,-1.0,0.0,1.0,31101.0,1.0,20.0,0.0,1.0,0.0,1.0,999.0,0.0,0.0,2.0
26.0,5.0,0.0,0.0,0.0,0.0,0.0,0.0,0.0,0.0,0.0,0.0,-1.0,0.0,1.0,31101.0,1.0,20.0,0.0,1.0,0.0,1.0,999.0,0.0,0.0,2.0
26.0,5.0,0.0,0.0,0.0,0.0,0.0,0.0,0.0,0.0,0.0,0.0,-1.0,0.0,1.0,31101.0,1.0,20.0,0.0,1.0,0.0,1.0,999.0,0.0,0.0,2.0
26.0,5.0,0.0,0.0,0.0,0.0,0.0,0.0,0.0,0.0,0.0,0.0,-1.0,0.0,1.0,31101.0,1.0,20.0,0.0,1.0,0.0,1.0,999.0,0.0,0.0,2.0
26.0,5.0,0.0,0.0,0.0,0.0,0.0,0.0,0.0,0.0,0.0,0.0,-1.0,0.0,1.0,31101.0,1.0,20.0,0.0,1.0,0.0,1.0,999.0,0.0,0.0,2.0
26.0,5.0,0.0,0.0,0.0,0.0,0.0,0.0,0.0,0.0,0.0,0.0,-1.0,0.0,1.0,31101.0,1.0,20.0,0.0,1.0,0.0,1.0,999.0,0.0,0.0,2.0
26.0,5.0,0.0,0.0,0.0,0.0,0.0,0.0,0.0,0.0,0.0,0.0,-1.0,0.0,1.0,31101.0,1.0,20.0,0.0,1.0,0.0,1.0,999.0,0.0,0.0,2.0
26.0,5.0,0.0,0.0,0.0,0.0,0.0,0.0,0.0,0.0,0.0,0.0,-1.0,0.0,1.0,31101.0,1.0,20.0,0.0,1.0,0.0,1.0,999.0,0.0,0.0,2.0
26.0,5.0,0.0,0.0,0.0,0.0,0.0,0.0,0.0,0.0,0.0,0.0,-1.0,0.0,1.0,31101.0,1.0,20.0,0.0,1.0,0.0,1.0,999.0,0.0,0.0,2.0
26.0,5.0,0.0,0.0,0.0,0.0,0.0,0.0,0.0,0.0,0.0,0.0,-1.0,0.0,1.0,31101.0,1.0,20.0,0.0,1.0,0.0,1.0,999.0,0.0,0.0,2.0
26.0,5.0,0.0,0.0,0.0,0.0,0.0,0.0,0.0,0.0,0.0,0.0,-1.0,0.0,1.0,31101.0,1.0,20.0,0.0,1.0,0.0,1.0,999.0,0.0,0.0,2.0
26.0,5.0,0.0,0.0,0.0,0.0,0.0,0.0,0.0,0.0,0.0,0.0,-1.0,0.0,1.0,31101.0,1.0,20.0,0.0,1.0,0.0,1.0,999.0,0.0,0.0,2.0
26.0,5.0,0.0,0.0,0.0,0.0,0.0,0.0,0.0,0.0,0.0,0.0,-1.0,0.0,1.0,31101.0,1.0,20.0,0.0,1.0,0.0,1.0,999.0,0.0,0.0,2.0
26.0,5.0,0.0,0.0,0.0,0.0,0.0,0.0,0.0,0.0,0.0,0.0,-1.0,0.0,1.0,31101.0,1.0,20.0,0.0,1.0,0.0,1.0,999.0,0.0,0.0,2.0
26.0,5.0,0.0,0.0,0.0,0.0,0.0,0.0,0.0,0.0,0.0,0.0,-1.0,0.0,1.0,31101.0,1.0,20.0,0.0,1.0,0.0,1.0,999.0,0.0,0.0,2.0
26.0,5.0,0.0,0.0,0.0,0.0,0.0,0.0,0.0,0.0,0.0,0.0,-1.0,0.0,1.0,31101.0,1.0,20.0,0.0,1.0,0.0,1.0,999.0,0.0,0.0,2.0
56.0,10.0,0.0,0.0,0.0,0.0,0.0,0.0,0.0,0.0,0.0,0.0,0.0,0.0,1.0,31151.0,1.0,20.0,0.0,1.0,0.0,1.0,999.0,0.0,0.0,0.0
26.0,5.0,0.0,0.0,0.0,0.0,0.0,0.0,0.0,0.0,0.0,0.0,-1.0,0.0,1.0,31101.0,1.0,20.0,0.0,1.0,0.05,2.0,0.0,0.0,0.0,2.0
26.0,5.0,0.0,0.0,0.0,0.0,0.0,0.0,0.0,0.0,0.0,0.0,-1.0,0.0,1.0,31101.0,1.0,20.0,0.0,1.0,0.05,2.0,0.0,0.0,0.0,2.0
26.0,5.0,0.0,0.0,0.0,0.0,0.0,0.0,0.0,0.0,0.0,0.0,-1.0,0.0,1.0,31101.0,1.0,20.0,0.0,1.0,0.05,2.0,0.069965,0.0,0.0,2.0
26.0,5.0,0.0,0.0,0.0,0.0,0.0,0.0,0.0,0.0,0.0,0.0,-1.0,0.0,1.0,31101.0,1.0,20.0,0.0,1.0,0.05,2.0,0.069965,0.0,0.0,2.0
26.0,5.0,0.0,0.0,0.0,0.0,0.0,0.0,0.0,0.0,0.0,0.0,-1.0,0.0,1.0,31101.0,1.0,20.0,0.0,1.0,0.05,2.0,0.069965,0.0,0.0,2.0
26.0,5.0,0.0,0.0,0.0,0.0,0.0,0.0,0.0,0.0,0.0,0.0,-1.0,0.0,1.0,31101.0,1.0,20.0,0.0,1.0,0.05,2.0,0.069965,0.0,0.0,2.0
26.0,5.0,0.0,0.0,0.0,0.0,0.0,0.0,0.0,0.0,0.0,0.0,-1.0,0.0,1.0,31101.0,1.0,20.0,0.0,1.0,0.05,2.0,0.121939,0.0,0.0,2.0
26.0,5.0,0.0,0.0,0.0,0.0,0.0,0.0,0.0,0.0,0.0,0.0,-1.0,0.0,1.0,31101.0,1.0,20.0,0.0,1.0,0.05,2.0,0.122938,0.0,0.0,2.0
26.0,5.0,0.0,0.0,0.0,0.0,0.0,0.0,0.0,0.0,0.0,0.0,-1.0,0.0,1.0,31101.0,1.0,20.0,0.0,1.0,0.05,2.0,0.122938,0.0,0.0,2.0
26.0,5.0,0.0,0.0,0.0,0.0,0.0,0.0,0.0,0.0,0.0,0.0,-1.0,0.0,1.0,31101.0,1.0,20.0,0.0,1.0,0.05,2.0,0.122938,0.0,0.0,2.0
26.0,5.0,0.0,0.0,0.0,0.0,0.0,0.0,0.0,0.0,0.0,0.0,-1.0,0.0,1.0,31101.0,1.0,20.0,0.0,1.0,0.05,2.0,0.122938,0.0,0.0,2.0
26.0,5.0,0.0,0.0,0.0,0.0,0.0,0.0,0.0,0.0,0.0,0.0,-1.0,0.0,1.0,31101.0,1.0,20.0,0.0,1.0,0.05,2.0,0.31984,0.0,0.0,2.0
26.0,5.0,0.0,0.0,0.0,0.0,0.0,0.0,0.0,0.0,0.0,0.0,-1.0,0.0,1.0,31101.0,1.0,20.0,0.0,1.0,0.05,2.0,0.31984,0.0,0.0,2.0
26.0,5.0,0.0,0.0,0.0,0.0,0.0,0.0,0.0,0.0,0.0,0.0,-1.0,0.0,1.0,31101.0,1.0,20.0,0.0,1.0,0.05,2.0,0.31984,0.0,0.0,2.0
26.0,5.0,0.0,0.0,0.0,0.0,0.0,0.0,0.0,0.0,0.0,0.0,-1.0,0.0,1.0,31101.0,1.0,20.0,0.0,1.0,0.05,2.0,0.31984,0.0,0.0,2.0
26.0,5.0,0.0,0.0,0.0,0.0,0.0,0.0,0.0,0.0,0.0,0.0,-1.0,0.0,1.0,31101.0,1.0,20.0,0.0,1.0,0.05,2.0,0.31984,0.0,0.0,2.0
26.0,5.0,0.0,0.0,0.0,0.0,0.0,0.0,0.0,0.0,0.0,0.0,-1.0,0.0,1.0,31101.0,1.0,20.0,0.0,1.0,0.05,2.0,0.31984,0.0,0.0,2.0
26.0,5.0,0.0,0.0,0.0,0.0,0.0,0.0,0.0,0.0,0.0,0.0,-1.0,0.0,1.0,31101.0,1.0,20.0,0.0,1.0,0.05,2.0,0.31984,0.0,0.0,2.0
26.0,5.0,0.0,0.0,0.0,0.0,0.0,0.0,0.0,0.0,0.0,0.0,-1.0,0.0,1.0,31101.0,1.0,20.0,0.0,1.0,0.05,2.0,0.31984,0.0,0.0,2.0
26.0,5.0,0.0,0.0,0.0,0.0,0.0,0.0,0.0,0.0,0.0,0.0,-1.0,0.0,1.0,31101.0,1.0,20.0,0.0,1.0,0.05,2.0,0.373813,0.0,0.0,2.0
26.0,5.0,0.0,0.0,0.0,0.0,0.0,0.0,0.0,0.0,0.0,0.0,-1.0,0.0,1.0,31101.0,1.0,20.0,0.0,1.0,0.0,1.0,999.0,0.0,0.0,2.0
26.0,5.0,0.0,0.0,0.0,0.0,0.0,0.0,0.0,0.0,0.0,0.0,-1.0,0.0,1.0,31101.0,1.0,20.0,0.0,1.0,0.0,1.0,999.0,0.0,0.0,2.0
26.0,5.0,0.0,0.0,0.0,0.0,0.0,0.0,0.0,0.0,0.0,0.0,-1.0,0.0,1.0,31101.0,1.0,20.0,0.0,1.0,0.0,1.0,999.0,0.0,0.0,2.0
56.0,10.0,0.0,0.0,0.0,0.0,0.0,0.0,0.0,0.0,0.0,0.0,0.0,0.0,1.0,31151.0,1.0,20.0,0.0,1.0,0.0,1.0,999.0,0.0,0.0,0.0
26.0,5.0,0.0,0.0,0.0,0.0,0.0,0.0,0.0,0.0,0.0,0.0,-1.0,0.0,1.0,31101.0,1.0,20.0,0.0,1.0,0.05,2.0,0.0,0.0,0.0,2.0
26.0,5.0,0.0,0.0,0.0,0.0,0.0,0.0,0.0,0.0,0.0,0.0,-1.0,0.0,1.0,31101.0,1.0,20.0,0.0,1.0,0.05,2.0,0.0,0.0,0.0,2.0
26.0,5.0,0.0,0.0,0.0,0.0,0.0,0.0,0.0,0.0,0.0,0.0,-1.0,0.0,1.0,31101.0,1.0,20.0,0.0,1.0,0.05,2.0,0.004997,0.0,0.0,2.0
26.0,5.0,0.0,0.0,0.0,0.0,0.0,0.0,0.0,0.0,0.0,0.0,-1.0,0.0,1.0,31101.0,1.0,20.0,0.0,1.0,0.05,2.0,0.005997,0.0,0.0,2.0
26.0,5.0,0.0,0.0,0.0,0.0,0.0,0.0,0.0,0.0,0.0,0.0,-1.0,0.0,1.0,31101.0,1.0,20.0,0.0,1.0,0.05,2.0,0.005997,0.0,0.0,2.0
26.0,5.0,0.0,0.0,0.0,0.0,0.0,0.0,0.0,0.0,0.0,0.0,-1.0,0.0,1.0,31101.0,1.0,20.0,0.0,1.0,0.05,2.0,0.005997,0.0,0.0,2.0
26.0,5.0,0.0,0.0,0.0,0.0,0.0,0.0,0.0,0.0,0.0,0.0,-1.0,0.0,1.0,31101.0,1.0,20.0,0.0,1.0,0.05,2.0,0.005997,0.0,0.0,2.0
26.0,5.0,0.0,0.0,0.0,0.0,0.0,0.0,0.0,0.0,0.0,0.0,-1.0,0.0,1.0,31101.0,1.0,20.0,0.0,1.0,0.05,2.0,0.005997,0.0,0.0,2.0
26.0,5.0,0.0,0.0,0.0,0.0,0.0,0.0,0.0,0.0,0.0,0.0,-1.0,0.0,1.0,31101.0,1.0,20.0,0.0,1.0,0.05,2.0,0.005997,0.0,0.0,2.0
26.0,5.0,0.0,0.0,0.0,0.0,0.0,0.0,0.0,0.0,0.0,0.0,-1.0,0.0,1.0,31101.0,1.0,20.0,0.0,1.0,0.05,2.0,0.005997,0.0,0.0,2.0
26.0,5.0,0.0,0.0,0.0,0.0,0.0,0.0,0.0,0.0,0.0,0.0,-1.0,0.0,1.0,31101.0,1.0,20.0,0.0,1.0,0.05,2.0,0.005997,0.0,0.0,2.0
26.0,5.0,0.0,0.0,0.0,0.0,0.0,0.0,0.0,0.0,0.0,0.0,-1.0,0.0,1.0,31101.0,1.0,20.0,0.0,1.0,0.05,2.0,0.008995,0.0,0.0,2.0
26.0,5.0,0.0,0.0,0.0,0.0,0.0,0.0,0.0,0.0,0.0,0.0,-1.0,0.0,1.0,31101.0,1.0,20.0,0.0,1.0,0.05,2.0,0.008995,0.0,0.0,2.0
26.0,5.0,0.0,0.0,0.0,0.0,0.0,0.0,0.0,0.0,0.0,0.0,-1.0,0.0,1.0,31101.0,1.0,20.0,0.0,1.0,0.05,2.0,0.069965,0.0,0.0,2.0
26.0,5.0,0.0,0.0,0.0,0.0,0.0,0.0,0.0,0.0,0.0,0.0,-1.0,0.0,1.0,31101.0,1.0,20.0,0.0,1.0,0.05,2.0,0.069965,0.0,0.0,2.0
26.0,5.0,0.0,0.0,0.0,0.0,0.0,0.0,0.0,0.0,0.0,0.0,-1.0,0.0,1.0,31101.0,1.0,20.0,0.0,1.0,0.05,2.0,0.069965,0.0,0.0,2.0
26.0,5.0,0.0,0.0,0.0,0.0,0.0,0.0,0.0,0.0,0.0,0.0,-1.0,0.0,1.0,31101.0,1.0,20.0,0.0,1.0,0.05,2.0,0.242878,0.0,0.0,2.0
26.0,5.0,0.0,0.0,0.0,0.0,0.0,0.0,0.0,0.0,0.0,0.0,-1.0,0.0,1.0,31101.0,1.0,20.0,0.0,1.0,0.05,2.0,0.243878,0.0,0.0,2.0
26.0,5.0,0.0,0.0,0.0,0.0,0.0,0.0,0.0,0.0,0.0,0.0,-1.0,0.0,1.0,31101.0,1.0,20.0,0.0,1.0,0.05,2.0,0.243878,0.0,0.0,2.0
26.0,5.0,0.0,0.0,0.0,0.0,0.0,0.0,0.0,0.0,0.0,0.0,-1.0,0.0,1.0,31101.0,1.0,20.0,0.0,1.0,0.05,2.0,0.243878,0.0,0.0,2.0
26.0,5.0,0.0,0.0,0.0,0.0,0.0,0.0,0.0,0.0,0.0,0.0,-1.0,0.0,1.0,31101.0,1.0,20.0,0.0,1.0,0.0,1.0,999.0,0.0,0.0,2.0
26.0,5.0,0.0,0.0,0.0,0.0,0.0,0.0,0.0,0.0,0.0,0.0,-1.0,0.0,1.0,31101.0,1.0,20.0,0.0,1.0,0.0,1.0,999.0,0.0,0.0,2.0
26.0,5.0,0.0,0.0,0.0,0.0,0.0,0.0,0.0,0.0,0.0,0.0,-1.0,0.0,1.0,31101.0,1.0,20.0,0.0,1.0,0.0,1.0,999.0,0.0,0.0,2.0
26.0,5.0,0.0,0.0,0.0,0.0,0.0,0.0,0.0,0.0,0.0,0.0,-1.0,0.0,1.0,31101.0,1.0,20.0,0.0,1.0,0.0,1.0,999.0,0.0,0.0,2.0
26.0,5.0,0.0,0.0,0.0,0.0,0.0,0.0,0.0,0.0,0.0,0.0,-1.0,0.0,1.0,31101.0,1.0,20.0,0.0,1.0,0.0,1.0,999.0,0.0,0.0,2.0
26.0,5.0,0.0,0.0,0.0,0.0,0.0,0.0,0.0,0.0,0.0,0.0,-1.0,0.0,1.0,31101.0,1.0,20.0,0.0,1.0,0.0,1.0,999.0,0.0,0.0,2.0
26.0,5.0,0.0,0.0,0.0,0.0,0.0,0.0,0.0,0.0,0.0,0.0,-1.0,0.0,1.0,31101.0,1.0,20.0,0.0,1.0,0.0,1.0,999.0,0.0,0.0,2.0
26.0,5.0,0.0,0.0,0.0,0.0,0.0,0.0,0.0,0.0,0.0,0.0,-1.0,0.0,1.0,31101.0,1.0,20.0,0.0,1.0,0.0,1.0,999.0,0.0,0.0,2.0
26.0,5.0,0.0,0.0,0.0,0.0,0.0,0.0,0.0,0.0,0.0,0.0,-1.0,0.0,1.0,31101.0,1.0,20.0,0.0,1.0,0.0,1.0,999.0,0.0,0.0,2.0
26.0,5.0,0.0,0.0,0.0,0.0,0.0,0.0,0.0,0.0,0.0,0.0,-1.0,0.0,1.0,31101.0,1.0,20.0,0.0,1.0,0.0,1.0,999.0,0.0,0.0,2.0
26.0,5.0,0.0,0.0,0.0,0.0,0.0,0.0,0.0,0.0,0.0,0.0,-1.0,0.0,1.0,31101.0,1.0,20.0,0.0,1.0,0.0,1.0,999.0,0.0,0.0,2.0
26.0,5.0,0.0,0.0,0.0,0.0,0.0,0.0,0.0,0.0,0.0,0.0,-1.0,0.0,1.0,31101.0,1.0,20.0,0.0,1.0,0.0,1.0,999.0,0.0,0.0,2.0
26.0,5.0,0.0,0.0,0.0,0.0,0.0,0.0,0.0,0.0,0.0,0.0,-1.0,0.0,1.0,31101.0,1.0,20.0,0.0,1.0,0.0,1.0,999.0,0.0,0.0,2.0
26.0,5.0,0.0,0.0,0.0,0.0,0.0,0.0,0.0,0.0,0.0,0.0,-1.0,0.0,1.0,31101.0,1.0,20.0,0.0,1.0,0.0,1.0,999.0,0.0,0.0,2.0
26.0,5.0,0.0,0.0,0.0,0.0,0.0,0.0,0.0,0.0,0.0,0.0,-1.0,0.0,1.0,31101.0,1.0,20.0,0.0,1.0,0.0,1.0,999.0,0.0,0.0,2.0
26.0,5.0,0.0,0.0,0.0,0.0,0.0,0.0,0.0,0.0,0.0,0.0,-1.0,0.0,1.0,31101.0,1.0,20.0,0.0,1.0,0.0,1.0,999.0,0.0,0.0,2.0
26.0,5.0,0.0,0.0,0.0,0.0,0.0,0.0,0.0,0.0,0.0,0.0,-1.0,0.0,1.0,31101.0,1.0,20.0,0.0,1.0,0.0,1.0,999.0,0.0,0.0,2.0
56.0,10.0,0.0,0.0,0.0,0.0,0.0,0.0,0.0,0.0,0.0,0.0,0.0,0.0,1.0,31151.0,1.0,20.0,0.0,1.0,0.0,1.0,999.0,0.0,0.0,0.0
26.0,5.0,0.0,0.0,0.0,0.0,0.0,0.0,0.0,0.0,0.0,0.0,-1.0,0.0,1.0,31101.0,1.0,20.0,0.0,1.0,0.05,2.0,0.0,0.0,0.0,2.0
26.0,5.0,0.0,0.0,0.0,0.0,0.0,0.0,0.0,0.0,0.0,0.0,-1.0,0.0,1.0,31101.0,1.0,20.0,0.0,1.0,0.05,2.0,0.0,0.0,0.0,2.0
26.0,5.0,0.0,0.0,0.0,0.0,0.0,0.0,0.0,0.0,0.0,0.0,-1.0,0.0,1.0,31101.0,1.0,20.0,0.0,1.0,0.05,2.0,0.348825,0.0,0.0,2.0
26.0,5.0,0.0,0.0,0.0,0.0,0.0,0.0,0.0,0.0,0.0,0.0,-1.0,0.0,1.0,31101.0,1.0,20.0,0.0,1.0,0.05,2.0,0.348825,0.0,0.0,2.0
26.0,5.0,0.0,0.0,0.0,0.0,0.0,0.0,0.0,0.0,0.0,0.0,-1.0,0.0,1.0,31101.0,1.0,20.0,0.0,1.0,0.05,2.0,0.350824,0.0,0.0,2.0
26.0,5.0,0.0,0.0,0.0,0.0,0.0,0.0,0.0,0.0,0.0,0.0,-1.0,0.0,1.0,31101.0,1.0,20.0,0.0,1.0,0.05,2.0,0.353823,0.0,0.0,2.0
26.0,5.0,0.0,0.0,0.0,0.0,0.0,0.0,0.0,0.0,0.0,0.0,-1.0,0.0,1.0,31101.0,1.0,20.0,0.0,1.0,0.05,2.0,0.353823,0.0,0.0,2.0
26.0,5.0,0.0,0.0,0.0,0.0,0.0,0.0,0.0,0.0,0.0,0.0,-1.0,0.0,1.0,31101.0,1.0,20.0,0.0,1.0,0.05,2.0,0.366816,0.0,0.0,2.0
26.0,5.0,0.0,0.0,0.0,0.0,0.0,0.0,0.0,0.0,0.0,0.0,-1.0,0.0,1.0,31101.0,1.0,20.0,0.0,1.0,0.05,2.0,0.366816,0.0,0.0,2.0
26.0,5.0,0.0,0.0,0.0,0.0,0.0,0.0,0.0,0.0,0.0,0.0,-1.0,0.0,1.0,31101.0,1.0,20.0,0.0,1.0,0.05,2.0,0.367816,0.0,0.0,2.0
26.0,5.0,0.0,0.0,0.0,0.0,0.0,0.0,0.0,0.0,0.0,0.0,-1.0,0.0,1.0,31101.0,1.0,20.0,0.0,1.0,0.05,2.0,0.370814,0.0,0.0,2.0
26.0,5.0,0.0,0.0,0.0,0.0,0.0,0.0,0.0,0.0,0.0,0.0,-1.0,0.0,1.0,31101.0,1.0,20.0,0.0,1.0,0.05,2.0,0.370814,0.0,0.0,2.0
56.0,10.0,0.0,0.0,0.0,0.0,0.0,0.0,0.0,0.0,0.0,0.0,0.0,0.0,1.0,31151.0,1.0,20.0,0.0,1.0,0.05,2.0,0.370814,0.0,0.0,0.0
26.0,5.0,0.0,0.0,0.0,0.0,0.0,0.0,0.0,0.0,0.0,0.0,-1.0,0.0,1.0,31101.0,1.0,20.0,0.0,1.0,0.1,2.0,0.0,0.0,0.0,2.0
26.0,5.0,0.0,0.0,0.0,0.0,0.0,0.0,0.0,0.0,0.0,0.0,-1.0,0.0,1.0,31101.0,1.0,20.0,0.0,1.0,0.1,2.0,0.0,0.0,0.0,2.0
26.0,5.0,0.0,0.0,0.0,0.0,0.0,0.0,0.0,0.0,0.0,0.0,-1.0,0.0,1.0,31101.0,1.0,20.0,0.0,1.0,0.1,2.0,0.002999,0.0,0.0,2.0
26.0,5.0,0.0,0.0,0.0,0.0,0.0,0.0,0.0,0.0,0.0,0.0,-1.0,0.0,1.0,31101.0,1.0,20.0,0.0,1.0,0.1,2.0,0.002999,0.0,0.0,2.0
26.0,5.0,0.0,0.0,0.0,0.0,0.0,0.0,0.0,0.0,0.0,0.0,-1.0,0.0,1.0,31101.0,1.0,20.0,0.0,1.0,0.1,2.0,0.002999,0.0,0.0,2.0
26.0,5.0,0.0,0.0,0.0,0.0,0.0,0.0,0.0,0.0,0.0,0.0,-1.0,0.0,1.0,31101.0,1.0,20.0,0.0,1.0,0.1,2.0,0.002999,0.0,0.0,2.0
26.0,5.0,0.0,0.0,0.0,0.0,0.0,0.0,0.0,0.0,0.0,0.0,-1.0,0.0,1.0,31101.0,1.0,20.0,0.0,1.0,0.1,2.0,0.002999,0.0,0.0,2.0
26.0,5.0,0.0,0.0,0.0,0.0,0.0,0.0,0.0,0.0,0.0,0.0,-1.0,0.0,1.0,31101.0,1.0,20.0,0.0,1.0,0.05,2.0,0.002999,0.0,0.0,2.0
26.0,5.0,0.0,0.0,0.0,0.0,0.0,0.0,0.0,0.0,0.0,0.0,-1.0,0.0,1.0,31101.0,1.0,20.0,0.0,1.0,0.05,2.0,0.002999,0.0,0.0,2.0
26.0,5.0,0.0,0.0,0.0,0.0,0.0,0.0,0.0,0.0,0.0,0.0,-1.0,0.0,1.0,31101.0,1.0,20.0,0.0,1.0,0.05,2.0,0.002999,0.0,0.0,2.0
26.0,5.0,0.0,0.0,0.0,0.0,0.0,0.0,0.0,0.0,0.0,0.0,-1.0,0.0,1.0,31101.0,1.0,20.0,0.0,1.0,0.05,2.0,0.002999,0.0,0.0,2.0
26.0,5.0,0.0,0.0,0.0,0.0,0.0,0.0,0.0,0.0,0.0,0.0,-1.0,0.0,1.0,31101.0,1.0,20.0,0.0,1.0,0.05,2.0,0.002999,0.0,0.0,2.0
26.0,5.0,0.0,0.0,0.0,0.0,0.0,0.0,0.0,0.0,0.0,0.0,-1.0,0.0,1.0,31101.0,1.0,20.0,0.0,1.0,0.05,2.0,0.002999,0.0,0.0,2.0
56.0,10.0,0.0,0.0,0.0,0.0,0.0,0.0,0.0,0.0,0.0,0.0,0.0,0.0,1.0,31151.0,1.0,20.0,0.0,1.0,0.05,2.0,0.002999,0.0,0.0,0.0
26.0,5.0,0.0,0.0,0.0,0.0,0.0,0.0,0.0,0.0,0.0,0.0,-1.0,0.0,1.0,31101.0,1.0,20.0,0.0,1.0,0.1,2.0,0.0,0.0,0.0,2.0
26.0,5.0,0.0,0.0,0.0,0.0,0.0,0.0,0.0,0.0,0.0,0.0,-1.0,0.0,1.0,31101.0,1.0,20.0,0.0,1.0,0.1,2.0,0.0,0.0,0.0,2.0
26.0,5.0,0.0,0.0,0.0,0.0,0.0,0.0,0.0,0.0,0.0,0.0,-1.0,0.0,1.0,31101.0,1.0,20.0,0.0,1.0,0.1,2.0,0.0,0.0,0.0,2.0
26.0,5.0,0.0,0.0,0.0,0.0,0.0,0.0,0.0,0.0,0.0,0.0,-1.0,0.0,1.0,31101.0,1.0,20.0,0.0,1.0,0.1,2.0,0.391804,0.0,0.0,2.0
26.0,5.0,0.0,0.0,0.0,0.0,0.0,0.0,0.0,0.0,0.0,0.0,-1.0,0.0,1.0,31101.0,1.0,20.0,0.0,1.0,0.1,2.0,0.391804,0.0,0.0,2.0
26.0,5.0,0.0,0.0,0.0,0.0,0.0,0.0,0.0,0.0,0.0,0.0,-1.0,0.0,1.0,31101.0,1.0,20.0,0.0,1.0,0.1,2.0,0.391804,0.0,0.0,2.0
26.0,5.0,0.0,0.0,0.0,0.0,0.0,0.0,0.0,0.0,0.0,0.0,-1.0,0.0,1.0,31101.0,1.0,20.0,0.0,1.0,0.05,2.0,0.391804,0.0,0.0,2.0
26.0,5.0,0.0,0.0,0.0,0.0,0.0,0.0,0.0,0.0,0.0,0.0,-1.0,0.0,1.0,31101.0,1.0,20.0,0.0,1.0,0.05,2.0,0.391804,0.0,0.0,2.0
26.0,5.0,0.0,0.0,0.0,0.0,0.0,0.0,0.0,0.0,0.0,0.0,-1.0,0.0,1.0,31101.0,1.0,20.0,0.0,1.0,0.05,2.0,0.545727,0.0,0.0,2.0
26.0,5.0,0.0,0.0,0.0,0.0,0.0,0.0,0.0,0.0,0.0,0.0,-1.0,0.0,1.0,31101.0,1.0,20.0,0.0,1.0,0.05,2.0,0.545727,0.0,0.0,2.0
26.0,5.0,0.0,0.0,0.0,0.0,0.0,0.0,0.0,0.0,0.0,0.0,-1.0,0.0,1.0,31101.0,1.0,20.0,0.0,1.0,0.05,2.0,0.545727,0.0,0.0,2.0
56.0,10.0,0.0,0.0,0.0,0.0,0.0,0.0,0.0,0.0,0.0,0.0,0.0,0.0,1.0,31151.0,1.0,20.0,0.0,1.0,0.05,2.0,0.722638,0.0,0.0,0.0
26.0,5.0,0.0,0.0,0.0,0.0,0.0,0.0,0.0,0.0,0.0,0.0,-1.0,0.0,1.0,31101.0,1.0,20.0,0.0,1.0,0.1,2.0,0.0,0.0,0.0,2.0
26.0,5.0,0.0,0.0,0.0,0.0,0.0,0.0,0.0,0.0,0.0,0.0,-1.0,0.0,1.0,31101.0,1.0,20.0,0.0,1.0,0.1,2.0,0.0,0.0,0.0,2.0
26.0,5.0,0.0,0.0,0.0,0.0,0.0,0.0,0.0,0.0,0.0,0.0,-1.0,0.0,1.0,31101.0,1.0,20.0,0.0,1.0,0.1,2.0,0.269865,0.0,0.0,2.0
26.0,5.0,0.0,0.0,0.0,0.0,0.0,0.0,0.0,0.0,0.0,0.0,-1.0,0.0,1.0,31101.0,1.0,20.0,0.0,1.0,0.1,2.0,0.273863,0.0,0.0,2.0
26.0,5.0,0.0,0.0,0.0,0.0,0.0,0.0,0.0,0.0,0.0,0.0,-1.0,0.0,1.0,31101.0,1.0,20.0,0.0,1.0,0.1,2.0,0.273863,0.0,0.0,2.0
26.0,5.0,0.0,0.0,0.0,0.0,0.0,0.0,0.0,0.0,0.0,0.0,-1.0,0.0,1.0,31101.0,1.0,20.0,0.0,1.0,0.1,2.0,0.273863,0.0,0.0,2.0
26.0,5.0,0.0,0.0,0.0,0.0,0.0,0.0,0.0,0.0,0.0,0.0,-1.0,0.0,1.0,31101.0,1.0,20.0,0.0,1.0,0.1,2.0,0.273863,0.0,0.0,2.0
26.0,5.0,0.0,0.0,0.0,0.0,0.0,0.0,0.0,0.0,0.0,0.0,-1.0,0.0,1.0,31101.0,1.0,20.0,0.0,1.0,0.1,2.0,0.273863,0.0,0.0,2.0
26.0,5.0,0.0,0.0,0.0,0.0,0.0,0.0,0.0,0.0,0.0,0.0,-1.0,0.0,1.0,31101.0,1.0,20.0,0.0,1.0,0.05,2.0,0.273863,0.0,0.0,2.0
26.0,5.0,0.0,0.0,0.0,0.0,0.0,0.0,0.0,0.0,0.0,0.0,-1.0,0.0,1.0,31101.0,1.0,20.0,0.0,1.0,0.05,2.0,0.273863,0.0,0.0,2.0
26.0,5.0,0.0,0.0,0.0,0.0,0.0,0.0,0.0,0.0,0.0,0.0,-1.0,0.0,1.0,31101.0,1.0,20.0,0.0,1.0,0.05,2.0,0.273863,0.0,0.0,2.0
26.0,5.0,0.0,0.0,0.0,0.0,0.0,0.0,0.0,0.0,0.0,0.0,-1.0,0.0,1.0,31101.0,1.0,20.0,0.0,1.0,0.05,2.0,0.273863,0.0,0.0,2.0
26.0,5.0,0.0,0.0,0.0,0.0,0.0,0.0,0.0,0.0,0.0,0.0,-1.0,0.0,1.0,31101.0,1.0,20.0,0.0,1.0,0.05,2.0,0.327836,0.0,0.0,2.0
26.0,5.0,0.0,0.0,0.0,0.0,0.0,0.0,0.0,0.0,0.0,0.0,-1.0,0.0,1.0,31101.0,1.0,20.0,0.0,1.0,0.05,2.0,0.327836,0.0,0.0,2.0
26.0,5.0,0.0,0.0,0.0,0.0,0.0,0.0,0.0,0.0,0.0,0.0,-1.0,0.0,1.0,31101.0,1.0,20.0,0.0,1.0,0.05,2.0,0.327836,0.0,0.0,2.0
26.0,5.0,0.0,0.0,0.0,0.0,0.0,0.0,0.0,0.0,0.0,0.0,-1.0,0.0,1.0,31101.0,1.0,20.0,0.0,1.0,0.05,2.0,0.327836,0.0,0.0,2.0
26.0,5.0,0.0,0.0,0.0,0.0,0.0,0.0,0.0,0.0,0.0,0.0,-1.0,0.0,1.0,31101.0,1.0,20.0,0.0,1.0,0.05,2.0,0.327836,0.0,0.0,2.0
26.0,5.0,0.0,0.0,0.0,0.0,0.0,0.0,1.0,0.0,0.0,0.0,-1.0,0.0,1.0,31101.0,1.0,20.0,0.0,1.0,0.05,2.0,0.327836,0.0,0.0,2.0
26.0,5.0,0.0,0.0,0.0,0.0,0.0,0.0,1.0,0.0,0.0,0.0,-1.0,0.0,1.0,31101.0,1.0,20.0,0.0,1.0,0.05,2.0,0.327836,0.0,0.0,2.0
26.0,5.0,0.0,0.0,0.0,0.0,0.0,0.0,1.0,0.0,0.0,0.0,-1.0,0.0,1.0,31101.0,1.0,20.0,0.0,1.0,0.05,2.0,0.327836,0.0,0.0,2.0
26.0,5.0,0.0,0.0,0.0,0.0,0.0,0.0,0.0,0.0,0.0,0.0,-1.0,0.0,1.0,31101.0,1.0,20.0,0.0,1.0,0.0,1.0,999.0,0.0,0.0,2.0
26.0,5.0,0.0,0.0,0.0,0.0,0.0,0.0,0.0,0.0,0.0,0.0,-1.0,0.0,1.0,31101.0,1.0,20.0,0.0,1.0,0.0,1.0,999.0,0.0,0.0,2.0
26.0,5.0,0.0,0.0,0.0,0.0,0.0,0.0,1.0,0.0,0.0,0.0,-1.0,0.0,1.0,31101.0,1.0,20.0,0.0,1.0,0.0,1.0,999.0,0.0,0.0,2.0
26.0,5.0,0.0,0.0,0.0,0.0,0.0,0.0,0.0,0.0,0.0,0.0,-1.0,0.0,1.0,31101.0,1.0,20.0,0.0,1.0,0.0,1.0,999.0,0.0,0.0,2.0
26.0,5.0,0.0,0.0,0.0,0.0,0.0,0.0,1.0,0.0,0.0,0.0,-1.0,0.0,1.0,31101.0,1.0,20.0,0.0,1.0,0.0,1.0,999.0,0.0,0.0,2.0
26.0,5.0,0.0,0.0,0.0,0.0,0.0,0.0,0.0,0.0,0.0,0.0,-1.0,0.0,1.0,31101.0,1.0,20.0,0.0,1.0,0.0,1.0,999.0,0.0,0.0,2.0
26.0,5.0,0.0,0.0,0.0,0.0,0.0,0.0,0.0,0.0,0.0,0.0,-1.0,0.0,1.0,31101.0,1.0,20.0,0.0,1.0,0.0,1.0,999.0,0.0,0.0,2.0
26.0,5.0,0.0,0.0,0.0,0.0,0.0,0.0,0.0,0.0,0.0,0.0,-1.0,0.0,1.0,31101.0,1.0,20.0,0.0,1.0,0.0,1.0,999.0,0.0,0.0,2.0
26.0,5.0,0.0,0.0,0.0,0.0,0.0,0.0,0.0,0.0,0.0,0.0,-1.0,0.0,1.0,31101.0,1.0,20.0,0.0,1.0,0.0,1.0,999.0,0.0,0.0,2.0
26.0,5.0,0.0,0.0,0.0,0.0,0.0,0.0,0.0,0.0,0.0,0.0,-1.0,0.0,1.0,31101.0,1.0,20.0,0.0,1.0,0.0,1.0,999.0,0.0,0.0,2.0
26.0,5.0,0.0,0.0,0.0,0.0,0.0,0.0,0.0,0.0,0.0,0.0,-1.0,0.0,1.0,31101.0,1.0,20.0,0.0,1.0,0.0,1.0,999.0,0.0,0.0,2.0
26.0,5.0,0.0,0.0,0.0,0.0,0.0,0.0,0.0,0.0,0.0,0.0,-1.0,0.0,1.0,31101.0,1.0,20.0,0.0,1.0,0.0,1.0,999.0,0.0,0.0,2.0
26.0,5.0,0.0,0.0,0.0,0.0,0.0,0.0,0.0,0.0,0.0,0.0,-1.0,0.0,1.0,31101.0,1.0,20.0,0.0,1.0,0.0,1.0,999.0,0.0,0.0,2.0
26.0,5.0,0.0,0.0,0.0,0.0,0.0,0.0,0.0,0.0,0.0,0.0,-1.0,0.0,1.0,31101.0,1.0,20.0,0.0,1.0,0.0,1.0,999.0,0.0,0.0,2.0
26.0,5.0,0.0,0.0,0.0,0.0,0.0,0.0,0.0,0.0,0.0,0.0,-1.0,0.0,1.0,31101.0,1.0,20.0,0.0,1.0,0.0,1.0,999.0,0.0,0.0,2.0
26.0,5.0,0.0,0.0,0.0,0.0,0.0,0.0,0.0,0.0,0.0,0.0,-1.0,0.0,1.0,31101.0,1.0,20.0,0.0,1.0,0.0,1.0,999.0,0.0,0.0,2.0
26.0,5.0,0.0,0.0,0.0,0.0,0.0,0.0,0.0,0.0,0.0,0.0,-1.0,0.0,1.0,31101.0,1.0,20.0,0.0,1.0,0.0,1.0,999.0,0.0,0.0,2.0
26.0,5.0,0.0,0.0,0.0,0.0,0.0,0.0,0.0,0.0,0.0,0.0,-1.0,0.0,1.0,31101.0,1.0,20.0,0.0,1.0,0.0,1.0,999.0,0.0,0.0,2.0
26.0,5.0,0.0,0.0,0.0,0.0,0.0,0.0,0.0,0.0,0.0,0.0,-1.0,0.0,1.0,31101.0,1.0,20.0,0.0,1.0,0.0,1.0,999.0,0.0,0.0,2.0
26.0,5.0,0.0,0.0,0.0,0.0,0.0,0.0,0.0,0.0,0.0,0.0,-1.0,0.0,1.0,31101.0,1.0,20.0,0.0,1.0,0.0,1.0,999.0,0.0,0.0,2.0
26.0,5.0,0.0,0.0,0.0,0.0,0.0,0.0,0.0,0.0,0.0,0.0,-1.0,0.0,1.0,31101.0,1.0,20.0,0.0,1.0,0.0,1.0,999.0,0.0,0.0,2.0
26.0,5.0,0.0,0.0,0.0,0.0,0.0,0.0,0.0,0.0,0.0,0.0,-1.0,0.0,1.0,31101.0,1.0,20.0,0.0,1.0,0.0,1.0,999.0,0.0,0.0,2.0
26.0,5.0,0.0,0.0,0.0,0.0,0.0,0.0,0.0,0.0,0.0,0.0,-1.0,0.0,1.0,31101.0,1.0,20.0,0.0,1.0,0.0,1.0,999.0,0.0,0.0,2.0
26.0,5.0,0.0,0.0,0.0,0.0,0.0,0.0,0.0,0.0,0.0,0.0,-1.0,0.0,1.0,31101.0,1.0,20.0,0.0,1.0,0.0,1.0,999.0,0.0,0.0,2.0
26.0,5.0,0.0,0.0,0.0,0.0,0.0,0.0,0.0,0.0,0.0,0.0,-1.0,0.0,1.0,31101.0,1.0,20.0,0.0,1.0,0.0,1.0,999.0,0.0,0.0,2.0
26.0,5.0,0.0,0.0,0.0,0.0,0.0,0.0,0.0,0.0,0.0,0.0,-1.0,0.0,1.0,31101.0,1.0,20.0,0.0,1.0,0.0,1.0,999.0,0.0,0.0,2.0
26.0,5.0,0.0,0.0,0.0,0.0,0.0,0.0,0.0,0.0,0.0,0.0,-1.0,0.0,1.0,31101.0,1.0,20.0,0.0,1.0,0.0,1.0,999.0,0.0,0.0,2.0
26.0,5.0,0.0,0.0,0.0,0.0,0.0,0.0,0.0,0.0,0.0,0.0,-1.0,0.0,1.0,31101.0,1.0,20.0,0.0,1.0,0.0,1.0,999.0,0.0,0.0,2.0
56.0,10.0,0.0,0.0,0.0,0.0,0.0,0.0,0.0,0.0,0.0,0.0,0.0,0.0,1.0,31151.0,1.0,20.0,0.0,1.0,0.0,1.0,999.0,0.0,0.0,0.0
26.0,5.0,0.0,0.0,0.0,0.0,0.0,0.0,0.0,0.0,0.0,0.0,-1.0,0.0,1.0,31101.0,1.0,20.0,0.0,1.0,0.05,2.0,0.001,0.0,0.0,2.0
26.0,5.0,0.0,0.0,0.0,0.0,0.0,0.0,0.0,0.0,0.0,0.0,-1.0,0.0,1.0,31101.0,1.0,20.0,0.0,1.0,0.05,2.0,0.002999,0.0,0.0,2.0
26.0,5.0,0.0,0.0,0.0,0.0,0.0,0.0,0.0,0.0,0.0,0.0,-1.0,0.0,1.0,31101.0,1.0,20.0,0.0,1.0,0.05,2.0,0.003998,0.0,0.0,2.0
26.0,5.0,0.0,0.0,0.0,0.0,0.0,0.0,0.0,0.0,0.0,0.0,-1.0,0.0,1.0,31101.0,1.0,20.0,0.0,1.0,0.05,2.0,0.004998,0.0,0.0,2.0
26.0,5.0,0.0,0.0,0.0,0.0,0.0,0.0,0.0,0.0,0.0,0.0,-1.0,0.0,1.0,31101.0,1.0,20.0,0.0,1.0,0.05,2.0,0.004998,0.0,0.0,2.0
26.0,5.0,0.0,0.0,0.0,0.0,0.0,0.0,0.0,0.0,0.0,0.0,-1.0,0.0,1.0,31101.0,1.0,20.0,0.0,1.0,0.05,2.0,0.006997,0.0,0.0,2.0
26.0,5.0,0.0,0.0,0.0,0.0,0.0,0.0,0.0,0.0,0.0,0.0,-1.0,0.0,1.0,31101.0,1.0,20.0,0.0,1.0,0.05,2.0,0.007996,0.0,0.0,2.0
26.0,5.0,0.0,0.0,0.0,0.0,0.0,0.0,0.0,0.0,0.0,0.0,-1.0,0.0,1.0,31101.0,1.0,20.0,0.0,1.0,0.05,2.0,0.008996,0.0,0.0,2.0
26.0,5.0,0.0,0.0,0.0,0.0,0.0,0.0,0.0,0.0,0.0,0.0,-1.0,0.0,1.0,31101.0,1.0,20.0,0.0,1.0,0.05,2.0,0.008996,0.0,0.0,2.0
26.0,5.0,0.0,0.0,0.0,0.0,0.0,0.0,0.0,0.0,0.0,0.0,-1.0,0.0,1.0,31101.0,1.0,20.0,0.0,1.0,0.05,2.0,0.010995,0.0,0.0,2.0
26.0,5.0,0.0,0.0,0.0,0.0,0.0,0.0,0.0,0.0,0.0,0.0,-1.0,0.0,1.0,31101.0,1.0,20.0,0.0,1.0,0.05,2.0,0.010995,0.0,0.0,2.0
26.0,5.0,0.0,0.0,0.0,0.0,0.0,0.0,0.0,0.0,0.0,0.0,-1.0,0.0,1.0,31101.0,1.0,20.0,0.0,1.0,0.05,2.0,0.010995,0.0,0.0,2.0
26.0,5.0,0.0,0.0,0.0,0.0,0.0,0.0,0.0,0.0,0.0,0.0,-1.0,0.0,1.0,31101.0,1.0,20.0,0.0,1.0,0.05,2.0,0.010995,0.0,0.0,2.0
56.0,10.0,0.0,0.0,0.0,0.0,0.0,0.0,0.0,0.0,0.0,0.0,0.0,0.0,1.0,31151.0,1.0,20.0,0.0,1.0,0.05,2.0,0.013993,0.0,0.0,0.0
26.0,5.0,0.0,0.0,0.0,0.0,0.0,0.0,0.0,0.0,0.0,0.0,-1.0,0.0,1.0,31101.0,1.0,20.0,0.0,1.0,0.1,2.0,0.0,0.0,0.0,2.0
26.0,5.0,0.0,0.0,0.0,0.0,0.0,0.0,0.0,0.0,0.0,0.0,-1.0,0.0,1.0,31101.0,1.0,20.0,0.0,1.0,0.1,2.0,0.001999,0.0,0.0,2.0
26.0,5.0,0.0,0.0,0.0,0.0,0.0,0.0,0.0,0.0,0.0,0.0,-1.0,0.0,1.0,31101.0,1.0,20.0,0.0,1.0,0.1,2.0,0.001999,0.0,0.0,2.0
26.0,5.0,0.0,0.0,0.0,0.0,0.0,0.0,0.0,0.0,0.0,0.0,-1.0,0.0,1.0,31101.0,1.0,20.0,0.0,1.0,0.1,2.0,0.002999,0.0,0.0,2.0
26.0,5.0,0.0,0.0,0.0,0.0,0.0,0.0,0.0,0.0,0.0,0.0,-1.0,0.0,1.0,31101.0,1.0,20.0,0.0,1.0,0.1,2.0,0.002999,0.0,0.0,2.0
26.0,5.0,0.0,0.0,0.0,0.0,0.0,0.0,0.0,0.0,0.0,0.0,-1.0,0.0,1.0,31101.0,1.0,20.0,0.0,1.0,0.1,2.0,0.002999,0.0,0.0,2.0
26.0,5.0,0.0,0.0,1.0,0.0,0.0,0.0,0.0,0.0,0.0,0.0,-1.0,0.0,1.0,31101.0,1.0,20.0,0.0,1.0,0.05,2.0,0.004998,0.0,0.0,2.0
26.0,5.0,0.0,0.0,1.0,0.0,0.0,0.0,0.0,0.0,0.0,0.0,-1.0,0.0,1.0,31101.0,1.0,20.0,0.0,1.0,0.05,2.0,0.005997,0.0,0.0,2.0
26.0,5.0,0.0,0.0,0.0,0.0,0.0,0.0,0.0,0.0,0.0,0.0,-1.0,0.0,1.0,31101.0,1.0,20.0,0.0,1.0,0.05,2.0,0.005997,0.0,0.0,2.0
26.0,5.0,0.0,0.0,0.0,0.0,0.0,0.0,0.0,0.0,0.0,0.0,-1.0,0.0,1.0,31101.0,1.0,20.0,0.0,1.0,0.05,2.0,0.006997,0.0,0.0,2.0
26.0,5.0,0.0,0.0,0.0,0.0,0.0,0.0,0.0,0.0,0.0,0.0,-1.0,0.0,1.0,31101.0,1.0,20.0,0.0,1.0,0.05,2.0,0.007996,0.0,0.0,2.0
26.0,5.0,0.0,0.0,0.0,0.0,0.0,0.0,0.0,0.0,0.0,0.0,-1.0,0.0,1.0,31101.0,1.0,20.0,0.0,1.0,0.05,2.0,0.007996,0.0,0.0,2.0
26.0,5.0,0.0,0.0,0.0,0.0,0.0,0.0,0.0,0.0,0.0,0.0,-1.0,0.0,1.0,31101.0,1.0,20.0,0.0,1.0,0.05,2.0,0.007996,0.0,0.0,2.0
56.0,10.0,0.0,0.0,0.0,0.0,0.0,0.0,0.0,0.0,0.0,0.0,0.0,0.0,1.0,31151.0,1.0,20.0,0.0,1.0,0.05,2.0,0.007996,0.0,0.0,0.0
26.0,5.0,0.0,0.0,0.0,0.0,0.0,0.0,1.0,0.0,0.0,0.0,-1.0,0.0,1.0,31101.0,1.0,20.0,0.0,1.0,0.1,2.0,0.005997,0.0,0.0,2.0
26.0,5.0,0.0,0.0,0.0,0.0,0.0,0.0,0.0,0.0,0.0,0.0,-1.0,0.0,1.0,31101.0,1.0,20.0,0.0,1.0,0.1,2.0,0.006997,0.0,0.0,2.0
26.0,5.0,0.0,0.0,0.0,0.0,0.0,0.0,0.0,0.0,0.0,0.0,-1.0,0.0,1.0,31101.0,1.0,20.0,0.0,1.0,0.1,2.0,0.007996,0.0,0.0,2.0
26.0,5.0,0.0,0.0,0.0,0.0,0.0,0.0,0.0,0.0,0.0,0.0,-1.0,0.0,1.0,31101.0,1.0,20.0,0.0,1.0,0.1,2.0,0.008996,0.0,0.0,2.0
26.0,5.0,0.0,0.0,0.0,0.0,0.0,0.0,0.0,0.0,0.0,0.0,-1.0,0.0,1.0,31101.0,1.0,20.0,0.0,1.0,0.1,2.0,0.008996,0.0,0.0,2.0
26.0,5.0,0.0,0.0,0.0,0.0,0.0,0.0,0.0,0.0,0.0,0.0,-1.0,0.0,1.0,31101.0,1.0,20.0,0.0,1.0,0.1,2.0,0.008996,0.0,0.0,2.0
26.0,5.0,0.0,0.0,0.0,0.0,0.0,0.0,0.0,0.0,0.0,0.0,-1.0,0.0,1.0,31101.0,1.0,20.0,0.0,1.0,0.05,2.0,0.008996,0.0,0.0,2.0
26.0,5.0,0.0,0.0,0.0,0.0,0.0,0.0,0.0,0.0,0.0,0.0,-1.0,0.0,1.0,31101.0,1.0,20.0,0.0,1.0,0.05,2.0,0.008996,0.0,0.0,2.0
26.0,5.0,0.0,0.0,0.0,0.0,0.0,0.0,0.0,0.0,0.0,0.0,-1.0,0.0,1.0,31101.0,1.0,20.0,0.0,1.0,0.05,2.0,0.008996,0.0,0.0,2.0
26.0,5.0,0.0,0.0,0.0,0.0,0.0,0.0,0.0,0.0,0.0,0.0,-1.0,0.0,1.0,31101.0,1.0,20.0,0.0,1.0,0.05,2.0,0.014993,0.0,0.0,2.0
26.0,5.0,0.0,0.0,0.0,0.0,0.0,0.0,0.0,0.0,0.0,0.0,-1.0,0.0,1.0,31101.0,1.0,20.0,0.0,1.0,0.05,2.0,0.015992,0.0,0.0,2.0
26.0,5.0,0.0,0.0,0.0,0.0,0.0,0.0,0.0,0.0,0.0,0.0,-1.0,0.0,1.0,31101.0,1.0,20.0,0.0,1.0,0.05,2.0,0.015992,0.0,0.0,2.0
26.0,5.0,0.0,0.0,0.0,0.0,0.0,0.0,0.0,0.0,0.0,0.0,-1.0,0.0,1.0,31101.0,1.0,20.0,0.0,1.0,0.05,2.0,0.016992,0.0,0.0,2.0
56.0,10.0,0.0,0.0,0.0,0.0,0.0,0.0,0.0,0.0,0.0,0.0,0.0,0.0,1.0,31151.0,1.0,20.0,0.0,1.0,0.05,2.0,0.017991,0.0,0.0,0.0
26.0,5.0,0.0,0.0,0.0,0.0,0.0,0.0,0.0,0.0,0.0,0.0,-1.0,0.0,1.0,31101.0,1.0,20.0,0.0,1.0,0.1,2.0,0.0,0.0,0.0,2.0
26.0,5.0,0.0,0.0,0.0,0.0,0.0,0.0,0.0,0.0,0.0,0.0,-1.0,0.0,1.0,31101.0,1.0,20.0,0.0,1.0,0.1,2.0,0.0,0.0,0.0,2.0
26.0,5.0,0.0,0.0,0.0,0.0,0.0,0.0,0.0,0.0,0.0,0.0,-1.0,0.0,1.0,31101.0,1.0,20.0,0.0,1.0,0.1,2.0,0.0,0.0,0.0,2.0
26.0,5.0,0.0,0.0,0.0,0.0,0.0,0.0,0.0,0.0,0.0,0.0,-1.0,0.0,1.0,31101.0,1.0,20.0,0.0,1.0,0.1,2.0,0.0,0.0,0.0,2.0
26.0,5.0,0.0,0.0,0.0,0.0,0.0,0.0,0.0,0.0,0.0,0.0,-1.0,0.0,1.0,31101.0,1.0,20.0,0.0,1.0,0.1,2.0,0.005997,0.0,0.0,2.0
26.0,5.0,0.0,0.0,0.0,0.0,0.0,0.0,0.0,0.0,0.0,0.0,-1.0,0.0,1.0,31101.0,1.0,20.0,0.0,1.0,0.1,2.0,0.005997,0.0,0.0,2.0
26.0,5.0,0.0,0.0,0.0,0.0,0.0,0.0,0.0,0.0,0.0,0.0,-1.0,0.0,1.0,31101.0,1.0,20.0,0.0,1.0,0.05,2.0,0.007996,0.0,0.0,2.0
26.0,5.0,0.0,0.0,0.0,0.0,0.0,0.0,0.0,0.0,0.0,0.0,-1.0,0.0,1.0,31101.0,1.0,20.0,0.0,1.0,0.05,2.0,0.008996,0.0,0.0,2.0
26.0,5.0,0.0,0.0,0.0,0.0,0.0,0.0,0.0,0.0,0.0,0.0,-1.0,0.0,1.0,31101.0,1.0,20.0,0.0,1.0,0.05,2.0,0.009995,0.0,0.0,2.0
26.0,5.0,0.0,0.0,0.0,0.0,0.0,0.0,0.0,0.0,0.0,0.0,-1.0,0.0,1.0,31101.0,1.0,20.0,0.0,1.0,0.05,2.0,0.009995,0.0,0.0,2.0
26.0,5.0,0.0,0.0,0.0,0.0,0.0,0.0,0.0,0.0,0.0,0.0,-1.0,0.0,1.0,31101.0,1.0,20.0,0.0,1.0,0.05,2.0,0.009995,0.0,0.0,2.0
26.0,5.0,0.0,0.0,0.0,0.0,0.0,0.0,0.0,0.0,0.0,0.0,-1.0,0.0,1.0,31101.0,1.0,20.0,0.0,1.0,0.05,2.0,0.011994,0.0,0.0,2.0
26.0,5.0,0.0,0.0,0.0,0.0,0.0,0.0,0.0,0.0,0.0,0.0,-1.0,0.0,1.0,31101.0,1.0,20.0,0.0,1.0,0.05,2.0,0.012994,0.0,0.0,2.0
56.0,10.0,0.0,0.0,0.0,0.0,0.0,0.0,0.0,0.0,0.0,0.0,0.0,0.0,1.0,31151.0,1.0,20.0,0.0,1.0,0.05,2.0,0.012994,0.0,0.0,0.0
26.0,5.0,0.0,0.0,0.0,0.0,0.0,0.0,0.0,0.0,0.0,0.0,-1.0,0.0,1.0,31101.0,1.0,20.0,0.0,1.0,0.1,2.0,0.000999,0.0,0.0,2.0
26.0,5.0,0.0,0.0,0.0,0.0,0.0,0.0,0.0,0.0,0.0,0.0,-1.0,0.0,1.0,31101.0,1.0,20.0,0.0,1.0,0.1,2.0,0.001999,0.0,0.0,2.0
26.0,5.0,0.0,0.0,0.0,0.0,0.0,0.0,0.0,0.0,0.0,0.0,-1.0,0.0,1.0,31101.0,1.0,20.0,0.0,1.0,0.1,2.0,0.002998,0.0,0.0,2.0
26.0,5.0,0.0,0.0,0.0,0.0,0.0,0.0,0.0,0.0,0.0,0.0,-1.0,0.0,1.0,31101.0,1.0,20.0,0.0,1.0,0.1,2.0,0.002998,0.0,0.0,2.0
26.0,5.0,0.0,0.0,0.0,0.0,0.0,0.0,0.0,0.0,0.0,0.0,-1.0,0.0,1.0,31101.0,1.0,20.0,0.0,1.0,0.1,2.0,0.002998,0.0,0.0,2.0
26.0,5.0,0.0,0.0,0.0,0.0,0.0,0.0,0.0,0.0,0.0,0.0,-1.0,0.0,1.0,31101.0,1.0,20.0,0.0,1.0,0.1,2.0,0.002998,0.0,0.0,2.0
26.0,5.0,0.0,0.0,0.0,0.0,0.0,0.0,0.0,0.0,0.0,0.0,-1.0,0.0,1.0,31101.0,1.0,20.0,0.0,1.0,0.05,2.0,0.005997,0.0,0.0,2.0
26.0,5.0,0.0,0.0,0.0,0.0,0.0,0.0,0.0,0.0,0.0,0.0,-1.0,0.0,1.0,31101.0,1.0,20.0,0.0,1.0,0.05,2.0,0.006996,0.0,0.0,2.0
26.0,5.0,0.0,0.0,0.0,0.0,0.0,0.0,0.0,0.0,0.0,0.0,-1.0,0.0,1.0,31101.0,1.0,20.0,0.0,1.0,0.05,2.0,0.007996,0.0,0.0,2.0
26.0,5.0,0.0,0.0,0.0,0.0,0.0,0.0,0.0,0.0,0.0,0.0,-1.0,0.0,1.0,31101.0,1.0,20.0,0.0,1.0,0.05,2.0,0.007996,0.0,0.0,2.0
26.0,5.0,0.0,0.0,0.0,0.0,0.0,0.0,0.0,0.0,0.0,0.0,-1.0,0.0,1.0,31101.0,1.0,20.0,0.0,1.0,0.05,2.0,0.008995,0.0,0.0,2.0
26.0,5.0,0.0,0.0,0.0,0.0,0.0,0.0,0.0,0.0,0.0,0.0,-1.0,0.0,1.0,31101.0,1.0,20.0,0.0,1.0,0.05,2.0,0.009995,0.0,0.0,2.0
26.0,5.0,0.0,0.0,0.0,0.0,0.0,0.0,0.0,0.0,0.0,0.0,-1.0,0.0,1.0,31101.0,1.0,20.0,0.0,1.0,0.05,2.0,0.010994,0.0,0.0,2.0
56.0,10.0,0.0,0.0,0.0,0.0,0.0,0.0,0.0,0.0,0.0,0.0,0.0,0.0,1.0,31151.0,1.0,20.0,0.0,1.0,0.05,2.0,0.010994,0.0,0.0,0.0
26.0,5.0,0.0,0.0,0.0,0.0,0.0,0.0,0.0,0.0,0.0,0.0,-1.0,0.0,1.0,31101.0,1.0,20.0,0.0,1.0,0.1,2.0,0.001,0.0,0.0,2.0
26.0,5.0,0.0,0.0,0.0,0.0,0.0,0.0,0.0,0.0,0.0,0.0,-1.0,0.0,1.0,31101.0,1.0,20.0,0.0,1.0,0.1,2.0,0.053973,0.0,0.0,2.0
26.0,5.0,0.0,0.0,0.0,0.0,0.0,0.0,0.0,0.0,0.0,0.0,-1.0,0.0,1.0,31101.0,1.0,20.0,0.0,1.0,0.1,2.0,0.055972,0.0,0.0,2.0
26.0,5.0,0.0,0.0,0.0,0.0,0.0,0.0,0.0,0.0,0.0,0.0,-1.0,0.0,1.0,31101.0,1.0,20.0,0.0,1.0,0.1,2.0,0.056972,0.0,0.0,2.0
26.0,5.0,0.0,0.0,0.0,0.0,0.0,0.0,0.0,0.0,0.0,0.0,-1.0,0.0,1.0,31101.0,1.0,20.0,0.0,1.0,0.1,2.0,0.056972,0.0,0.0,2.0
26.0,5.0,0.0,0.0,0.0,0.0,0.0,0.0,0.0,0.0,0.0,0.0,-1.0,0.0,1.0,31101.0,1.0,20.0,0.0,1.0,0.1,2.0,0.056972,0.0,0.0,2.0
26.0,5.0,0.0,0.0,0.0,0.0,0.0,0.0,0.0,0.0,0.0,0.0,-1.0,0.0,1.0,31101.0,1.0,20.0,0.0,1.0,0.05,2.0,0.056972,0.0,0.0,2.0
26.0,5.0,0.0,0.0,0.0,0.0,0.0,0.0,0.0,0.0,0.0,0.0,-1.0,0.0,1.0,31101.0,1.0,20.0,0.0,1.0,0.05,2.0,0.056972,0.0,0.0,2.0
26.0,5.0,0.0,0.0,0.0,0.0,0.0,0.0,0.0,0.0,0.0,0.0,-1.0,0.0,1.0,31101.0,1.0,20.0,0.0,1.0,0.05,2.0,0.056972,0.0,0.0,2.0
26.0,5.0,0.0,0.0,0.0,0.0,0.0,0.0,0.0,0.0,0.0,0.0,-1.0,0.0,1.0,31101.0,1.0,20.0,0.0,1.0,0.05,2.0,0.056972,0.0,0.0,2.0
26.0,5.0,0.0,0.0,0.0,0.0,0.0,0.0,0.0,0.0,0.0,0.0,-1.0,0.0,1.0,31101.0,1.0,20.0,0.0,1.0,0.05,2.0,0.056972,0.0,0.0,2.0
26.0,5.0,0.0,0.0,0.0,0.0,0.0,0.0,0.0,0.0,0.0,0.0,-1.0,0.0,1.0,31101.0,1.0,20.0,0.0,1.0,0.05,2.0,0.056972,0.0,0.0,2.0
56.0,10.0,0.0,0.0,0.0,0.0,0.0,0.0,0.0,0.0,0.0,0.0,0.0,0.0,1.0,31151.0,1.0,20.0,0.0,1.0,0.05,2.0,0.056972,0.0,0.0,0.0
26.0,5.0,0.0,0.0,0.0,0.0,0.0,0.0,0.0,0.0,0.0,0.0,-1.0,0.0,1.0,31101.0,1.0,20.0,0.0,1.0,0.1,2.0,0.0,0.0,0.0,2.0
26.0,5.0,0.0,0.0,0.0,0.0,0.0,0.0,0.0,0.0,0.0,0.0,-1.0,0.0,1.0,31101.0,1.0,20.0,0.0,1.0,0.1,2.0,0.0,0.0,0.0,2.0
26.0,5.0,0.0,0.0,0.0,0.0,0.0,0.0,0.0,0.0,0.0,0.0,-1.0,0.0,1.0,31101.0,1.0,20.0,0.0,1.0,0.1,2.0,0.0,0.0,0.0,2.0
26.0,5.0,0.0,0.0,0.0,0.0,0.0,0.0,0.0,0.0,0.0,0.0,-1.0,0.0,1.0,31101.0,1.0,20.0,0.0,1.0,0.1,2.0,0.0,0.0,0.0,2.0
26.0,5.0,0.0,0.0,0.0,0.0,0.0,0.0,0.0,0.0,0.0,0.0,-1.0,0.0,1.0,31101.0,1.0,20.0,0.0,1.0,0.1,2.0,0.0,0.0,0.0,2.0
26.0,5.0,0.0,0.0,0.0,0.0,0.0,0.0,0.0,0.0,0.0,0.0,-1.0,0.0,1.0,31101.0,1.0,20.0,0.0,1.0,0.1,2.0,0.0,0.0,0.0,2.0
26.0,5.0,0.0,0.0,0.0,0.0,0.0,0.0,0.0,0.0,0.0,0.0,-1.0,0.0,1.0,31101.0,1.0,20.0,0.0,1.0,0.1,2.0,0.0,0.0,0.0,2.0
26.0,5.0,0.0,0.0,0.0,0.0,0.0,0.0,0.0,0.0,0.0,0.0,-1.0,0.0,1.0,31101.0,1.0,20.0,0.0,1.0,0.05,2.0,0.0,0.0,0.0,2.0
26.0,5.0,0.0,0.0,0.0,0.0,0.0,0.0,0.0,0.0,0.0,0.0,-1.0,0.0,1.0,31101.0,1.0,20.0,0.0,1.0,0.05,2.0,0.0,0.0,0.0,2.0
26.0,5.0,0.0,0.0,0.0,0.0,0.0,0.0,0.0,0.0,0.0,0.0,-1.0,0.0,1.0,31101.0,1.0,20.0,0.0,1.0,0.05,2.0,0.0,0.0,0.0,2.0
26.0,5.0,0.0,0.0,0.0,0.0,0.0,0.0,0.0,0.0,0.0,0.0,-1.0,0.0,1.0,31101.0,1.0,20.0,0.0,1.0,0.05,2.0,0.0,0.0,0.0,2.0
26.0,5.0,0.0,0.0,0.0,0.0,0.0,0.0,0.0,0.0,0.0,0.0,-1.0,0.0,1.0,31101.0,1.0,20.0,0.0,1.0,0.05,2.0,0.0,0.0,0.0,2.0
26.0,5.0,0.0,0.0,0.0,0.0,0.0,0.0,0.0,0.0,0.0,0.0,-1.0,0.0,1.0,31101.0,1.0,20.0,0.0,1.0,0.05,2.0,0.0,0.0,0.0,2.0
56.0,10.0,0.0,0.0,0.0,0.0,0.0,0.0,0.0,0.0,0.0,0.0,0.0,0.0,1.0,31151.0,1.0,20.0,0.0,1.0,0.05,2.0,0.0,0.0,0.0,0.0
26.0,5.0,0.0,0.0,0.0,0.0,0.0,0.0,0.0,0.0,0.0,0.0,-1.0,0.0,1.0,31101.0,1.0,20.0,0.0,1.0,0.1,2.0,0.0,0.0,0.0,2.0
26.0,5.0,0.0,0.0,0.0,0.0,0.0,0.0,0.0,0.0,0.0,0.0,-1.0,0.0,1.0,31101.0,1.0,20.0,0.0,1.0,0.1,2.0,0.0,0.0,0.0,2.0
26.0,5.0,0.0,0.0,0.0,0.0,0.0,0.0,0.0,0.0,0.0,0.0,-1.0,0.0,1.0,31101.0,1.0,20.0,0.0,1.0,0.1,2.0,0.0,0.0,0.0,2.0
26.0,5.0,0.0,0.0,0.0,0.0,0.0,0.0,0.0,0.0,0.0,0.0,-1.0,0.0,1.0,31101.0,1.0,20.0,0.0,1.0,0.1,2.0,0.0,0.0,0.0,2.0
26.0,5.0,0.0,0.0,0.0,0.0,0.0,0.0,0.0,0.0,0.0,0.0,-1.0,0.0,1.0,31101.0,1.0,20.0,0.0,1.0,0.1,2.0,0.0,0.0,0.0,2.0
26.0,5.0,0.0,0.0,0.0,0.0,0.0,0.0,0.0,0.0,0.0,0.0,-1.0,0.0,1.0,31101.0,1.0,20.0,0.0,1.0,0.1,2.0,0.0,0.0,0.0,2.0
26.0,5.0,0.0,0.0,0.0,0.0,0.0,0.0,0.0,0.0,0.0,0.0,-1.0,0.0,1.0,31101.0,1.0,20.0,0.0,1.0,0.05,2.0,0.0,0.0,0.0,2.0
26.0,5.0,0.0,0.0,0.0,0.0,0.0,0.0,0.0,0.0,0.0,0.0,-1.0,0.0,1.0,31101.0,1.0,20.0,0.0,1.0,0.05,2.0,0.106946,0.0,0.0,2.0
26.0,5.0,0.0,0.0,0.0,0.0,0.0,0.0,0.0,0.0,0.0,0.0,-1.0,0.0,1.0,31101.0,1.0,20.0,0.0,1.0,0.05,2.0,0.106946,0.0,0.0,2.0
26.0,5.0,0.0,0.0,0.0,0.0,0.0,0.0,0.0,0.0,0.0,0.0,-1.0,0.0,1.0,31101.0,1.0,20.0,0.0,1.0,0.05,2.0,0.106946,0.0,0.0,2.0
26.0,5.0,0.0,0.0,0.0,0.0,0.0,0.0,0.0,0.0,0.0,0.0,-1.0,0.0,1.0,31101.0,1.0,20.0,0.0,1.0,0.05,2.0,0.106946,0.0,0.0,2.0
26.0,5.0,0.0,0.0,0.0,0.0,0.0,0.0,0.0,0.0,0.0,0.0,-1.0,0.0,1.0,31101.0,1.0,20.0,0.0,1.0,0.05,2.0,0.106946,0.0,0.0,2.0
26.0,5.0,0.0,0.0,0.0,0.0,0.0,0.0,0.0,0.0,0.0,0.0,-1.0,0.0,1.0,31101.0,1.0,20.0,0.0,1.0,0.05,2.0,0.15992,0.0,0.0,2.0
26.0,5.0,0.0,0.0,0.0,0.0,0.0,0.0,0.0,0.0,0.0,0.0,-1.0,0.0,1.0,31101.0,1.0,20.0,0.0,1.0,0.05,2.0,0.37881,0.0,0.0,2.0
26.0,5.0,0.0,0.0,0.0,0.0,0.0,0.0,0.0,0.0,0.0,0.0,-1.0,0.0,1.0,31101.0,1.0,20.0,0.0,1.0,0.05,2.0,0.37881,0.0,0.0,2.0
26.0,5.0,0.0,0.0,0.0,0.0,1.0,0.0,0.0,0.0,0.0,0.0,-1.0,0.0,1.0,31101.0,1.0,20.0,0.0,1.0,0.05,2.0,0.37881,0.0,0.0,2.0
26.0,5.0,0.0,0.0,0.0,0.0,0.0,0.0,0.0,0.0,0.0,0.0,-1.0,0.0,1.0,31101.0,1.0,20.0,0.0,1.0,0.05,2.0,0.383808,0.0,0.0,2.0
26.0,5.0,0.0,0.0,0.0,0.0,0.0,0.0,0.0,0.0,0.0,0.0,-1.0,0.0,1.0,31101.0,1.0,20.0,0.0,1.0,0.05,2.0,0.383808,0.0,0.0,2.0
26.0,5.0,0.0,0.0,0.0,0.0,0.0,0.0,0.0,0.0,0.0,0.0,-1.0,0.0,1.0,31101.0,1.0,20.0,0.0,1.0,0.05,2.0,0.442778,0.0,0.0,2.0
26.0,5.0,0.0,0.0,0.0,0.0,0.0,0.0,0.0,0.0,0.0,0.0,-1.0,0.0,1.0,31101.0,1.0,20.0,0.0,1.0,0.05,2.0,0.442778,0.0,0.0,2.0
26.0,5.0,0.0,0.0,0.0,0.0,0.0,0.0,0.0,0.0,0.0,0.0,-1.0,0.0,1.0,31101.0,1.0,20.0,0.0,1.0,0.0,1.0,999.0,0.0,0.0,2.0
26.0,5.0,0.0,0.0,0.0,0.0,0.0,0.0,0.0,0.0,0.0,0.0,-1.0,0.0,1.0,31101.0,1.0,20.0,0.0,1.0,0.0,1.0,999.0,0.0,0.0,2.0
26.0,5.0,0.0,0.0,0.0,0.0,0.0,0.0,0.0,0.0,0.0,0.0,-1.0,0.0,1.0,31101.0,1.0,20.0,0.0,1.0,0.0,1.0,999.0,0.0,0.0,2.0
56.0,10.0,0.0,0.0,0.0,0.0,0.0,0.0,0.0,0.0,0.0,0.0,0.0,0.0,1.0,31151.0,1.0,20.0,0.0,1.0,0.0,1.0,999.0,0.0,0.0,0.0
26.0,5.0,0.0,0.0,0.0,0.0,0.0,0.0,0.0,0.0,0.0,0.0,-1.0,0.0,1.0,31101.0,1.0,20.0,0.0,1.0,0.05,2.0,0.0,0.0,0.0,2.0
26.0,5.0,0.0,0.0,0.0,0.0,0.0,0.0,0.0,0.0,0.0,0.0,-1.0,0.0,1.0,31101.0,1.0,20.0,0.0,1.0,0.05,2.0,0.005997,0.0,0.0,2.0
26.0,5.0,0.0,0.0,0.0,0.0,0.0,0.0,0.0,0.0,0.0,0.0,-1.0,0.0,1.0,31101.0,1.0,20.0,0.0,1.0,0.05,2.0,0.062969,0.0,0.0,2.0
26.0,5.0,0.0,0.0,0.0,0.0,0.0,0.0,0.0,0.0,0.0,0.0,-1.0,0.0,1.0,31101.0,1.0,20.0,0.0,1.0,0.05,2.0,0.062969,0.0,0.0,2.0
26.0,5.0,0.0,0.0,0.0,0.0,0.0,0.0,0.0,0.0,0.0,0.0,-1.0,0.0,1.0,31101.0,1.0,20.0,0.0,1.0,0.05,2.0,0.062969,0.0,0.0,2.0
26.0,5.0,0.0,0.0,0.0,0.0,0.0,0.0,0.0,0.0,0.0,0.0,-1.0,0.0,1.0,31101.0,1.0,20.0,0.0,1.0,0.05,2.0,0.062969,0.0,0.0,2.0
26.0,5.0,0.0,0.0,0.0,0.0,0.0,0.0,0.0,0.0,0.0,0.0,-1.0,0.0,1.0,31101.0,1.0,20.0,0.0,1.0,0.05,2.0,0.398801,0.0,0.0,2.0
26.0,5.0,0.0,0.0,0.0,0.0,0.0,0.0,0.0,0.0,0.0,0.0,-1.0,0.0,1.0,31101.0,1.0,20.0,0.0,1.0,0.05,2.0,0.4008,0.0,0.0,2.0
26.0,5.0,0.0,0.0,0.0,0.0,0.0,0.0,0.0,0.0,0.0,0.0,-1.0,0.0,1.0,31101.0,1.0,20.0,0.0,1.0,0.05,2.0,0.4008,0.0,0.0,2.0
26.0,5.0,0.0,0.0,0.0,0.0,0.0,0.0,0.0,0.0,0.0,0.0,-1.0,0.0,1.0,31101.0,1.0,20.0,0.0,1.0,0.05,2.0,0.4008,0.0,0.0,2.0
26.0,5.0,0.0,0.0,0.0,0.0,0.0,0.0,0.0,0.0,0.0,0.0,-1.0,0.0,1.0,31101.0,1.0,20.0,0.0,1.0,0.05,2.0,0.4008,0.0,0.0,2.0
56.0,10.0,0.0,0.0,0.0,0.0,0.0,0.0,0.0,0.0,0.0,0.0,0.0,0.0,1.0,31151.0,1.0,20.0,0.0,1.0,0.05,2.0,0.4008,0.0,0.0,0.0
26.0,5.0,0.0,0.0,0.0,0.0,0.0,0.0,0.0,0.0,0.0,0.0,-1.0,0.0,1.0,31101.0,1.0,20.0,0.0,1.0,0.1,2.0,0.0,0.0,0.0,2.0
26.0,5.0,0.0,0.0,0.0,0.0,0.0,0.0,0.0,0.0,0.0,0.0,-1.0,0.0,1.0,31101.0,1.0,20.0,0.0,1.0,0.1,2.0,0.0,0.0,0.0,2.0
26.0,5.0,0.0,0.0,0.0,0.0,0.0,0.0,0.0,0.0,0.0,0.0,-1.0,0.0,1.0,31101.0,1.0,20.0,0.0,1.0,0.1,2.0,0.210894,0.0,0.0,2.0
26.0,5.0,0.0,0.0,0.0,0.0,0.0,0.0,0.0,0.0,0.0,0.0,-1.0,0.0,1.0,31101.0,1.0,20.0,0.0,1.0,0.1,2.0,0.210894,0.0,0.0,2.0
26.0,5.0,0.0,0.0,0.0,0.0,0.0,0.0,0.0,0.0,0.0,0.0,-1.0,0.0,1.0,31101.0,1.0,20.0,0.0,1.0,0.1,2.0,0.210894,0.0,0.0,2.0
26.0,5.0,0.0,0.0,0.0,0.0,0.0,0.0,0.0,0.0,0.0,0.0,-1.0,0.0,1.0,31101.0,1.0,20.0,0.0,1.0,0.1,2.0,0.210894,0.0,0.0,2.0
26.0,5.0,0.0,0.0,0.0,0.0,0.0,0.0,0.0,0.0,0.0,0.0,-1.0,0.0,1.0,31101.0,1.0,20.0,0.0,1.0,0.1,2.0,0.210894,0.0,0.0,2.0
26.0,5.0,0.0,0.0,0.0,0.0,0.0,0.0,0.0,0.0,0.0,0.0,-1.0,0.0,1.0,31101.0,1.0,20.0,0.0,1.0,0.1,2.0,0.263868,0.0,0.0,2.0
26.0,5.0,0.0,0.0,0.0,0.0,0.0,0.0,0.0,0.0,0.0,0.0,-1.0,0.0,1.0,31101.0,1.0,20.0,0.0,1.0,0.05,2.0,0.263868,0.0,0.0,2.0
26.0,5.0,0.0,0.0,0.0,0.0,0.0,0.0,0.0,0.0,0.0,0.0,-1.0,0.0,1.0,31101.0,1.0,20.0,0.0,1.0,0.05,2.0,0.263868,0.0,0.0,2.0
26.0,5.0,0.0,0.0,0.0,0.0,0.0,0.0,0.0,0.0,0.0,0.0,-1.0,0.0,1.0,31101.0,1.0,20.0,0.0,1.0,0.05,2.0,0.263868,0.0,0.0,2.0
56.0,10.0,0.0,0.0,0.0,0.0,0.0,0.0,0.0,0.0,0.0,0.0,0.0,0.0,1.0,31151.0,1.0,20.0,0.0,1.0,0.05,2.0,0.263868,0.0,0.0,0.0
26.0,5.0,0.0,0.0,0.0,0.0,0.0,0.0,0.0,0.0,0.0,0.0,-1.0,0.0,1.0,31101.0,1.0,20.0,0.0,1.0,0.1,2.0,0.0,0.0,0.0,2.0
26.0,5.0,0.0,0.0,0.0,0.0,0.0,0.0,0.0,0.0,0.0,0.0,-1.0,0.0,1.0,31101.0,1.0,20.0,0.0,1.0,0.1,2.0,0.0,0.0,0.0,2.0
26.0,5.0,0.0,0.0,0.0,0.0,0.0,0.0,0.0,0.0,0.0,0.0,-1.0,0.0,1.0,31101.0,1.0,20.0,0.0,1.0,0.1,2.0,0.053973,0.0,0.0,2.0
26.0,5.0,0.0,0.0,0.0,0.0,0.0,0.0,0.0,0.0,0.0,0.0,-1.0,0.0,1.0,31101.0,1.0,20.0,0.0,1.0,0.1,2.0,0.053973,0.0,0.0,2.0
26.0,5.0,0.0,0.0,0.0,0.0,0.0,0.0,0.0,0.0,0.0,0.0,-1.0,0.0,1.0,31101.0,1.0,20.0,0.0,1.0,0.1,2.0,0.053973,0.0,0.0,2.0
26.0,5.0,0.0,0.0,0.0,0.0,0.0,0.0,0.0,0.0,0.0,0.0,-1.0,0.0,1.0,31101.0,1.0,20.0,0.0,1.0,0.1,2.0,0.053973,0.0,0.0,2.0
26.0,5.0,0.0,0.0,0.0,0.0,0.0,0.0,0.0,0.0,0.0,0.0,-1.0,0.0,1.0,31101.0,1.0,20.0,0.0,1.0,0.1,2.0,0.053973,0.0,0.0,2.0
26.0,5.0,0.0,0.0,0.0,0.0,0.0,0.0,0.0,0.0,0.0,0.0,-1.0,0.0,1.0,31101.0,1.0,20.0,0.0,1.0,0.1,2.0,0.053973,0.0,0.0,2.0
26.0,5.0,0.0,0.0,0.0,0.0,0.0,0.0,0.0,0.0,0.0,0.0,-1.0,0.0,1.0,31101.0,1.0,20.0,0.0,1.0,0.05,2.0,0.053973,0.0,0.0,2.0
26.0,5.0,0.0,0.0,0.0,0.0,0.0,0.0,0.0,1.0,0.0,0.0,-1.0,0.0,1.0,31101.0,1.0,20.0,0.0,1.0,0.05,2.0,0.053973,0.0,0.0,2.0
26.0,5.0,0.0,0.0,0.0,0.0,0.0,0.0,0.0,0.0,0.0,0.0,-1.0,0.0,1.0,31101.0,1.0,20.0,0.0,1.0,0.05,2.0,0.053973,0.0,0.0,2.0
26.0,5.0,0.0,0.0,0.0,0.0,0.0,0.0,0.0,0.0,0.0,0.0,-1.0,0.0,1.0,31101.0,1.0,20.0,0.0,1.0,0.05,2.0,0.053973,0.0,0.0,2.0
26.0,5.0,0.0,0.0,0.0,0.0,0.0,0.0,0.0,0.0,0.0,0.0,-1.0,0.0,1.0,31101.0,1.0,20.0,0.0,1.0,0.05,2.0,0.114942,0.0,0.0,2.0
26.0,5.0,0.0,0.0,0.0,0.0,0.0,0.0,0.0,0.0,0.0,0.0,-1.0,0.0,1.0,31101.0,1.0,20.0,0.0,1.0,0.05,2.0,0.331834,0.0,0.0,2.0
26.0,5.0,0.0,0.0,0.0,0.0,0.0,0.0,0.0,0.0,0.0,0.0,-1.0,0.0,1.0,31101.0,1.0,20.0,0.0,1.0,0.05,2.0,0.331834,0.0,0.0,2.0
26.0,5.0,0.0,0.0,0.0,0.0,0.0,0.0,0.0,0.0,0.0,0.0,-1.0,0.0,1.0,31101.0,1.0,20.0,0.0,1.0,0.05,2.0,0.331834,0.0,0.0,2.0
26.0,5.0,0.0,0.0,0.0,0.0,0.0,0.0,0.0,0.0,0.0,0.0,-1.0,0.0,1.0,31101.0,1.0,20.0,0.0,1.0,0.05,2.0,0.331834,0.0,0.0,2.0
26.0,5.0,0.0,0.0,0.0,0.0,0.0,0.0,0.0,0.0,0.0,0.0,-1.0,0.0,1.0,31101.0,1.0,20.0,0.0,1.0,0.05,2.0,0.331834,0.0,0.0,2.0
26.0,5.0,0.0,0.0,0.0,0.0,0.0,0.0,0.0,0.0,0.0,0.0,-1.0,0.0,1.0,31101.0,1.0,20.0,0.0,1.0,0.05,2.0,0.832583,0.0,0.0,2.0
26.0,5.0,0.0,0.0,0.0,0.0,0.0,0.0,0.0,0.0,0.0,0.0,-1.0,0.0,1.0,31101.0,1.0,20.0,0.0,1.0,0.05,2.0,0.832583,0.0,0.0,2.0
26.0,5.0,0.0,0.0,0.0,0.0,0.0,0.0,0.0,0.0,0.0,0.0,-1.0,0.0,1.0,31101.0,1.0,20.0,0.0,1.0,0.0,1.0,999.0,0.0,0.0,2.0
26.0,5.0,0.0,0.0,0.0,0.0,0.0,0.0,0.0,0.0,0.0,0.0,-1.0,0.0,1.0,31101.0,1.0,20.0,0.0,1.0,0.0,1.0,999.0,0.0,0.0,2.0
26.0,5.0,0.0,0.0,0.0,0.0,0.0,0.0,0.0,0.0,0.0,0.0,-1.0,0.0,1.0,31101.0,1.0,20.0,0.0,1.0,0.0,1.0,999.0,0.0,0.0,2.0
26.0,5.0,0.0,0.0,0.0,0.0,0.0,0.0,0.0,0.0,0.0,0.0,-1.0,0.0,1.0,31101.0,1.0,20.0,0.0,1.0,0.0,1.0,999.0,0.0,0.0,2.0
56.0,10.0,0.0,0.0,0.0,0.0,0.0,0.0,0.0,0.0,0.0,0.0,0.0,0.0,1.0,31151.0,1.0,20.0,0.0,1.0,0.0,1.0,999.0,0.0,0.0,0.0
26.0,5.0,0.0,0.0,0.0,0.0,0.0,0.0,0.0,0.0,0.0,0.0,-1.0,0.0,1.0,31101.0,1.0,20.0,0.0,1.0,0.05,2.0,0.0,0.0,0.0,2.0
26.0,5.0,0.0,0.0,0.0,0.0,0.0,0.0,0.0,0.0,0.0,0.0,-1.0,0.0,1.0,31101.0,1.0,20.0,0.0,1.0,0.05,2.0,0.109945,0.0,0.0,2.0
26.0,5.0,0.0,0.0,0.0,0.0,0.0,0.0,0.0,0.0,0.0,0.0,-1.0,0.0,1.0,31101.0,1.0,20.0,0.0,1.0,0.05,2.0,0.109945,0.0,0.0,2.0
26.0,5.0,0.0,0.0,0.0,0.0,0.0,0.0,0.0,0.0,0.0,0.0,-1.0,0.0,1.0,31101.0,1.0,20.0,0.0,1.0,0.05,2.0,0.109945,0.0,0.0,2.0
26.0,5.0,0.0,0.0,0.0,0.0,0.0,0.0,0.0,0.0,0.0,0.0,-1.0,0.0,1.0,31101.0,1.0,20.0,0.0,1.0,0.05,2.0,0.109945,0.0,0.0,2.0
26.0,5.0,0.0,0.0,0.0,0.0,0.0,0.0,0.0,0.0,0.0,0.0,-1.0,0.0,1.0,31101.0,1.0,20.0,0.0,1.0,0.05,2.0,0.230885,0.0,0.0,2.0
26.0,5.0,0.0,0.0,0.0,0.0,0.0,0.0,0.0,0.0,0.0,0.0,-1.0,0.0,1.0,31101.0,1.0,20.0,0.0,1.0,0.05,2.0,0.231884,0.0,0.0,2.0
26.0,5.0,0.0,0.0,0.0,0.0,0.0,0.0,1.0,0.0,0.0,0.0,-1.0,0.0,1.0,31101.0,1.0,20.0,0.0,1.0,0.05,2.0,0.232884,0.0,0.0,2.0
26.0,5.0,0.0,0.0,0.0,0.0,0.0,0.0,1.0,0.0,0.0,0.0,-1.0,0.0,1.0,31101.0,1.0,20.0,0.0,1.0,0.05,2.0,0.232884,0.0,0.0,2.0
26.0,5.0,0.0,0.0,0.0,0.0,0.0,0.0,0.0,0.0,0.0,0.0,-1.0,0.0,1.0,31101.0,1.0,20.0,0.0,1.0,0.05,2.0,0.853573,0.0,0.0,2.0
26.0,5.0,0.0,0.0,0.0,0.0,0.0,0.0,0.0,0.0,0.0,0.0,-1.0,0.0,1.0,31101.0,1.0,20.0,0.0,1.0,0.05,2.0,0.853573,0.0,0.0,2.0
56.0,10.0,0.0,0.0,0.0,0.0,0.0,0.0,0.0,0.0,0.0,0.0,0.0,0.0,1.0,31151.0,1.0,20.0,0.0,1.0,0.05,2.0,0.853573,0.0,0.0,0.0
26.0,5.0,0.0,0.0,0.0,0.0,0.0,0.0,0.0,0.0,0.0,0.0,-1.0,0.0,1.0,31101.0,1.0,20.0,0.0,1.0,0.1,2.0,0.375812,0.0,0.0,2.0
26.0,5.0,0.0,0.0,0.0,0.0,0.0,0.0,0.0,0.0,0.0,0.0,-1.0,0.0,1.0,31101.0,1.0,20.0,0.0,1.0,0.1,2.0,1.134433,0.0,0.0,2.0
26.0,5.0,0.0,0.0,0.0,0.0,0.0,0.0,0.0,0.0,0.0,0.0,-1.0,0.0,1.0,31101.0,1.0,20.0,0.0,1.0,0.1,2.0,1.135432,0.0,0.0,2.0
26.0,5.0,0.0,0.0,0.0,0.0,0.0,0.0,0.0,0.0,0.0,0.0,-1.0,0.0,1.0,31101.0,1.0,20.0,0.0,1.0,0.1,2.0,1.136432,0.0,0.0,2.0
26.0,5.0,0.0,0.0,0.0,0.0,0.0,0.0,0.0,0.0,0.0,0.0,-1.0,0.0,1.0,31101.0,1.0,20.0,0.0,1.0,0.1,2.0,1.141429,0.0,0.0,2.0
26.0,5.0,0.0,0.0,0.0,0.0,0.0,0.0,0.0,0.0,0.0,0.0,-1.0,0.0,1.0,31101.0,1.0,20.0,0.0,1.0,0.1,2.0,1.141429,0.0,0.0,2.0
26.0,5.0,0.0,0.0,0.0,0.0,0.0,0.0,0.0,0.0,0.0,0.0,-1.0,0.0,1.0,31101.0,1.0,20.0,0.0,1.0,0.1,2.0,1.371314,0.0,0.0,2.0
26.0,5.0,0.0,0.0,0.0,0.0,0.0,0.0,0.0,0.0,0.0,0.0,-1.0,0.0,1.0,31101.0,1.0,20.0,0.0,1.0,0.1,2.0,1.371314,0.0,0.0,2.0
26.0,5.0,0.0,0.0,0.0,0.0,0.0,0.0,0.0,0.0,0.0,0.0,-1.0,0.0,1.0,31101.0,1.0,20.0,0.0,1.0,0.05,2.0,1.372314,0.0,0.0,2.0
26.0,5.0,0.0,0.0,0.0,0.0,0.0,0.0,0.0,0.0,0.0,0.0,-1.0,0.0,1.0,31101.0,1.0,20.0,0.0,1.0,0.05,2.0,1.372314,0.0,0.0,2.0
26.0,5.0,0.0,0.0,0.0,0.0,0.0,0.0,0.0,0.0,0.0,0.0,-1.0,0.0,1.0,31101.0,1.0,20.0,0.0,1.0,0.05,2.0,1.372314,0.0,0.0,2.0
56.0,10.0,0.0,0.0,0.0,0.0,0.0,0.0,0.0,0.0,0.0,0.0,0.0,0.0,1.0,31151.0,1.0,20.0,0.0,1.0,0.05,2.0,1.372314,0.0,0.0,0.0
26.0,5.0,0.0,0.0,0.0,0.0,0.0,0.0,0.0,0.0,0.0,0.0,-1.0,0.0,1.0,31101.0,1.0,20.0,0.0,1.0,0.1,2.0,0.368815,0.0,0.0,2.0
26.0,5.0,0.0,0.0,0.0,0.0,0.0,0.0,0.0,0.0,0.0,0.0,-1.0,0.0,1.0,31101.0,1.0,20.0,0.0,1.0,0.1,2.0,0.368815,0.0,0.0,2.0
26.0,5.0,0.0,0.0,0.0,0.0,0.0,0.0,0.0,0.0,0.0,0.0,-1.0,0.0,1.0,31101.0,1.0,20.0,0.0,1.0,0.1,2.0,0.368815,0.0,0.0,2.0
26.0,5.0,0.0,0.0,0.0,0.0,0.0,0.0,0.0,0.0,0.0,0.0,-1.0,0.0,1.0,31101.0,1.0,20.0,0.0,1.0,0.1,2.0,0.368815,0.0,0.0,2.0
26.0,5.0,0.0,0.0,0.0,0.0,0.0,0.0,0.0,0.0,0.0,0.0,-1.0,0.0,1.0,31101.0,1.0,20.0,0.0,1.0,0.1,2.0,0.373813,0.0,0.0,2.0
26.0,5.0,0.0,0.0,0.0,0.0,0.0,0.0,0.0,0.0,0.0,0.0,-1.0,0.0,1.0,31101.0,1.0,20.0,0.0,1.0,0.1,2.0,0.373813,0.0,0.0,2.0
26.0,5.0,0.0,0.0,0.0,0.0,0.0,0.0,0.0,0.0,0.0,0.0,-1.0,0.0,1.0,31101.0,1.0,20.0,0.0,1.0,0.1,2.0,0.373813,0.0,0.0,2.0
26.0,5.0,0.0,0.0,0.0,0.0,0.0,0.0,0.0,0.0,0.0,0.0,-1.0,0.0,1.0,31101.0,1.0,20.0,0.0,1.0,0.1,2.0,0.373813,0.0,0.0,2.0
26.0,5.0,0.0,0.0,0.0,0.0,0.0,0.0,0.0,0.0,0.0,0.0,-1.0,0.0,1.0,31101.0,1.0,20.0,0.0,1.0,0.05,2.0,0.373813,0.0,0.0,2.0
26.0,5.0,0.0,0.0,0.0,0.0,0.0,0.0,0.0,0.0,0.0,0.0,-1.0,0.0,1.0,31101.0,1.0,20.0,0.0,1.0,0.05,2.0,0.373813,0.0,0.0,2.0
26.0,5.0,0.0,0.0,0.0,0.0,0.0,0.0,0.0,0.0,0.0,0.0,-1.0,0.0,1.0,31101.0,1.0,20.0,0.0,1.0,0.05,2.0,0.425787,0.0,0.0,2.0
26.0,5.0,0.0,0.0,0.0,0.0,0.0,0.0,0.0,0.0,0.0,0.0,-1.0,0.0,1.0,31101.0,1.0,20.0,0.0,1.0,0.05,2.0,0.425787,0.0,0.0,2.0
56.0,10.0,0.0,0.0,0.0,0.0,0.0,0.0,0.0,0.0,0.0,0.0,0.0,0.0,1.0,31151.0,1.0,20.0,0.0,1.0,0.05,2.0,0.430784,0.0,0.0,0.0
26.0,5.0,0.0,0.0,0.0,0.0,0.0,0.0,0.0,0.0,0.0,0.0,-1.0,0.0,1.0,31101.0,1.0,20.0,0.0,1.0,0.1,2.0,0.001,0.0,0.0,2.0
26.0,5.0,0.0,0.0,0.0,0.0,0.0,0.0,0.0,0.0,0.0,0.0,-1.0,0.0,1.0,31101.0,1.0,20.0,0.0,1.0,0.1,2.0,0.001,0.0,0.0,2.0
26.0,5.0,0.0,0.0,0.0,0.0,0.0,0.0,0.0,0.0,0.0,0.0,-1.0,0.0,1.0,31101.0,1.0,20.0,0.0,1.0,0.1,2.0,0.001,0.0,0.0,2.0
26.0,5.0,0.0,0.0,0.0,0.0,0.0,0.0,0.0,0.0,0.0,0.0,-1.0,0.0,1.0,31101.0,1.0,20.0,0.0,1.0,0.1,2.0,0.001999,0.0,0.0,2.0
26.0,5.0,0.0,0.0,0.0,0.0,0.0,0.0,0.0,0.0,0.0,0.0,-1.0,0.0,1.0,31101.0,1.0,20.0,0.0,1.0,0.1,2.0,0.001999,0.0,0.0,2.0
26.0,5.0,0.0,0.0,0.0,0.0,0.0,0.0,0.0,0.0,0.0,0.0,-1.0,0.0,1.0,31101.0,1.0,20.0,0.0,1.0,0.1,2.0,0.001999,0.0,0.0,2.0
26.0,5.0,0.0,0.0,0.0,0.0,0.0,0.0,0.0,0.0,0.0,0.0,-1.0,0.0,1.0,31101.0,1.0,20.0,0.0,1.0,0.1,2.0,0.001999,0.0,0.0,2.0
26.0,5.0,0.0,0.0,0.0,0.0,0.0,0.0,0.0,0.0,0.0,0.0,-1.0,0.0,1.0,31101.0,1.0,20.0,0.0,1.0,0.05,2.0,0.001999,0.0,0.0,2.0
26.0,5.0,0.0,0.0,0.0,0.0,0.0,0.0,0.0,0.0,0.0,0.0,-1.0,0.0,1.0,31101.0,1.0,20.0,0.0,1.0,0.05,2.0,0.001999,0.0,0.0,2.0
26.0,5.0,0.0,0.0,0.0,0.0,0.0,0.0,0.0,0.0,0.0,0.0,-1.0,0.0,1.0,31101.0,1.0,20.0,0.0,1.0,0.05,2.0,0.005997,0.0,0.0,2.0
26.0,5.0,0.0,0.0,0.0,0.0,0.0,0.0,0.0,0.0,0.0,0.0,-1.0,0.0,1.0,31101.0,1.0,20.0,0.0,1.0,0.05,2.0,0.005997,0.0,0.0,2.0
26.0,5.0,0.0,0.0,0.0,0.0,0.0,0.0,0.0,0.0,0.0,0.0,-1.0,0.0,1.0,31101.0,1.0,20.0,0.0,1.0,0.05,2.0,0.005997,0.0,0.0,2.0
26.0,5.0,0.0,0.0,0.0,0.0,0.0,0.0,0.0,0.0,0.0,0.0,-1.0,0.0,1.0,31101.0,1.0,20.0,0.0,1.0,0.05,2.0,0.005997,0.0,0.0,2.0
56.0,10.0,0.0,0.0,0.0,0.0,0.0,0.0,0.0,0.0,0.0,0.0,0.0,0.0,1.0,31151.0,1.0,20.0,0.0,1.0,0.05,2.0,0.007996,0.0,0.0,0.0
26.0,5.0,0.0,0.0,0.0,0.0,0.0,0.0,0.0,0.0,0.0,0.0,-1.0,0.0,1.0,31101.0,1.0,20.0,0.0,1.0,0.1,2.0,0.049975,0.0,0.0,2.0
26.0,5.0,0.0,0.0,0.0,0.0,0.0,0.0,0.0,0.0,0.0,0.0,-1.0,0.0,1.0,31101.0,1.0,20.0,0.0,1.0,0.1,2.0,0.049975,0.0,0.0,2.0
26.0,5.0,0.0,0.0,0.0,0.0,0.0,0.0,0.0,0.0,0.0,0.0,-1.0,0.0,1.0,31101.0,1.0,20.0,0.0,1.0,0.1,2.0,0.049975,0.0,0.0,2.0
26.0,5.0,0.0,0.0,0.0,0.0,0.0,0.0,0.0,0.0,0.0,0.0,-1.0,0.0,1.0,31101.0,1.0,20.0,0.0,1.0,0.1,2.0,0.049975,0.0,0.0,2.0
26.0,5.0,0.0,0.0,0.0,0.0,0.0,0.0,0.0,0.0,0.0,0.0,-1.0,0.0,1.0,31101.0,1.0,20.0,0.0,1.0,0.1,2.0,0.049975,0.0,0.0,2.0
26.0,5.0,0.0,0.0,0.0,0.0,0.0,0.0,0.0,0.0,0.0,0.0,-1.0,0.0,1.0,31101.0,1.0,20.0,0.0,1.0,0.1,2.0,0.049975,0.0,0.0,2.0
26.0,5.0,0.0,0.0,0.0,0.0,0.0,0.0,0.0,0.0,0.0,0.0,-1.0,0.0,1.0,31101.0,1.0,20.0,0.0,1.0,0.05,2.0,0.049975,0.0,0.0,2.0
26.0,5.0,0.0,0.0,0.0,0.0,0.0,0.0,0.0,0.0,0.0,0.0,-1.0,0.0,1.0,31101.0,1.0,20.0,0.0,1.0,0.05,2.0,0.049975,0.0,0.0,2.0
26.0,5.0,0.0,0.0,0.0,0.0,0.0,0.0,0.0,0.0,0.0,0.0,-1.0,0.0,1.0,31101.0,1.0,20.0,0.0,1.0,0.05,2.0,0.049975,0.0,0.0,2.0
26.0,5.0,0.0,0.0,0.0,0.0,0.0,0.0,0.0,0.0,0.0,0.0,-1.0,0.0,1.0,31101.0,1.0,20.0,0.0,1.0,0.05,2.0,0.049975,0.0,0.0,2.0
26.0,5.0,0.0,0.0,0.0,0.0,0.0,0.0,0.0,0.0,0.0,0.0,-1.0,0.0,1.0,31101.0,1.0,20.0,0.0,1.0,0.05,2.0,0.049975,0.0,0.0,2.0
26.0,5.0,0.0,0.0,0.0,0.0,0.0,0.0,0.0,0.0,0.0,0.0,-1.0,0.0,1.0,31101.0,1.0,20.0,0.0,1.0,0.05,2.0,0.049975,0.0,0.0,2.0
56.0,10.0,0.0,0.0,0.0,0.0,0.0,0.0,0.0,0.0,0.0,0.0,0.0,0.0,1.0,31151.0,1.0,20.0,0.0,1.0,0.05,2.0,0.049975,0.0,0.0,0.0
26.0,5.0,0.0,0.0,0.0,0.0,0.0,0.0,0.0,0.0,0.0,0.0,-1.0,0.0,1.0,31101.0,1.0,20.0,0.0,1.0,0.1,2.0,0.006997,0.0,0.0,2.0
26.0,5.0,0.0,0.0,0.0,0.0,0.0,0.0,0.0,0.0,0.0,0.0,-1.0,0.0,1.0,31101.0,1.0,20.0,0.0,1.0,0.1,2.0,0.086957,0.0,0.0,2.0
26.0,5.0,0.0,0.0,0.0,0.0,0.0,0.0,0.0,0.0,0.0,0.0,-1.0,0.0,1.0,31101.0,1.0,20.0,0.0,1.0,0.1,2.0,0.086957,0.0,0.0,2.0
26.0,5.0,0.0,0.0,0.0,0.0,0.0,0.0,0.0,0.0,0.0,0.0,-1.0,0.0,1.0,31101.0,1.0,20.0,0.0,1.0,0.1,2.0,0.086957,0.0,0.0,2.0
26.0,5.0,0.0,0.0,0.0,0.0,0.0,0.0,0.0,0.0,0.0,0.0,-1.0,0.0,1.0,31101.0,1.0,20.0,0.0,1.0,0.1,2.0,0.086957,0.0,0.0,2.0
26.0,5.0,0.0,0.0,0.0,0.0,0.0,0.0,0.0,0.0,0.0,0.0,-1.0,0.0,1.0,31101.0,1.0,20.0,0.0,1.0,0.1,2.0,0.086957,0.0,0.0,2.0
26.0,5.0,0.0,0.0,0.0,0.0,0.0,0.0,0.0,0.0,0.0,0.0,-1.0,0.0,1.0,31101.0,1.0,20.0,0.0,1.0,0.1,2.0,0.086957,0.0,0.0,2.0
26.0,5.0,0.0,0.0,0.0,0.0,0.0,0.0,0.0,0.0,0.0,0.0,-1.0,0.0,1.0,31101.0,1.0,20.0,0.0,1.0,0.05,2.0,0.086957,0.0,0.0,2.0
26.0,5.0,0.0,0.0,0.0,0.0,0.0,0.0,0.0,0.0,0.0,0.0,-1.0,0.0,1.0,31101.0,1.0,20.0,0.0,1.0,0.05,2.0,0.086957,0.0,0.0,2.0
26.0,5.0,0.0,0.0,0.0,0.0,0.0,0.0,0.0,0.0,0.0,0.0,-1.0,0.0,1.0,31101.0,1.0,20.0,0.0,1.0,0.05,2.0,0.086957,0.0,0.0,2.0
26.0,5.0,0.0,0.0,0.0,0.0,0.0,0.0,0.0,0.0,0.0,0.0,-1.0,0.0,1.0,31101.0,1.0,20.0,0.0,1.0,0.05,2.0,0.086957,0.0,0.0,2.0
26.0,5.0,0.0,0.0,0.0,0.0,0.0,0.0,0.0,0.0,0.0,0.0,-1.0,0.0,1.0,31101.0,1.0,20.0,0.0,1.0,0.05,2.0,0.321839,0.0,0.0,2.0
56.0,10.0,0.0,0.0,0.0,0.0,0.0,0.0,0.0,0.0,0.0,0.0,0.0,0.0,1.0,31151.0,1.0,20.0,0.0,1.0,0.05,2.0,0.321839,0.0,0.0,0.0
26.0,5.0,0.0,0.0,0.0,0.0,0.0,0.0,0.0,0.0,0.0,0.0,-1.0,0.0,1.0,31101.0,1.0,20.0,0.0,1.0,0.1,2.0,0.052974,0.0,0.0,2.0
26.0,5.0,0.0,0.0,0.0,0.0,0.0,0.0,0.0,0.0,0.0,0.0,-1.0,0.0,1.0,31101.0,1.0,20.0,0.0,1.0,0.1,2.0,0.052974,0.0,0.0,2.0
26.0,5.0,0.0,0.0,0.0,0.0,0.0,0.0,0.0,0.0,0.0,0.0,-1.0,0.0,1.0,31101.0,1.0,20.0,0.0,1.0,0.1,2.0,0.052974,0.0,0.0,2.0
26.0,5.0,0.0,0.0,0.0,0.0,0.0,0.0,0.0,0.0,0.0,0.0,-1.0,0.0,1.0,31101.0,1.0,20.0,0.0,1.0,0.1,2.0,0.054973,0.0,0.0,2.0
26.0,5.0,0.0,0.0,0.0,0.0,0.0,0.0,0.0,0.0,0.0,0.0,-1.0,0.0,1.0,31101.0,1.0,20.0,0.0,1.0,0.1,2.0,0.108946,0.0,0.0,2.0
26.0,5.0,0.0,0.0,0.0,0.0,0.0,0.0,0.0,0.0,0.0,0.0,-1.0,0.0,1.0,31101.0,1.0,20.0,0.0,1.0,0.1,2.0,0.110945,0.0,0.0,2.0
26.0,5.0,0.0,0.0,0.0,0.0,0.0,0.0,0.0,0.0,0.0,0.0,-1.0,0.0,1.0,31101.0,1.0,20.0,0.0,1.0,0.1,2.0,0.110945,0.0,0.0,2.0
26.0,5.0,0.0,0.0,0.0,0.0,0.0,0.0,0.0,0.0,0.0,0.0,-1.0,0.0,1.0,31101.0,1.0,20.0,0.0,1.0,0.05,2.0,0.110945,0.0,0.0,2.0
26.0,5.0,0.0,0.0,0.0,0.0,0.0,0.0,0.0,0.0,0.0,0.0,-1.0,0.0,1.0,31101.0,1.0,20.0,0.0,1.0,0.05,2.0,0.110945,0.0,0.0,2.0
26.0,5.0,0.0,0.0,0.0,0.0,0.0,0.0,0.0,0.0,0.0,0.0,-1.0,0.0,1.0,31101.0,1.0,20.0,0.0,1.0,0.05,2.0,0.110945,0.0,0.0,2.0
26.0,5.0,0.0,0.0,0.0,0.0,0.0,0.0,0.0,0.0,0.0,0.0,-1.0,0.0,1.0,31101.0,1.0,20.0,0.0,1.0,0.05,2.0,0.113943,0.0,0.0,2.0
56.0,10.0,0.0,0.0,0.0,0.0,0.0,0.0,0.0,0.0,0.0,0.0,0.0,0.0,1.0,31151.0,1.0,20.0,0.0,1.0,0.05,2.0,0.113943,0.0,0.0,0.0
26.0,5.0,0.0,0.0,0.0,0.0,0.0,0.0,0.0,0.0,0.0,0.0,-1.0,0.0,1.0,31101.0,1.0,20.0,0.0,1.0,0.1,2.0,0.0,0.0,0.0,2.0
26.0,5.0,0.0,0.0,0.0,0.0,0.0,0.0,0.0,0.0,0.0,0.0,-1.0,0.0,1.0,31101.0,1.0,20.0,0.0,1.0,0.1,2.0,0.0,0.0,0.0,2.0
26.0,5.0,0.0,0.0,0.0,0.0,0.0,0.0,0.0,0.0,0.0,0.0,-1.0,0.0,1.0,31101.0,1.0,20.0,0.0,1.0,0.1,2.0,0.0,0.0,0.0,2.0
26.0,5.0,0.0,0.0,0.0,0.0,0.0,0.0,0.0,0.0,0.0,0.0,-1.0,0.0,1.0,31101.0,1.0,20.0,0.0,1.0,0.1,2.0,0.0,0.0,0.0,2.0
26.0,5.0,0.0,0.0,0.0,0.0,0.0,0.0,0.0,0.0,0.0,0.0,-1.0,0.0,1.0,31101.0,1.0,20.0,0.0,1.0,0.1,2.0,0.0,0.0,0.0,2.0
26.0,5.0,0.0,0.0,0.0,0.0,0.0,0.0,0.0,0.0,0.0,0.0,-1.0,0.0,1.0,31101.0,1.0,20.0,0.0,1.0,0.1,2.0,0.0,0.0,0.0,2.0
26.0,5.0,0.0,0.0,0.0,0.0,0.0,0.0,0.0,0.0,0.0,0.0,-1.0,0.0,1.0,31101.0,1.0,20.0,0.0,1.0,0.1,2.0,0.052974,0.0,0.0,2.0
26.0,5.0,0.0,0.0,0.0,0.0,0.0,0.0,0.0,0.0,0.0,0.0,-1.0,0.0,1.0,31101.0,1.0,20.0,0.0,1.0,0.1,2.0,0.052974,0.0,0.0,2.0
26.0,5.0,0.0,0.0,0.0,0.0,0.0,0.0,0.0,0.0,0.0,0.0,-1.0,0.0,1.0,31101.0,1.0,20.0,0.0,1.0,0.05,2.0,0.054973,0.0,0.0,2.0
26.0,5.0,0.0,0.0,0.0,0.0,0.0,0.0,0.0,0.0,0.0,0.0,-1.0,0.0,1.0,31101.0,1.0,20.0,0.0,1.0,0.05,2.0,0.055972,0.0,0.0,2.0
26.0,5.0,0.0,0.0,0.0,0.0,0.0,0.0,0.0,0.0,0.0,0.0,-1.0,0.0,1.0,31101.0,1.0,20.0,0.0,1.0,0.05,2.0,0.055972,0.0,0.0,2.0
26.0,5.0,0.0,0.0,0.0,0.0,0.0,0.0,0.0,0.0,0.0,0.0,-1.0,0.0,1.0,31101.0,1.0,20.0,0.0,1.0,0.05,2.0,0.055972,0.0,0.0,2.0
56.0,10.0,0.0,0.0,0.0,0.0,0.0,0.0,0.0,0.0,0.0,0.0,0.0,0.0,1.0,31151.0,1.0,20.0,0.0,1.0,0.05,2.0,0.056972,0.0,0.0,0.0
26.0,5.0,0.0,0.0,0.0,0.0,0.0,0.0,0.0,0.0,0.0,0.0,-1.0,0.0,1.0,31101.0,1.0,20.0,0.0,1.0,0.1,2.0,0.000999,0.0,0.0,2.0
26.0,5.0,0.0,0.0,0.0,0.0,0.0,0.0,0.0,0.0,0.0,0.0,-1.0,0.0,1.0,31101.0,1.0,20.0,0.0,1.0,0.1,2.0,0.000999,0.0,0.0,2.0
26.0,5.0,0.0,0.0,0.0,0.0,0.0,0.0,0.0,0.0,0.0,0.0,-1.0,0.0,1.0,31101.0,1.0,20.0,0.0,1.0,0.1,2.0,0.001999,0.0,0.0,2.0
26.0,5.0,0.0,0.0,0.0,0.0,0.0,0.0,0.0,0.0,0.0,0.0,-1.0,0.0,1.0,31101.0,1.0,20.0,0.0,1.0,0.1,2.0,0.001999,0.0,0.0,2.0
26.0,5.0,0.0,0.0,0.0,0.0,0.0,0.0,0.0,0.0,0.0,0.0,-1.0,0.0,1.0,31101.0,1.0,20.0,0.0,1.0,0.1,2.0,0.001999,0.0,0.0,2.0
26.0,5.0,0.0,0.0,0.0,0.0,0.0,0.0,0.0,0.0,0.0,0.0,-1.0,0.0,1.0,31101.0,1.0,20.0,0.0,1.0,0.1,2.0,0.001999,0.0,0.0,2.0
26.0,5.0,0.0,0.0,0.0,0.0,0.0,0.0,0.0,0.0,0.0,0.0,-1.0,0.0,1.0,31101.0,1.0,20.0,0.0,1.0,0.1,2.0,0.002998,0.0,0.0,2.0
26.0,5.0,0.0,0.0,0.0,0.0,0.0,0.0,0.0,0.0,0.0,0.0,-1.0,0.0,1.0,31101.0,1.0,20.0,0.0,1.0,0.05,2.0,0.002998,0.0,0.0,2.0
26.0,5.0,0.0,0.0,0.0,0.0,0.0,0.0,0.0,0.0,0.0,0.0,-1.0,0.0,1.0,31101.0,1.0,20.0,0.0,1.0,0.05,2.0,0.002998,0.0,0.0,2.0
26.0,5.0,0.0,0.0,0.0,0.0,0.0,0.0,0.0,0.0,0.0,0.0,-1.0,0.0,1.0,31101.0,1.0,20.0,0.0,1.0,0.05,2.0,0.002998,0.0,0.0,2.0
26.0,5.0,0.0,0.0,0.0,0.0,0.0,0.0,0.0,0.0,0.0,0.0,-1.0,0.0,1.0,31101.0,1.0,20.0,0.0,1.0,0.05,2.0,0.002998,0.0,0.0,2.0
26.0,5.0,0.0,0.0,0.0,0.0,0.0,0.0,0.0,0.0,0.0,0.0,-1.0,0.0,1.0,31101.0,1.0,20.0,0.0,1.0,0.05,2.0,0.004997,0.0,0.0,2.0
26.0,5.0,0.0,0.0,0.0,0.0,0.0,0.0,0.0,0.0,0.0,0.0,-1.0,0.0,1.0,31101.0,1.0,20.0,0.0,1.0,0.05,2.0,0.004997,0.0,0.0,2.0
56.0,10.0,0.0,0.0,0.0,0.0,0.0,0.0,0.0,0.0,0.0,0.0,0.0,0.0,1.0,31151.0,1.0,20.0,0.0,1.0,0.05,2.0,0.005997,0.0,0.0,0.0
26.0,5.0,0.0,0.0,0.0,0.0,0.0,0.0,0.0,0.0,0.0,0.0,-1.0,0.0,1.0,31101.0,1.0,20.0,0.0,1.0,0.1,2.0,0.0,0.0,0.0,2.0
26.0,5.0,0.0,0.0,0.0,0.0,0.0,0.0,0.0,0.0,0.0,0.0,-1.0,0.0,1.0,31101.0,1.0,20.0,0.0,1.0,0.1,2.0,0.035982,0.0,0.0,2.0
26.0,5.0,0.0,0.0,0.0,0.0,0.0,0.0,0.0,0.0,0.0,0.0,-1.0,0.0,1.0,31101.0,1.0,20.0,0.0,1.0,0.1,2.0,0.035982,0.0,0.0,2.0
26.0,5.0,0.0,0.0,0.0,0.0,0.0,0.0,0.0,0.0,0.0,0.0,-1.0,0.0,1.0,31101.0,1.0,20.0,0.0,1.0,0.1,2.0,0.035982,0.0,0.0,2.0
26.0,5.0,0.0,0.0,0.0,0.0,0.0,0.0,0.0,0.0,0.0,0.0,-1.0,0.0,1.0,31101.0,1.0,20.0,0.0,1.0,0.1,2.0,0.035982,0.0,0.0,2.0
26.0,5.0,0.0,0.0,0.0,0.0,0.0,0.0,0.0,0.0,0.0,0.0,-1.0,0.0,1.0,31101.0,1.0,20.0,0.0,1.0,0.1,2.0,0.035982,0.0,0.0,2.0
26.0,5.0,0.0,0.0,0.0,0.0,0.0,0.0,0.0,0.0,0.0,0.0,-1.0,0.0,1.0,31101.0,1.0,20.0,0.0,1.0,0.05,2.0,0.035982,0.0,0.0,2.0
26.0,5.0,0.0,0.0,0.0,0.0,0.0,0.0,0.0,0.0,0.0,0.0,-1.0,0.0,1.0,31101.0,1.0,20.0,0.0,1.0,0.05,2.0,0.901549,0.0,0.0,2.0
26.0,5.0,0.0,0.0,0.0,0.0,0.0,0.0,0.0,0.0,0.0,0.0,-1.0,0.0,1.0,31101.0,1.0,20.0,0.0,1.0,0.05,2.0,0.901549,0.0,0.0,2.0
26.0,5.0,0.0,0.0,0.0,0.0,0.0,0.0,0.0,0.0,0.0,0.0,-1.0,0.0,1.0,31101.0,1.0,20.0,0.0,1.0,0.05,2.0,0.901549,0.0,0.0,2.0
26.0,5.0,0.0,0.0,0.0,0.0,0.0,0.0,0.0,0.0,0.0,0.0,-1.0,0.0,1.0,31101.0,1.0,20.0,0.0,1.0,0.05,2.0,0.901549,0.0,0.0,2.0
26.0,5.0,0.0,0.0,0.0,0.0,0.0,0.0,0.0,0.0,0.0,0.0,-1.0,0.0,1.0,31101.0,1.0,20.0,0.0,1.0,0.05,2.0,0.901549,0.0,0.0,2.0
26.0,5.0,0.0,0.0,0.0,0.0,0.0,0.0,0.0,0.0,0.0,0.0,-1.0,0.0,1.0,31101.0,1.0,20.0,0.0,1.0,0.05,2.0,1.027486,0.0,0.0,2.0
26.0,5.0,0.0,0.0,0.0,0.0,0.0,0.0,0.0,0.0,0.0,0.0,-1.0,0.0,1.0,31101.0,1.0,20.0,0.0,1.0,0.05,2.0,1.028485,0.0,0.0,2.0
26.0,5.0,0.0,0.0,0.0,0.0,0.0,0.0,0.0,0.0,0.0,0.0,-1.0,0.0,1.0,31101.0,1.0,20.0,0.0,1.0,0.05,2.0,1.291354,0.0,0.0,2.0
26.0,5.0,0.0,0.0,0.0,0.0,0.0,0.0,0.0,0.0,0.0,0.0,-1.0,0.0,1.0,31101.0,1.0,20.0,0.0,1.0,0.05,2.0,2.051973,0.0,0.0,2.0
26.0,5.0,0.0,0.0,0.0,0.0,0.0,0.0,0.0,0.0,0.0,0.0,-1.0,0.0,1.0,31101.0,1.0,20.0,0.0,1.0,0.05,2.0,2.051973,0.0,0.0,2.0
26.0,5.0,0.0,0.0,0.0,0.0,0.0,0.0,0.0,0.0,0.0,0.0,-1.0,0.0,1.0,31101.0,1.0,20.0,0.0,1.0,0.05,2.0,2.051973,0.0,0.0,2.0
26.0,5.0,0.0,0.0,0.0,0.0,0.0,0.0,0.0,0.0,0.0,0.0,-1.0,0.0,1.0,31101.0,1.0,20.0,0.0,1.0,0.05,2.0,2.463767,0.0,0.0,2.0
26.0,5.0,0.0,0.0,0.0,0.0,0.0,0.0,0.0,0.0,0.0,0.0,-1.0,0.0,1.0,31101.0,1.0,20.0,0.0,1.0,0.05,2.0,2.463767,0.0,0.0,2.0
26.0,5.0,0.0,0.0,0.0,0.0,0.0,0.0,0.0,0.0,0.0,0.0,-1.0,0.0,1.0,31101.0,1.0,20.0,0.0,1.0,0.0,1.0,999.0,0.0,0.0,2.0
26.0,5.0,0.0,0.0,0.0,0.0,0.0,0.0,0.0,0.0,0.0,0.0,-1.0,0.0,1.0,31101.0,1.0,20.0,0.0,1.0,0.0,1.0,999.0,0.0,0.0,2.0
26.0,5.0,0.0,0.0,0.0,0.0,0.0,0.0,0.0,0.0,0.0,0.0,-1.0,0.0,1.0,31101.0,1.0,20.0,0.0,1.0,0.0,1.0,999.0,0.0,0.0,2.0
56.0,10.0,0.0,0.0,0.0,0.0,0.0,0.0,0.0,0.0,0.0,0.0,0.0,0.0,1.0,31151.0,1.0,20.0,0.0,1.0,0.0,1.0,999.0,0.0,0.0,0.0
26.0,5.0,0.0,0.0,0.0,0.0,0.0,0.0,0.0,0.0,0.0,0.0,-1.0,0.0,1.0,31101.0,1.0,20.0,0.0,1.0,0.05,2.0,0.0,0.0,0.0,2.0
26.0,5.0,0.0,0.0,0.0,0.0,0.0,0.0,0.0,0.0,0.0,0.0,-1.0,0.0,1.0,31101.0,1.0,20.0,0.0,1.0,0.05,2.0,0.507746,0.0,0.0,2.0
26.0,5.0,0.0,0.0,0.0,0.0,0.0,0.0,0.0,0.0,0.0,0.0,-1.0,0.0,1.0,31101.0,1.0,20.0,0.0,1.0,0.05,2.0,0.507746,0.0,0.0,2.0
26.0,5.0,0.0,0.0,0.0,0.0,0.0,0.0,0.0,0.0,0.0,0.0,-1.0,0.0,1.0,31101.0,1.0,20.0,0.0,1.0,0.05,2.0,0.507746,0.0,0.0,2.0
26.0,5.0,0.0,0.0,0.0,0.0,0.0,0.0,0.0,0.0,0.0,0.0,-1.0,0.0,1.0,31101.0,1.0,20.0,0.0,1.0,0.05,2.0,0.507746,0.0,0.0,2.0
26.0,5.0,0.0,0.0,0.0,0.0,0.0,0.0,0.0,0.0,0.0,0.0,-1.0,0.0,1.0,31101.0,1.0,20.0,0.0,1.0,0.05,2.0,20.458765,0.0,0.0,2.0
26.0,5.0,0.0,0.0,0.0,0.0,0.0,0.0,0.0,0.0,0.0,0.0,-1.0,0.0,1.0,31101.0,1.0,20.0,0.0,1.0,0.05,2.0,20.458765,0.0,0.0,2.0
26.0,5.0,0.0,0.0,0.0,0.0,0.0,0.0,0.0,0.0,0.0,0.0,-1.0,0.0,1.0,31101.0,1.0,20.0,0.0,1.0,0.05,2.0,20.458765,0.0,0.0,2.0
26.0,5.0,0.0,0.0,0.0,0.0,0.0,0.0,0.0,0.0,0.0,0.0,-1.0,0.0,1.0,31101.0,1.0,20.0,0.0,1.0,0.05,2.0,20.458765,0.0,0.0,2.0
26.0,5.0,0.0,0.0,0.0,0.0,0.0,0.0,0.0,0.0,0.0,0.0,-1.0,0.0,1.0,31101.0,1.0,20.0,0.0,1.0,0.05,2.0,20.458765,0.0,0.0,2.0
26.0,5.0,0.0,0.0,0.0,0.0,0.0,0.0,1.0,0.0,0.0,0.0,-1.0,0.0,1.0,31101.0,1.0,20.0,0.0,1.0,0.05,2.0,20.458765,0.0,0.0,2.0
26.0,5.0,0.0,0.0,0.0,0.0,0.0,0.0,0.0,0.0,0.0,0.0,-1.0,0.0,1.0,31101.0,1.0,20.0,0.0,1.0,0.05,2.0,20.458765,0.0,0.0,2.0
56.0,10.0,0.0,0.0,0.0,0.0,0.0,0.0,0.0,0.0,0.0,0.0,0.0,0.0,1.0,31151.0,1.0,20.0,0.0,1.0,0.05,2.0,20.458765,0.0,0.0,0.0
26.0,5.0,0.0,0.0,0.0,0.0,0.0,0.0,0.0,0.0,0.0,0.0,-1.0,0.0,1.0,31101.0,1.0,20.0,0.0,1.0,0.1,2.0,0.102949,0.0,0.0,2.0
26.0,5.0,0.0,0.0,0.0,0.0,0.0,0.0,0.0,0.0,0.0,0.0,-1.0,0.0,1.0,31101.0,1.0,20.0,0.0,1.0,0.1,2.0,0.102949,0.0,0.0,2.0
26.0,5.0,0.0,0.0,0.0,0.0,0.0,0.0,0.0,0.0,0.0,0.0,-1.0,0.0,1.0,31101.0,1.0,20.0,0.0,1.0,0.1,2.0,0.102949,0.0,0.0,2.0
26.0,5.0,0.0,0.0,0.0,0.0,0.0,0.0,0.0,0.0,0.0,0.0,-1.0,0.0,1.0,31101.0,1.0,20.0,0.0,1.0,0.1,2.0,0.102949,0.0,0.0,2.0
26.0,5.0,0.0,0.0,0.0,0.0,0.0,0.0,0.0,0.0,0.0,0.0,-1.0,0.0,1.0,31101.0,1.0,20.0,0.0,1.0,0.1,2.0,0.102949,0.0,0.0,2.0
26.0,5.0,0.0,0.0,0.0,0.0,0.0,0.0,0.0,0.0,0.0,0.0,-1.0,0.0,1.0,31101.0,1.0,20.0,0.0,1.0,0.1,2.0,0.205897,0.0,0.0,2.0
26.0,5.0,0.0,0.0,0.0,0.0,0.0,0.0,0.0,0.0,0.0,0.0,-1.0,0.0,1.0,31101.0,1.0,20.0,0.0,1.0,0.1,2.0,0.988506,0.0,0.0,2.0
26.0,5.0,0.0,0.0,0.0,0.0,0.0,0.0,0.0,0.0,0.0,0.0,-1.0,0.0,1.0,31101.0,1.0,20.0,0.0,1.0,0.05,2.0,0.988506,0.0,0.0,2.0
26.0,5.0,0.0,0.0,0.0,0.0,0.0,0.0,0.0,0.0,0.0,0.0,-1.0,0.0,1.0,31101.0,1.0,20.0,0.0,1.0,0.05,2.0,0.988506,0.0,0.0,2.0
26.0,5.0,0.0,0.0,0.0,0.0,0.0,0.0,0.0,0.0,0.0,0.0,-1.0,0.0,1.0,31101.0,1.0,20.0,0.0,1.0,0.05,2.0,0.988506,0.0,0.0,2.0
26.0,5.0,0.0,0.0,0.0,0.0,0.0,0.0,0.0,0.0,0.0,0.0,-1.0,0.0,1.0,31101.0,1.0,20.0,0.0,1.0,0.05,2.0,0.988506,0.0,0.0,2.0
56.0,10.0,0.0,0.0,0.0,0.0,1.0,0.0,0.0,0.0,0.0,0.0,0.0,0.0,1.0,31151.0,1.0,20.0,0.0,1.0,0.05,2.0,1.04048,0.0,0.0,0.0
26.0,5.0,0.0,0.0,0.0,0.0,0.0,0.0,0.0,0.0,0.0,0.0,-1.0,0.0,1.0,31101.0,1.0,20.0,0.0,1.0,0.1,2.0,0.0,0.0,0.0,2.0
26.0,5.0,0.0,0.0,0.0,0.0,0.0,0.0,0.0,0.0,0.0,0.0,-1.0,0.0,1.0,31101.0,1.0,20.0,0.0,1.0,0.1,2.0,0.203898,0.0,0.0,2.0
26.0,5.0,0.0,0.0,0.0,0.0,0.0,0.0,0.0,0.0,0.0,0.0,-1.0,0.0,1.0,31101.0,1.0,20.0,0.0,1.0,0.1,2.0,0.204897,0.0,0.0,2.0
26.0,5.0,0.0,0.0,0.0,0.0,0.0,0.0,0.0,0.0,0.0,0.0,-1.0,0.0,1.0,31101.0,1.0,20.0,0.0,1.0,0.1,2.0,0.204897,0.0,0.0,2.0
26.0,5.0,0.0,0.0,0.0,0.0,0.0,0.0,0.0,0.0,0.0,0.0,-1.0,0.0,1.0,31101.0,1.0,20.0,0.0,1.0,0.1,2.0,0.204897,0.0,0.0,2.0
26.0,5.0,0.0,0.0,0.0,0.0,0.0,0.0,0.0,0.0,0.0,0.0,-1.0,0.0,1.0,31101.0,1.0,20.0,0.0,1.0,0.1,2.0,0.204897,0.0,0.0,2.0
26.0,3.0,0.0,0.0,0.0,0.0,1.0,1.0,0.0,0.0,0.0,0.0,6.0,0.0,0.0,5501.0,1.0,20.0,0.0,1.0,0.1,3.0,3.222388,0.0,0.0,2.0
26.0,3.0,0.0,0.0,0.0,0.0,1.0,0.0,0.0,0.0,0.0,0.0,-1.0,0.0,0.0,5502.0,1.0,20.0,0.0,1.0,0.05,4.0,3.222388,0.0,0.0,2.0
26.0,3.0,0.0,0.0,0.0,0.0,1.0,1.0,0.0,0.0,0.0,0.0,6.0,0.0,0.0,5501.0,1.0,20.0,0.0,1.0,0.05,5.0,6.278859,0.0,0.0,2.0
26.0,3.0,0.0,0.0,0.0,0.0,1.0,0.0,0.0,0.0,0.0,0.0,-1.0,0.0,0.0,5502.0,1.0,20.0,0.0,1.0,0.05,5.0,6.278859,0.0,0.0,2.0
26.0,3.0,0.0,0.0,0.0,0.0,1.0,1.0,0.0,0.0,0.0,0.0,6.0,0.0,0.0,5501.0,1.0,20.0,0.0,1.0,0.05,5.0,52.782595,0.0,0.0,2.0
26.0,3.0,0.0,0.0,0.0,0.0,1.0,0.0,0.0,0.0,0.0,0.0,-1.0,0.0,0.0,5502.0,1.0,20.0,0.0,1.0,0.05,5.0,52.782595,0.0,0.0,2.0
26.0,3.0,0.0,0.0,0.0,0.0,1.0,0.0,0.0,0.0,0.0,0.0,-1.0,0.0,0.0,5502.0,1.0,10.0,0.0,1.0,0.05,5.0,61.030469,0.0,0.0,2.0
26.0,3.0,0.0,0.0,0.0,0.0,1.0,1.0,0.0,0.0,0.0,0.0,6.0,0.0,0.0,5501.0,1.0,11.0,0.0,1.0,0.05,5.0,61.030469,0.0,0.0,2.0
26.0,3.0,0.0,0.0,0.0,0.0,1.0,0.0,0.0,0.0,0.0,0.0,-1.0,0.0,0.0,5502.0,1.0,13.0,0.0,1.0,0.05,5.0,61.821074,0.0,0.0,2.0
26.0,3.0,0.0,0.0,0.0,0.0,1.0,1.0,0.0,0.0,0.0,0.0,6.0,0.0,0.0,5501.0,1.0,14.0,0.0,1.0,0.0,4.0,999.0,0.0,0.0,2.0
26.0,3.0,0.0,0.0,0.0,0.0,1.0,0.0,0.0,0.0,0.0,0.0,-1.0,0.0,0.0,5502.0,1.0,7.0,0.0,1.0,0.0,4.0,999.0,0.0,0.0,2.0
26.0,3.0,0.0,0.0,0.0,0.0,1.0,1.0,0.0,0.0,0.0,0.0,6.0,0.0,0.0,5501.0,1.0,8.0,0.0,1.0,0.0,4.0,999.0,0.0,0.0,2.0
26.0,3.0,0.0,0.0,0.0,0.0,1.0,1.0,0.0,0.0,0.0,0.0,6.0,0.0,0.0,5501.0,1.0,1.0,0.0,1.0,0.0,4.0,999.0,0.0,0.0,2.0
26.0,3.0,0.0,0.0,0.0,0.0,1.0,0.0,0.0,0.0,0.0,0.0,-1.0,0.0,0.0,5502.0,1.0,2.0,0.0,0.0,0.0,3.0,999.0,0.0,0.0,2.0
26.0,3.0,0.0,0.0,0.0,0.0,1.0,0.0,0.0,0.0,0.0,0.0,-1.0,0.0,0.0,5502.0,1.0,4.0,0.0,0.0,0.0,3.0,999.0,0.0,0.0,2.0
26.0,3.0,0.0,0.0,0.0,0.0,1.0,1.0,0.0,0.0,0.0,0.0,6.0,0.0,0.0,5501.0,1.0,5.0,0.0,0.0,0.0,3.0,999.0,0.0,0.0,2.0
30.0,8.0,0.0,0.0,0.0,0.0,0.0,0.0,0.0,0.0,0.0,0.0,-1.0,1.0,0.0,5901.0,1.0,6.0,0.0,0.0,0.0,3.0,999.0,0.0,0.0,2.0
26.0,3.0,0.0,0.0,0.0,0.0,1.0,1.0,0.0,0.0,0.0,0.0,6.0,0.0,0.0,5501.0,1.0,8.0,1.0,0.0,0.05,4.0,999.0,0.0,0.0,2.0
26.0,3.0,0.0,0.0,0.0,0.0,1.0,0.0,0.0,0.0,0.0,0.0,-1.0,0.0,0.0,5502.0,1.0,9.0,1.0,0.0,0.05,4.0,999.0,0.0,0.0,2.0
26.0,3.0,0.0,0.0,0.0,0.0,1.0,1.0,0.0,0.0,0.0,0.0,6.0,0.0,0.0,5501.0,1.0,11.0,1.0,0.0,0.05,4.0,999.0,0.0,0.0,2.0
26.0,3.0,0.0,0.0,0.0,0.0,1.0,0.0,0.0,0.0,0.0,0.0,-1.0,0.0,0.0,5502.0,1.0,12.0,1.0,0.0,0.05,4.0,999.0,0.0,0.0,2.0
26.0,3.0,0.0,0.0,0.0,0.0,1.0,1.0,0.0,0.0,0.0,0.0,6.0,0.0,0.0,5501.0,1.0,14.0,1.0,0.0,0.05,4.0,999.0,0.0,0.0,2.0
26.0,3.0,0.0,0.0,0.0,0.0,1.0,1.0,0.0,0.0,0.0,0.0,6.0,0.0,0.0,5501.0,1.0,16.0,1.0,0.0,0.05,4.0,999.0,0.0,0.0,2.0
26.0,3.0,0.0,0.0,0.0,0.0,1.0,0.0,0.0,0.0,0.0,0.0,-1.0,0.0,0.0,5502.0,1.0,17.0,1.0,0.0,0.05,4.0,999.0,0.0,0.0,2.0
26.0,5.0,0.0,0.0,0.0,0.0,0.0,0.0,0.0,0.0,0.0,0.0,-1.0,0.0,1.0,31101.0,1.0,18.0,1.0,0.0,0.05,4.0,999.0,0.0,0.0,2.0
26.0,5.0,0.0,0.0,0.0,0.0,0.0,0.0,0.0,0.0,0.0,0.0,-1.0,0.0,1.0,31101.0,1.0,19.0,1.0,1.0,0.05,5.0,999.0,0.0,0.0,2.0
26.0,5.0,0.0,0.0,0.0,0.0,0.0,0.0,0.0,0.0,0.0,0.0,-1.0,0.0,1.0,31101.0,1.0,20.0,1.0,1.0,0.05,5.0,999.0,0.0,0.0,2.0
26.0,5.0,0.0,0.0,0.0,0.0,0.0,0.0,0.0,0.0,0.0,0.0,-1.0,0.0,1.0,31101.0,1.0,20.0,1.0,1.0,0.05,5.0,999.0,0.0,0.0,2.0
26.0,5.0,0.0,0.0,0.0,0.0,0.0,0.0,0.0,0.0,0.0,0.0,-1.0,0.0,1.0,31101.0,1.0,20.0,1.0,1.0,0.05,5.0,999.0,0.0,0.0,2.0
26.0,5.0,0.0,0.0,0.0,0.0,0.0,0.0,0.0,0.0,0.0,0.0,-1.0,0.0,1.0,31101.0,1.0,20.0,1.0,1.0,0.05,5.0,999.0,0.0,0.0,2.0
26.0,5.0,0.0,0.0,0.0,0.0,0.0,0.0,0.0,0.0,0.0,0.0,-1.0,0.0,1.0,31101.0,1.0,20.0,1.0,1.0,0.05,5.0,999.0,0.0,0.0,2.0
26.0,5.0,0.0,0.0,0.0,0.0,0.0,0.0,0.0,0.0,0.0,0.0,-1.0,0.0,1.0,31101.0,1.0,20.0,1.0,1.0,0.05,5.0,999.0,0.0,0.0,2.0
26.0,5.0,0.0,0.0,0.0,0.0,0.0,0.0,0.0,0.0,0.0,0.0,-1.0,0.0,1.0,31101.0,1.0,20.0,1.0,1.0,0.05,5.0,999.0,0.0,0.0,2.0
26.0,5.0,0.0,0.0,0.0,0.0,0.0,0.0,0.0,0.0,0.0,0.0,-1.0,0.0,1.0,31101.0,1.0,20.0,0.0,1.0,0.0,4.0,999.0,0.0,0.0,2.0
26.0,5.0,0.0,0.0,0.0,0.0,0.0,0.0,0.0,0.0,0.0,0.0,-1.0,0.0,1.0,31101.0,1.0,20.0,0.0,1.0,0.0,4.0,999.0,0.0,0.0,2.0
26.0,5.0,0.0,0.0,0.0,0.0,0.0,0.0,0.0,0.0,0.0,0.0,-1.0,0.0,1.0,31101.0,1.0,20.0,0.0,1.0,0.0,4.0,999.0,0.0,0.0,2.0
56.0,10.0,0.0,0.0,0.0,0.0,0.0,0.0,0.0,0.0,0.0,0.0,0.0,0.0,1.0,31151.0,1.0,20.0,0.0,1.0,0.0,4.0,999.0,0.0,0.0,0.0
26.0,5.0,0.0,0.0,0.0,0.0,0.0,0.0,0.0,0.0,0.0,0.0,-1.0,0.0,1.0,31101.0,1.0,20.0,0.0,1.0,0.05,5.0,0.0,0.0,0.0,2.0
26.0,5.0,0.0,0.0,0.0,0.0,0.0,0.0,0.0,0.0,0.0,0.0,-1.0,0.0,1.0,31101.0,1.0,20.0,0.0,1.0,0.05,5.0,0.001,0.0,0.0,2.0
26.0,5.0,0.0,0.0,0.0,0.0,0.0,0.0,0.0,0.0,0.0,0.0,-1.0,0.0,1.0,31101.0,1.0,20.0,0.0,1.0,0.05,5.0,0.051974,0.0,0.0,2.0
26.0,5.0,0.0,0.0,0.0,0.0,0.0,0.0,0.0,0.0,0.0,0.0,-1.0,0.0,1.0,31101.0,1.0,20.0,0.0,1.0,0.05,5.0,0.051974,0.0,0.0,2.0
26.0,5.0,0.0,0.0,0.0,0.0,0.0,0.0,0.0,0.0,0.0,0.0,-1.0,0.0,1.0,31101.0,1.0,20.0,0.0,1.0,0.05,5.0,0.051974,0.0,0.0,2.0
26.0,5.0,0.0,0.0,0.0,0.0,0.0,0.0,0.0,0.0,0.0,0.0,-1.0,0.0,1.0,31101.0,1.0,20.0,0.0,1.0,0.05,4.0,0.051974,0.0,0.0,2.0
26.0,5.0,0.0,0.0,0.0,0.0,0.0,0.0,0.0,0.0,0.0,0.0,-1.0,0.0,1.0,31101.0,1.0,20.0,0.0,1.0,0.05,3.0,0.051974,0.0,0.0,2.0
26.0,5.0,0.0,0.0,0.0,0.0,0.0,0.0,0.0,0.0,0.0,0.0,-1.0,0.0,1.0,31101.0,1.0,20.0,0.0,1.0,0.05,2.0,0.051974,0.0,0.0,2.0
26.0,5.0,0.0,0.0,0.0,0.0,0.0,0.0,0.0,0.0,0.0,0.0,-1.0,0.0,1.0,31101.0,1.0,20.0,0.0,1.0,0.05,2.0,0.051974,0.0,0.0,2.0
26.0,5.0,0.0,0.0,0.0,0.0,0.0,0.0,0.0,0.0,0.0,0.0,-1.0,0.0,1.0,31101.0,1.0,20.0,0.0,1.0,0.05,2.0,0.051974,0.0,0.0,2.0
26.0,5.0,0.0,0.0,0.0,0.0,0.0,0.0,0.0,0.0,0.0,0.0,-1.0,0.0,1.0,31101.0,1.0,20.0,0.0,1.0,0.05,2.0,0.051974,0.0,0.0,2.0
26.0,5.0,0.0,0.0,0.0,0.0,0.0,0.0,0.0,0.0,0.0,0.0,-1.0,0.0,1.0,31101.0,1.0,20.0,0.0,1.0,0.05,2.0,0.051974,0.0,0.0,2.0
56.0,10.0,0.0,0.0,0.0,0.0,0.0,0.0,0.0,0.0,0.0,0.0,0.0,0.0,1.0,31151.0,1.0,20.0,0.0,1.0,0.05,2.0,0.051974,0.0,0.0,0.0
26.0,5.0,0.0,0.0,0.0,0.0,0.0,0.0,0.0,0.0,0.0,0.0,-1.0,0.0,1.0,31101.0,1.0,20.0,0.0,1.0,0.1,2.0,0.0,0.0,0.0,2.0
26.0,5.0,0.0,0.0,0.0,0.0,0.0,0.0,0.0,0.0,0.0,0.0,-1.0,0.0,1.0,31101.0,1.0,20.0,0.0,1.0,0.1,2.0,0.0,0.0,0.0,2.0
26.0,5.0,0.0,0.0,0.0,0.0,0.0,0.0,0.0,0.0,0.0,0.0,-1.0,0.0,1.0,31101.0,1.0,20.0,0.0,1.0,0.1,2.0,0.0,0.0,0.0,2.0
26.0,5.0,0.0,0.0,0.0,0.0,0.0,0.0,0.0,0.0,0.0,0.0,-1.0,0.0,1.0,31101.0,1.0,20.0,0.0,1.0,0.1,2.0,0.0,0.0,0.0,2.0
26.0,5.0,0.0,0.0,0.0,0.0,0.0,0.0,0.0,0.0,0.0,0.0,-1.0,0.0,1.0,31101.0,1.0,20.0,0.0,1.0,0.1,2.0,0.0,0.0,0.0,2.0
26.0,5.0,0.0,0.0,0.0,0.0,0.0,0.0,0.0,0.0,0.0,0.0,-1.0,0.0,1.0,31101.0,1.0,20.0,0.0,1.0,0.1,2.0,0.004998,0.0,0.0,2.0
26.0,5.0,0.0,0.0,0.0,0.0,0.0,0.0,0.0,0.0,0.0,0.0,-1.0,0.0,1.0,31101.0,1.0,20.0,0.0,1.0,0.1,2.0,0.004998,0.0,0.0,2.0
26.0,5.0,0.0,0.0,0.0,0.0,0.0,0.0,0.0,0.0,0.0,0.0,-1.0,0.0,1.0,31101.0,1.0,20.0,0.0,1.0,0.05,2.0,0.004998,0.0,0.0,2.0
26.0,5.0,0.0,0.0,0.0,0.0,0.0,0.0,0.0,0.0,0.0,0.0,-1.0,0.0,1.0,31101.0,1.0,20.0,0.0,1.0,0.05,2.0,0.056972,0.0,0.0,2.0
26.0,5.0,0.0,0.0,0.0,0.0,0.0,0.0,0.0,0.0,0.0,0.0,-1.0,0.0,1.0,31101.0,1.0,20.0,0.0,1.0,0.05,2.0,0.057971,0.0,0.0,2.0
26.0,5.0,0.0,0.0,0.0,0.0,0.0,0.0,0.0,0.0,0.0,0.0,-1.0,0.0,1.0,31101.0,1.0,20.0,0.0,1.0,0.05,2.0,0.057971,0.0,0.0,2.0
26.0,5.0,0.0,0.0,0.0,0.0,0.0,0.0,0.0,0.0,0.0,0.0,-1.0,0.0,1.0,31101.0,1.0,20.0,0.0,1.0,0.05,2.0,0.057971,0.0,0.0,2.0
56.0,10.0,0.0,0.0,0.0,0.0,0.0,0.0,0.0,0.0,0.0,0.0,0.0,0.0,1.0,31151.0,1.0,20.0,0.0,1.0,0.05,2.0,0.057971,0.0,0.0,0.0
26.0,5.0,0.0,0.0,0.0,0.0,0.0,0.0,0.0,0.0,0.0,0.0,-1.0,0.0,1.0,31101.0,1.0,20.0,0.0,1.0,0.1,2.0,0.0,0.0,0.0,2.0
26.0,5.0,0.0,0.0,0.0,0.0,0.0,0.0,0.0,0.0,0.0,0.0,-1.0,0.0,1.0,31101.0,1.0,20.0,0.0,1.0,0.1,2.0,0.0,0.0,0.0,2.0
26.0,5.0,0.0,0.0,0.0,0.0,0.0,0.0,0.0,0.0,0.0,0.0,-1.0,0.0,1.0,31101.0,1.0,20.0,0.0,1.0,0.1,2.0,0.0,0.0,0.0,2.0
26.0,5.0,0.0,0.0,0.0,0.0,0.0,0.0,0.0,0.0,0.0,0.0,-1.0,0.0,1.0,31101.0,1.0,20.0,0.0,1.0,0.1,2.0,0.0,0.0,0.0,2.0
26.0,5.0,0.0,0.0,0.0,0.0,0.0,0.0,0.0,0.0,0.0,0.0,-1.0,0.0,1.0,31101.0,1.0,20.0,0.0,1.0,0.1,2.0,0.0,0.0,0.0,2.0
26.0,5.0,0.0,0.0,0.0,0.0,0.0,0.0,0.0,0.0,0.0,0.0,-1.0,0.0,1.0,31101.0,1.0,20.0,0.0,1.0,0.1,2.0,0.0,0.0,0.0,2.0
26.0,5.0,0.0,0.0,0.0,0.0,0.0,0.0,0.0,0.0,0.0,0.0,-1.0,0.0,1.0,31101.0,1.0,20.0,0.0,1.0,0.1,2.0,0.0,0.0,0.0,2.0
26.0,5.0,0.0,0.0,0.0,0.0,0.0,0.0,0.0,0.0,0.0,0.0,-1.0,0.0,1.0,31101.0,1.0,20.0,0.0,1.0,0.05,2.0,0.0,0.0,0.0,2.0
26.0,5.0,0.0,0.0,0.0,0.0,0.0,0.0,0.0,0.0,0.0,0.0,-1.0,0.0,1.0,31101.0,1.0,20.0,0.0,1.0,0.05,2.0,0.0,0.0,0.0,2.0
26.0,5.0,0.0,0.0,0.0,0.0,0.0,0.0,0.0,0.0,0.0,0.0,-1.0,0.0,1.0,31101.0,1.0,20.0,0.0,1.0,0.05,2.0,0.052974,0.0,0.0,2.0
26.0,5.0,0.0,0.0,0.0,0.0,0.0,0.0,0.0,0.0,0.0,0.0,-1.0,0.0,1.0,31101.0,1.0,20.0,0.0,1.0,0.05,2.0,0.054973,0.0,0.0,2.0
26.0,5.0,0.0,0.0,0.0,0.0,0.0,0.0,0.0,0.0,0.0,0.0,-1.0,0.0,1.0,31101.0,1.0,20.0,0.0,1.0,0.05,2.0,0.055972,0.0,0.0,2.0
56.0,10.0,0.0,0.0,0.0,0.0,0.0,0.0,0.0,0.0,0.0,0.0,0.0,0.0,1.0,31151.0,1.0,20.0,0.0,1.0,0.05,2.0,0.055972,0.0,0.0,0.0
26.0,5.0,0.0,0.0,0.0,0.0,0.0,0.0,0.0,0.0,0.0,0.0,-1.0,0.0,1.0,31101.0,1.0,20.0,0.0,1.0,0.1,2.0,0.0,0.0,0.0,2.0
26.0,5.0,0.0,0.0,0.0,0.0,0.0,0.0,0.0,0.0,0.0,0.0,-1.0,0.0,1.0,31101.0,1.0,20.0,0.0,1.0,0.1,2.0,0.0,0.0,0.0,2.0
26.0,5.0,0.0,0.0,0.0,0.0,0.0,0.0,0.0,0.0,0.0,0.0,-1.0,0.0,1.0,31101.0,1.0,20.0,0.0,1.0,0.1,2.0,0.0,0.0,0.0,2.0
26.0,5.0,0.0,0.0,0.0,0.0,0.0,0.0,0.0,0.0,0.0,0.0,-1.0,0.0,1.0,31101.0,1.0,20.0,0.0,1.0,0.1,2.0,0.053973,0.0,0.0,2.0
26.0,5.0,0.0,0.0,0.0,0.0,0.0,0.0,0.0,0.0,0.0,0.0,-1.0,0.0,1.0,31101.0,1.0,20.0,0.0,1.0,0.1,2.0,0.053973,0.0,0.0,2.0
26.0,5.0,0.0,0.0,0.0,0.0,0.0,0.0,0.0,0.0,0.0,0.0,-1.0,0.0,1.0,31101.0,1.0,20.0,0.0,1.0,0.1,2.0,0.053973,0.0,0.0,2.0
26.0,5.0,0.0,0.0,0.0,0.0,0.0,0.0,0.0,0.0,0.0,0.0,-1.0,0.0,1.0,31101.0,1.0,20.0,0.0,1.0,0.1,2.0,0.053973,0.0,0.0,2.0
26.0,5.0,0.0,0.0,0.0,0.0,0.0,0.0,0.0,0.0,0.0,0.0,-1.0,0.0,1.0,31101.0,1.0,20.0,0.0,1.0,0.05,2.0,0.053973,0.0,0.0,2.0
26.0,5.0,0.0,0.0,0.0,0.0,0.0,0.0,0.0,0.0,0.0,0.0,-1.0,0.0,1.0,31101.0,1.0,20.0,0.0,1.0,0.05,2.0,0.105947,0.0,0.0,2.0
26.0,5.0,0.0,0.0,0.0,0.0,0.0,0.0,0.0,0.0,0.0,0.0,-1.0,0.0,1.0,31101.0,1.0,20.0,0.0,1.0,0.05,2.0,0.105947,0.0,0.0,2.0
26.0,5.0,0.0,0.0,0.0,0.0,0.0,0.0,0.0,0.0,0.0,0.0,-1.0,0.0,1.0,31101.0,1.0,20.0,0.0,1.0,0.05,2.0,0.105947,0.0,0.0,2.0
26.0,3.0,0.0,0.0,0.0,0.0,1.0,1.0,0.0,0.0,0.0,0.0,6.0,0.0,0.0,5501.0,1.0,20.0,0.0,1.0,0.05,3.0,0.105947,0.0,0.0,2.0
26.0,3.0,0.0,0.0,0.0,0.0,1.0,0.0,0.0,0.0,0.0,0.0,-1.0,0.0,0.0,5502.0,1.0,20.0,0.0,1.0,0.05,4.0,0.105947,0.0,0.0,2.0
26.0,3.0,0.0,0.0,0.0,0.0,1.0,1.0,0.0,0.0,0.0,0.0,6.0,0.0,0.0,5501.0,1.0,20.0,0.0,1.0,0.05,5.0,0.105947,0.0,0.0,2.0
26.0,3.0,0.0,0.0,0.0,0.0,1.0,0.0,0.0,0.0,0.0,0.0,-1.0,0.0,0.0,5502.0,1.0,20.0,0.0,1.0,0.05,5.0,0.105947,0.0,0.0,2.0
56.0,10.0,0.0,0.0,0.0,0.0,0.0,0.0,1.0,0.0,0.0,0.0,0.0,0.0,1.0,31151.0,1.0,20.0,0.0,1.0,0.05,5.0,0.110945,0.0,0.0,0.0
26.0,5.0,0.0,0.0,0.0,0.0,0.0,0.0,0.0,0.0,0.0,0.0,-1.0,0.0,1.0,31101.0,1.0,20.0,0.0,1.0,0.1,5.0,0.000999,0.0,0.0,2.0
26.0,5.0,0.0,0.0,0.0,0.0,0.0,0.0,0.0,0.0,0.0,0.0,-1.0,0.0,1.0,31101.0,1.0,20.0,0.0,1.0,0.1,5.0,0.051974,0.0,0.0,2.0
26.0,5.0,0.0,0.0,0.0,0.0,0.0,0.0,0.0,0.0,0.0,0.0,-1.0,0.0,1.0,31101.0,1.0,20.0,0.0,1.0,0.05,5.0,0.053973,0.0,0.0,2.0
26.0,5.0,0.0,0.0,0.0,0.0,0.0,0.0,0.0,0.0,0.0,0.0,-1.0,0.0,1.0,31101.0,1.0,20.0,0.0,1.0,0.05,5.0,0.054972,0.0,0.0,2.0
26.0,5.0,0.0,0.0,0.0,0.0,0.0,0.0,0.0,0.0,0.0,0.0,-1.0,0.0,1.0,31101.0,1.0,20.0,0.0,1.0,0.05,5.0,0.054972,0.0,0.0,2.0
26.0,5.0,0.0,0.0,0.0,0.0,0.0,0.0,0.0,0.0,0.0,0.0,-1.0,0.0,1.0,31101.0,1.0,20.0,0.0,1.0,0.05,5.0,0.054972,0.0,0.0,2.0
26.0,5.0,0.0,0.0,0.0,0.0,0.0,0.0,0.0,0.0,0.0,0.0,-1.0,0.0,1.0,31101.0,1.0,20.0,0.0,1.0,0.05,5.0,0.054972,0.0,0.0,2.0
26.0,5.0,0.0,0.0,0.0,0.0,0.0,0.0,0.0,0.0,0.0,0.0,-1.0,0.0,1.0,31101.0,1.0,20.0,0.0,1.0,0.05,5.0,0.054972,0.0,0.0,2.0
26.0,5.0,0.0,0.0,0.0,0.0,0.0,0.0,0.0,0.0,0.0,0.0,-1.0,0.0,1.0,31101.0,1.0,20.0,0.0,1.0,0.05,5.0,0.054972,0.0,0.0,2.0
26.0,5.0,0.0,0.0,0.0,0.0,0.0,0.0,0.0,0.0,0.0,0.0,-1.0,0.0,1.0,31101.0,1.0,20.0,0.0,1.0,0.05,5.0,0.054972,0.0,0.0,2.0
26.0,5.0,0.0,0.0,0.0,0.0,0.0,0.0,0.0,0.0,0.0,0.0,-1.0,0.0,1.0,31101.0,1.0,20.0,0.0,1.0,0.05,5.0,0.054972,0.0,0.0,2.0
56.0,10.0,0.0,0.0,0.0,0.0,0.0,0.0,0.0,0.0,0.0,0.0,0.0,0.0,1.0,31151.0,1.0,20.0,0.0,1.0,0.05,5.0,0.106946,0.0,0.0,0.0
26.0,5.0,0.0,0.0,0.0,0.0,0.0,0.0,0.0,0.0,0.0,0.0,-1.0,0.0,1.0,31101.0,1.0,20.0,0.0,1.0,0.1,5.0,0.0,0.0,0.0,2.0
26.0,5.0,0.0,0.0,0.0,0.0,0.0,0.0,0.0,0.0,0.0,0.0,-1.0,0.0,1.0,31101.0,1.0,20.0,0.0,1.0,0.1,5.0,0.0,0.0,0.0,2.0
26.0,5.0,0.0,0.0,0.0,0.0,0.0,0.0,0.0,0.0,0.0,0.0,-1.0,0.0,1.0,31101.0,1.0,20.0,0.0,1.0,0.1,5.0,0.002999,0.0,0.0,2.0
26.0,5.0,0.0,0.0,0.0,0.0,0.0,0.0,0.0,0.0,0.0,0.0,-1.0,0.0,1.0,31101.0,1.0,20.0,0.0,1.0,0.1,5.0,0.002999,0.0,0.0,2.0
26.0,5.0,0.0,0.0,0.0,0.0,0.0,0.0,0.0,0.0,0.0,0.0,-1.0,0.0,1.0,31101.0,1.0,20.0,0.0,1.0,0.1,5.0,0.005997,0.0,0.0,2.0
26.0,5.0,0.0,0.0,0.0,0.0,0.0,0.0,0.0,0.0,0.0,0.0,-1.0,0.0,1.0,31101.0,1.0,20.0,0.0,1.0,0.1,4.0,0.005997,0.0,0.0,2.0
26.0,5.0,0.0,0.0,0.0,0.0,0.0,0.0,0.0,0.0,0.0,0.0,-1.0,0.0,1.0,31101.0,1.0,20.0,0.0,1.0,0.1,3.0,0.006997,0.0,0.0,2.0
26.0,5.0,0.0,0.0,0.0,0.0,0.0,0.0,0.0,0.0,0.0,0.0,-1.0,0.0,1.0,31101.0,1.0,20.0,0.0,1.0,0.1,2.0,0.006997,0.0,0.0,2.0
26.0,5.0,0.0,0.0,0.0,0.0,0.0,0.0,0.0,0.0,0.0,0.0,-1.0,0.0,1.0,31101.0,1.0,20.0,0.0,1.0,0.05,2.0,0.008996,0.0,0.0,2.0
26.0,5.0,0.0,0.0,0.0,0.0,0.0,0.0,0.0,0.0,0.0,0.0,-1.0,0.0,1.0,31101.0,1.0,20.0,0.0,1.0,0.05,2.0,0.008996,0.0,0.0,2.0
26.0,5.0,0.0,0.0,0.0,0.0,0.0,0.0,0.0,0.0,0.0,0.0,-1.0,0.0,1.0,31101.0,1.0,20.0,0.0,1.0,0.05,2.0,0.010995,0.0,0.0,2.0
26.0,5.0,0.0,0.0,0.0,0.0,0.0,0.0,0.0,0.0,0.0,0.0,-1.0,0.0,1.0,31101.0,1.0,20.0,0.0,1.0,0.05,2.0,0.010995,0.0,0.0,2.0
26.0,5.0,0.0,0.0,0.0,0.0,0.0,0.0,0.0,0.0,0.0,0.0,-1.0,0.0,1.0,31101.0,1.0,20.0,0.0,1.0,0.05,2.0,0.010995,0.0,0.0,2.0
56.0,10.0,0.0,0.0,0.0,0.0,0.0,0.0,0.0,0.0,0.0,0.0,0.0,0.0,1.0,31151.0,1.0,20.0,0.0,1.0,0.05,2.0,0.011994,0.0,0.0,0.0
26.0,5.0,0.0,0.0,0.0,0.0,0.0,0.0,0.0,0.0,0.0,0.0,-1.0,0.0,1.0,31101.0,1.0,20.0,0.0,1.0,0.1,2.0,0.001,0.0,0.0,2.0
26.0,5.0,0.0,0.0,0.0,0.0,0.0,0.0,0.0,0.0,0.0,0.0,-1.0,0.0,1.0,31101.0,1.0,20.0,0.0,1.0,0.1,2.0,0.002999,0.0,0.0,2.0
26.0,5.0,0.0,0.0,0.0,0.0,0.0,0.0,0.0,0.0,0.0,0.0,-1.0,0.0,1.0,31101.0,1.0,20.0,0.0,1.0,0.1,2.0,0.002999,0.0,0.0,2.0
26.0,5.0,0.0,0.0,0.0,0.0,0.0,0.0,0.0,0.0,0.0,0.0,-1.0,0.0,1.0,31101.0,1.0,20.0,0.0,1.0,0.1,2.0,0.002999,0.0,0.0,2.0
26.0,5.0,0.0,0.0,0.0,0.0,0.0,0.0,0.0,0.0,0.0,0.0,-1.0,0.0,1.0,31101.0,1.0,20.0,0.0,1.0,0.1,2.0,0.002999,0.0,0.0,2.0
26.0,5.0,0.0,0.0,0.0,0.0,0.0,0.0,0.0,0.0,0.0,0.0,-1.0,0.0,1.0,31101.0,1.0,20.0,0.0,1.0,0.1,2.0,0.002999,0.0,0.0,2.0
26.0,5.0,0.0,0.0,0.0,0.0,0.0,0.0,0.0,0.0,0.0,0.0,-1.0,0.0,1.0,31101.0,1.0,20.0,0.0,1.0,0.05,2.0,0.002999,0.0,0.0,2.0
26.0,5.0,0.0,0.0,0.0,0.0,0.0,0.0,0.0,0.0,0.0,0.0,-1.0,0.0,1.0,31101.0,1.0,20.0,0.0,1.0,0.05,2.0,0.002999,0.0,0.0,2.0
26.0,5.0,0.0,0.0,0.0,0.0,0.0,0.0,0.0,0.0,0.0,0.0,-1.0,0.0,1.0,31101.0,1.0,20.0,0.0,1.0,0.05,2.0,0.002999,0.0,0.0,2.0
26.0,5.0,0.0,0.0,0.0,0.0,0.0,0.0,0.0,0.0,0.0,0.0,-1.0,0.0,1.0,31101.0,1.0,20.0,0.0,1.0,0.05,2.0,0.002999,0.0,0.0,2.0
26.0,5.0,0.0,0.0,0.0,0.0,0.0,0.0,0.0,0.0,0.0,0.0,-1.0,0.0,1.0,31101.0,1.0,20.0,0.0,1.0,0.05,2.0,0.002999,0.0,0.0,2.0
26.0,5.0,0.0,0.0,0.0,0.0,0.0,0.0,0.0,0.0,0.0,0.0,-1.0,0.0,1.0,31101.0,1.0,20.0,0.0,1.0,0.05,2.0,0.007996,0.0,0.0,2.0
26.0,5.0,0.0,0.0,0.0,0.0,0.0,0.0,0.0,0.0,0.0,0.0,-1.0,0.0,1.0,31101.0,1.0,20.0,0.0,1.0,0.05,2.0,0.008996,0.0,0.0,2.0
56.0,10.0,0.0,0.0,0.0,0.0,0.0,0.0,0.0,0.0,0.0,0.0,0.0,0.0,1.0,31151.0,1.0,20.0,0.0,1.0,0.05,2.0,0.008996,0.0,0.0,0.0
26.0,5.0,0.0,0.0,0.0,0.0,0.0,0.0,0.0,0.0,0.0,0.0,-1.0,0.0,1.0,31101.0,1.0,20.0,0.0,1.0,0.1,2.0,0.0,0.0,0.0,2.0
26.0,5.0,0.0,0.0,0.0,0.0,0.0,0.0,0.0,0.0,0.0,0.0,-1.0,0.0,1.0,31101.0,1.0,20.0,0.0,1.0,0.1,2.0,0.0,0.0,0.0,2.0
26.0,5.0,0.0,0.0,0.0,0.0,0.0,0.0,0.0,0.0,0.0,0.0,-1.0,0.0,1.0,31101.0,1.0,20.0,0.0,1.0,0.1,2.0,0.0,0.0,0.0,2.0
26.0,5.0,0.0,0.0,0.0,0.0,0.0,0.0,0.0,0.0,0.0,0.0,-1.0,0.0,1.0,31101.0,1.0,20.0,0.0,1.0,0.1,2.0,0.0,0.0,0.0,2.0
26.0,5.0,0.0,0.0,0.0,0.0,0.0,0.0,0.0,0.0,0.0,0.0,-1.0,0.0,1.0,31101.0,1.0,20.0,0.0,1.0,0.1,2.0,0.0,0.0,0.0,2.0
26.0,5.0,0.0,0.0,0.0,0.0,0.0,0.0,0.0,0.0,0.0,0.0,-1.0,0.0,1.0,31101.0,1.0,20.0,0.0,1.0,0.1,2.0,0.0,0.0,0.0,2.0
26.0,5.0,0.0,0.0,0.0,0.0,0.0,0.0,0.0,0.0,0.0,0.0,-1.0,0.0,1.0,31101.0,1.0,20.0,0.0,1.0,0.05,2.0,0.0,0.0,0.0,2.0
26.0,5.0,0.0,0.0,0.0,0.0,0.0,0.0,0.0,0.0,0.0,0.0,-1.0,0.0,1.0,31101.0,1.0,20.0,0.0,1.0,0.05,2.0,0.0,0.0,0.0,2.0
26.0,5.0,0.0,0.0,0.0,0.0,0.0,0.0,0.0,0.0,0.0,0.0,-1.0,0.0,1.0,31101.0,1.0,20.0,0.0,1.0,0.05,2.0,0.0,0.0,0.0,2.0
26.0,5.0,0.0,0.0,0.0,0.0,0.0,0.0,0.0,0.0,0.0,0.0,-1.0,0.0,1.0,31101.0,1.0,20.0,0.0,1.0,0.05,2.0,0.0,0.0,0.0,2.0
26.0,5.0,0.0,0.0,0.0,0.0,0.0,0.0,0.0,0.0,0.0,0.0,-1.0,0.0,1.0,31101.0,1.0,20.0,0.0,1.0,0.05,2.0,0.0,0.0,0.0,2.0
26.0,5.0,0.0,0.0,0.0,0.0,0.0,0.0,0.0,0.0,0.0,0.0,-1.0,0.0,1.0,31101.0,1.0,20.0,0.0,1.0,0.05,2.0,0.0,0.0,0.0,2.0
26.0,5.0,0.0,0.0,0.0,0.0,0.0,0.0,0.0,0.0,0.0,0.0,-1.0,0.0,1.0,31101.0,1.0,20.0,0.0,1.0,0.05,2.0,0.0,0.0,0.0,2.0
26.0,5.0,0.0,0.0,0.0,0.0,0.0,0.0,0.0,0.0,0.0,0.0,-1.0,0.0,1.0,31101.0,1.0,20.0,0.0,1.0,0.05,2.0,0.052973,0.0,0.0,2.0
26.0,5.0,0.0,0.0,0.0,0.0,0.0,0.0,0.0,0.0,0.0,0.0,-1.0,0.0,1.0,31101.0,1.0,20.0,0.0,1.0,0.05,2.0,0.052973,0.0,0.0,2.0
26.0,5.0,0.0,0.0,0.0,0.0,0.0,0.0,0.0,0.0,0.0,0.0,-1.0,0.0,1.0,31101.0,1.0,20.0,0.0,1.0,0.05,2.0,0.052973,0.0,0.0,2.0
26.0,5.0,0.0,0.0,0.0,0.0,0.0,0.0,0.0,0.0,0.0,0.0,-1.0,0.0,1.0,31101.0,1.0,20.0,0.0,1.0,0.05,2.0,0.052973,0.0,0.0,2.0
26.0,5.0,0.0,0.0,0.0,0.0,0.0,0.0,0.0,0.0,0.0,0.0,-1.0,0.0,1.0,31101.0,1.0,20.0,0.0,1.0,0.05,2.0,0.052973,0.0,0.0,2.0
26.0,5.0,0.0,0.0,0.0,0.0,0.0,0.0,0.0,0.0,0.0,0.0,-1.0,0.0,1.0,31101.0,1.0,20.0,0.0,1.0,0.05,2.0,0.052973,0.0,0.0,2.0
26.0,5.0,0.0,0.0,0.0,0.0,0.0,0.0,0.0,0.0,0.0,0.0,-1.0,0.0,1.0,31101.0,1.0,20.0,0.0,1.0,0.05,2.0,0.052973,0.0,0.0,2.0
26.0,5.0,0.0,0.0,0.0,0.0,0.0,0.0,0.0,0.0,0.0,0.0,-1.0,0.0,1.0,31101.0,1.0,20.0,0.0,1.0,0.0,1.0,999.0,0.0,0.0,2.0
26.0,5.0,0.0,0.0,0.0,0.0,0.0,0.0,0.0,0.0,0.0,0.0,-1.0,0.0,1.0,31101.0,1.0,20.0,0.0,1.0,0.0,1.0,999.0,0.0,0.0,2.0
26.0,5.0,0.0,0.0,0.0,0.0,0.0,0.0,0.0,0.0,0.0,0.0,-1.0,0.0,1.0,31101.0,1.0,20.0,0.0,1.0,0.0,1.0,999.0,0.0,0.0,2.0
26.0,5.0,0.0,0.0,0.0,0.0,0.0,0.0,0.0,0.0,0.0,0.0,-1.0,0.0,1.0,31101.0,1.0,20.0,0.0,1.0,0.0,1.0,999.0,0.0,0.0,2.0
26.0,5.0,0.0,0.0,0.0,0.0,0.0,0.0,0.0,0.0,0.0,0.0,-1.0,0.0,1.0,31101.0,1.0,20.0,0.0,1.0,0.0,1.0,999.0,0.0,0.0,2.0
56.0,10.0,0.0,0.0,0.0,0.0,0.0,0.0,0.0,0.0,0.0,0.0,0.0,0.0,1.0,31151.0,1.0,20.0,0.0,1.0,0.0,1.0,999.0,0.0,0.0,0.0
26.0,5.0,0.0,0.0,0.0,0.0,0.0,0.0,0.0,0.0,0.0,0.0,-1.0,0.0,1.0,31101.0,1.0,20.0,0.0,1.0,0.05,2.0,0.0,0.0,0.0,2.0
26.0,5.0,0.0,0.0,0.0,0.0,0.0,0.0,0.0,0.0,0.0,0.0,-1.0,0.0,1.0,31101.0,1.0,20.0,0.0,1.0,0.05,2.0,0.0,0.0,0.0,2.0
26.0,5.0,0.0,0.0,0.0,0.0,0.0,0.0,0.0,0.0,0.0,0.0,-1.0,0.0,1.0,31101.0,1.0,20.0,0.0,1.0,0.05,2.0,0.0,0.0,0.0,2.0
26.0,5.0,0.0,0.0,0.0,0.0,0.0,0.0,0.0,0.0,0.0,0.0,-1.0,0.0,1.0,31101.0,1.0,20.0,0.0,1.0,0.05,2.0,0.058971,0.0,0.0,2.0
26.0,5.0,0.0,0.0,0.0,0.0,0.0,0.0,0.0,0.0,0.0,0.0,-1.0,0.0,1.0,31101.0,1.0,20.0,0.0,1.0,0.05,2.0,0.05997,0.0,0.0,2.0
26.0,5.0,0.0,0.0,0.0,0.0,0.0,0.0,0.0,0.0,0.0,0.0,-1.0,0.0,1.0,31101.0,1.0,20.0,0.0,1.0,0.05,2.0,0.06097,0.0,0.0,2.0
26.0,5.0,0.0,0.0,0.0,0.0,0.0,0.0,0.0,0.0,0.0,0.0,-1.0,0.0,1.0,31101.0,1.0,20.0,0.0,1.0,0.05,2.0,0.061969,0.0,0.0,2.0
26.0,5.0,0.0,0.0,0.0,0.0,0.0,0.0,0.0,0.0,0.0,0.0,-1.0,0.0,1.0,31101.0,1.0,20.0,0.0,1.0,0.05,2.0,0.061969,0.0,0.0,2.0
26.0,5.0,0.0,0.0,0.0,0.0,0.0,0.0,0.0,0.0,0.0,0.0,-1.0,0.0,1.0,31101.0,1.0,20.0,0.0,1.0,0.05,2.0,0.062969,0.0,0.0,2.0
26.0,5.0,0.0,0.0,0.0,0.0,0.0,0.0,0.0,0.0,0.0,0.0,-1.0,0.0,1.0,31101.0,1.0,20.0,0.0,1.0,0.05,2.0,0.062969,0.0,0.0,2.0
26.0,5.0,0.0,0.0,0.0,0.0,0.0,0.0,0.0,0.0,0.0,0.0,-1.0,0.0,1.0,31101.0,1.0,20.0,0.0,1.0,0.05,2.0,0.062969,0.0,0.0,2.0
26.0,5.0,0.0,0.0,0.0,0.0,0.0,0.0,0.0,0.0,0.0,0.0,-1.0,0.0,1.0,31101.0,1.0,20.0,0.0,1.0,0.05,2.0,0.062969,0.0,0.0,2.0
26.0,5.0,0.0,0.0,0.0,0.0,0.0,0.0,0.0,0.0,0.0,0.0,-1.0,0.0,1.0,31101.0,1.0,20.0,0.0,1.0,0.05,2.0,0.114943,0.0,0.0,2.0
26.0,5.0,0.0,0.0,0.0,0.0,0.0,0.0,0.0,0.0,0.0,0.0,-1.0,0.0,1.0,31101.0,1.0,20.0,0.0,1.0,0.05,2.0,0.114943,0.0,0.0,2.0
26.0,5.0,0.0,0.0,0.0,0.0,0.0,0.0,0.0,0.0,0.0,0.0,-1.0,0.0,1.0,31101.0,1.0,20.0,0.0,1.0,0.05,2.0,0.114943,0.0,0.0,2.0
26.0,5.0,0.0,0.0,0.0,0.0,0.0,0.0,0.0,0.0,0.0,0.0,-1.0,0.0,1.0,31101.0,1.0,20.0,0.0,1.0,0.05,2.0,0.114943,0.0,0.0,2.0
26.0,5.0,0.0,0.0,0.0,0.0,0.0,0.0,0.0,0.0,0.0,0.0,-1.0,0.0,1.0,31101.0,1.0,20.0,0.0,1.0,0.05,2.0,0.114943,0.0,0.0,2.0
26.0,5.0,0.0,0.0,0.0,0.0,0.0,0.0,0.0,0.0,0.0,0.0,-1.0,0.0,1.0,31101.0,1.0,20.0,0.0,1.0,0.05,2.0,0.114943,0.0,0.0,2.0
26.0,5.0,0.0,0.0,0.0,0.0,0.0,0.0,0.0,0.0,0.0,0.0,-1.0,0.0,1.0,31101.0,1.0,20.0,0.0,1.0,0.05,2.0,0.114943,0.0,0.0,2.0
26.0,5.0,0.0,0.0,0.0,0.0,0.0,0.0,0.0,0.0,0.0,0.0,-1.0,0.0,1.0,31101.0,1.0,20.0,0.0,1.0,0.05,2.0,0.114943,0.0,0.0,2.0
26.0,5.0,0.0,0.0,0.0,0.0,0.0,0.0,0.0,0.0,0.0,0.0,-1.0,0.0,1.0,31101.0,1.0,20.0,0.0,1.0,0.0,1.0,999.0,0.0,0.0,2.0
26.0,5.0,0.0,0.0,0.0,0.0,0.0,0.0,0.0,0.0,0.0,0.0,-1.0,0.0,1.0,31101.0,1.0,20.0,0.0,1.0,0.0,1.0,999.0,0.0,0.0,2.0
26.0,5.0,0.0,0.0,0.0,0.0,0.0,0.0,0.0,0.0,0.0,0.0,-1.0,0.0,1.0,31101.0,1.0,20.0,0.0,1.0,0.0,1.0,999.0,0.0,0.0,2.0
26.0,5.0,0.0,0.0,0.0,0.0,0.0,0.0,0.0,0.0,0.0,0.0,-1.0,0.0,1.0,31101.0,1.0,20.0,0.0,1.0,0.0,1.0,999.0,0.0,0.0,2.0
26.0,5.0,0.0,0.0,0.0,0.0,0.0,0.0,0.0,0.0,0.0,0.0,-1.0,0.0,1.0,31101.0,1.0,20.0,0.0,1.0,0.0,1.0,999.0,0.0,0.0,2.0
26.0,5.0,0.0,0.0,0.0,0.0,0.0,0.0,0.0,0.0,0.0,0.0,-1.0,0.0,1.0,31101.0,1.0,20.0,0.0,1.0,0.0,1.0,999.0,0.0,0.0,2.0
26.0,5.0,0.0,0.0,0.0,0.0,0.0,0.0,0.0,0.0,0.0,0.0,-1.0,0.0,1.0,31101.0,1.0,20.0,0.0,1.0,0.0,1.0,999.0,0.0,0.0,2.0
26.0,5.0,0.0,0.0,0.0,0.0,0.0,0.0,0.0,0.0,0.0,0.0,-1.0,0.0,1.0,31101.0,1.0,20.0,0.0,1.0,0.0,1.0,999.0,0.0,0.0,2.0
26.0,5.0,0.0,0.0,0.0,0.0,0.0,0.0,0.0,0.0,0.0,0.0,-1.0,0.0,1.0,31101.0,1.0,20.0,0.0,1.0,0.0,1.0,999.0,0.0,0.0,2.0
26.0,5.0,0.0,0.0,0.0,0.0,0.0,0.0,0.0,0.0,0.0,0.0,-1.0,0.0,1.0,31101.0,1.0,20.0,0.0,1.0,0.0,1.0,999.0,0.0,0.0,2.0
26.0,5.0,0.0,0.0,0.0,0.0,0.0,0.0,0.0,0.0,0.0,0.0,-1.0,0.0,1.0,31101.0,1.0,20.0,0.0,1.0,0.0,1.0,999.0,0.0,0.0,2.0
26.0,5.0,0.0,0.0,0.0,0.0,0.0,0.0,0.0,0.0,0.0,0.0,-1.0,0.0,1.0,31101.0,1.0,20.0,0.0,1.0,0.0,1.0,999.0,0.0,0.0,2.0
26.0,5.0,0.0,0.0,0.0,0.0,0.0,0.0,0.0,0.0,0.0,0.0,-1.0,0.0,1.0,31101.0,1.0,20.0,0.0,1.0,0.0,1.0,999.0,0.0,0.0,2.0
26.0,5.0,0.0,0.0,0.0,0.0,0.0,0.0,0.0,0.0,0.0,0.0,-1.0,0.0,1.0,31101.0,1.0,20.0,0.0,1.0,0.0,1.0,999.0,0.0,0.0,2.0
26.0,5.0,0.0,0.0,0.0,0.0,0.0,0.0,0.0,0.0,0.0,0.0,-1.0,0.0,1.0,31101.0,1.0,20.0,0.0,1.0,0.0,1.0,999.0,0.0,0.0,2.0
26.0,5.0,0.0,0.0,0.0,0.0,0.0,0.0,0.0,0.0,0.0,0.0,-1.0,0.0,1.0,31101.0,1.0,20.0,0.0,1.0,0.0,1.0,999.0,0.0,0.0,2.0
26.0,5.0,0.0,0.0,0.0,0.0,0.0,0.0,0.0,0.0,0.0,0.0,-1.0,0.0,1.0,31101.0,1.0,20.0,0.0,1.0,0.0,1.0,999.0,0.0,0.0,2.0
26.0,5.0,0.0,0.0,0.0,0.0,0.0,0.0,0.0,0.0,0.0,0.0,-1.0,0.0,1.0,31101.0,1.0,20.0,0.0,1.0,0.0,1.0,999.0,0.0,0.0,2.0
56.0,10.0,0.0,0.0,0.0,0.0,0.0,0.0,0.0,0.0,0.0,0.0,0.0,0.0,1.0,31151.0,1.0,20.0,0.0,1.0,0.0,1.0,999.0,0.0,0.0,0.0
26.0,5.0,0.0,0.0,0.0,0.0,0.0,0.0,0.0,0.0,0.0,0.0,-1.0,0.0,1.0,31101.0,1.0,20.0,0.0,1.0,0.05,2.0,0.0,0.0,0.0,2.0
26.0,5.0,0.0,0.0,0.0,0.0,0.0,0.0,0.0,0.0,0.0,0.0,-1.0,0.0,1.0,31101.0,1.0,20.0,0.0,1.0,0.05,2.0,0.0,0.0,0.0,2.0
26.0,5.0,0.0,0.0,0.0,0.0,0.0,0.0,0.0,0.0,0.0,0.0,-1.0,0.0,1.0,31101.0,1.0,20.0,0.0,1.0,0.05,2.0,0.0,0.0,0.0,2.0
26.0,5.0,0.0,0.0,0.0,0.0,0.0,0.0,0.0,0.0,0.0,0.0,-1.0,0.0,1.0,31101.0,1.0,20.0,0.0,1.0,0.05,2.0,0.0,0.0,0.0,2.0
26.0,5.0,0.0,0.0,0.0,0.0,0.0,0.0,0.0,0.0,0.0,0.0,-1.0,0.0,1.0,31101.0,1.0,20.0,0.0,1.0,0.05,2.0,0.0,0.0,0.0,2.0
26.0,5.0,0.0,0.0,0.0,0.0,0.0,0.0,0.0,0.0,0.0,0.0,-1.0,0.0,1.0,31101.0,1.0,20.0,0.0,1.0,0.05,2.0,0.0,0.0,0.0,2.0
26.0,5.0,0.0,0.0,0.0,0.0,0.0,0.0,0.0,0.0,0.0,0.0,-1.0,0.0,1.0,31101.0,1.0,20.0,0.0,1.0,0.05,2.0,0.0,0.0,0.0,2.0
26.0,5.0,0.0,0.0,0.0,0.0,0.0,0.0,0.0,0.0,0.0,0.0,-1.0,0.0,1.0,31101.0,1.0,20.0,0.0,1.0,0.05,2.0,0.0,0.0,0.0,2.0
26.0,5.0,0.0,0.0,0.0,0.0,0.0,0.0,0.0,0.0,0.0,0.0,-1.0,0.0,1.0,31101.0,1.0,20.0,0.0,1.0,0.05,2.0,0.0,0.0,0.0,2.0
26.0,5.0,0.0,0.0,0.0,0.0,0.0,0.0,0.0,0.0,0.0,0.0,-1.0,0.0,1.0,31101.0,1.0,20.0,0.0,1.0,0.05,2.0,0.0,0.0,0.0,2.0
26.0,5.0,0.0,0.0,0.0,0.0,0.0,0.0,0.0,0.0,0.0,0.0,-1.0,0.0,1.0,31101.0,1.0,20.0,0.0,1.0,0.05,2.0,0.0,0.0,0.0,2.0
26.0,5.0,0.0,0.0,0.0,0.0,0.0,0.0,0.0,0.0,0.0,0.0,-1.0,0.0,1.0,31101.0,1.0,20.0,0.0,1.0,0.05,2.0,0.0,0.0,0.0,2.0
26.0,5.0,0.0,0.0,0.0,0.0,0.0,0.0,0.0,0.0,0.0,0.0,-1.0,0.0,1.0,31101.0,1.0,20.0,0.0,1.0,0.05,2.0,0.0,0.0,0.0,2.0
56.0,10.0,0.0,0.0,0.0,0.0,0.0,0.0,0.0,0.0,0.0,0.0,0.0,0.0,1.0,31151.0,1.0,20.0,0.0,1.0,0.05,2.0,0.0,0.0,0.0,0.0
26.0,5.0,0.0,0.0,0.0,0.0,0.0,0.0,0.0,0.0,0.0,0.0,-1.0,0.0,1.0,31101.0,1.0,20.0,0.0,1.0,0.1,2.0,0.0,0.0,0.0,2.0
26.0,5.0,0.0,0.0,0.0,0.0,0.0,0.0,0.0,0.0,0.0,0.0,-1.0,0.0,1.0,31101.0,1.0,20.0,0.0,1.0,0.1,2.0,0.0,0.0,0.0,2.0
26.0,5.0,0.0,0.0,0.0,0.0,0.0,0.0,0.0,0.0,0.0,0.0,-1.0,0.0,1.0,31101.0,1.0,20.0,0.0,1.0,0.1,2.0,0.0,0.0,0.0,2.0
26.0,5.0,0.0,0.0,0.0,0.0,0.0,0.0,0.0,0.0,0.0,0.0,-1.0,0.0,1.0,31101.0,1.0,20.0,0.0,1.0,0.1,2.0,0.005997,0.0,0.0,2.0
26.0,5.0,0.0,0.0,0.0,0.0,0.0,0.0,0.0,0.0,0.0,0.0,-1.0,0.0,1.0,31101.0,1.0,20.0,0.0,1.0,0.1,2.0,0.005997,0.0,0.0,2.0
26.0,5.0,0.0,0.0,0.0,0.0,0.0,0.0,0.0,0.0,0.0,0.0,-1.0,0.0,1.0,31101.0,1.0,20.0,0.0,1.0,0.1,2.0,0.005997,0.0,0.0,2.0
26.0,5.0,0.0,0.0,0.0,0.0,0.0,0.0,0.0,0.0,0.0,0.0,-1.0,0.0,1.0,31101.0,1.0,20.0,0.0,1.0,0.05,2.0,0.005997,0.0,0.0,2.0
26.0,5.0,0.0,0.0,0.0,0.0,0.0,0.0,0.0,0.0,0.0,0.0,-1.0,0.0,1.0,31101.0,1.0,20.0,0.0,1.0,0.05,2.0,0.005997,0.0,0.0,2.0
26.0,5.0,0.0,0.0,0.0,0.0,0.0,0.0,0.0,0.0,0.0,0.0,-1.0,0.0,1.0,31101.0,1.0,20.0,0.0,1.0,0.05,2.0,0.005997,0.0,0.0,2.0
26.0,5.0,0.0,0.0,0.0,0.0,0.0,0.0,0.0,0.0,0.0,0.0,-1.0,0.0,1.0,31101.0,1.0,20.0,0.0,1.0,0.05,2.0,0.005997,0.0,0.0,2.0
26.0,5.0,0.0,0.0,0.0,0.0,0.0,0.0,0.0,0.0,0.0,0.0,-1.0,0.0,1.0,31101.0,1.0,20.0,0.0,1.0,0.05,2.0,0.06097,0.0,0.0,2.0
26.0,5.0,0.0,0.0,0.0,0.0,0.0,0.0,0.0,0.0,0.0,0.0,-1.0,0.0,1.0,31101.0,1.0,20.0,0.0,1.0,0.05,2.0,0.061969,0.0,0.0,2.0
56.0,10.0,0.0,0.0,0.0,0.0,0.0,0.0,0.0,0.0,0.0,0.0,0.0,0.0,1.0,31151.0,1.0,20.0,0.0,1.0,0.05,2.0,0.061969,0.0,0.0,0.0
26.0,5.0,0.0,0.0,0.0,0.0,0.0,0.0,0.0,0.0,0.0,0.0,-1.0,0.0,1.0,31101.0,1.0,20.0,0.0,1.0,0.1,2.0,0.001,0.0,0.0,2.0
26.0,5.0,0.0,0.0,0.0,0.0,0.0,0.0,0.0,0.0,0.0,0.0,-1.0,0.0,1.0,31101.0,1.0,20.0,0.0,1.0,0.1,2.0,0.001,0.0,0.0,2.0
26.0,5.0,0.0,0.0,0.0,0.0,0.0,0.0,0.0,0.0,0.0,0.0,-1.0,0.0,1.0,31101.0,1.0,20.0,0.0,1.0,0.1,2.0,0.001,0.0,0.0,2.0
26.0,5.0,0.0,0.0,0.0,0.0,0.0,0.0,0.0,0.0,0.0,0.0,-1.0,0.0,1.0,31101.0,1.0,20.0,0.0,1.0,0.1,2.0,0.001,0.0,0.0,2.0
26.0,5.0,0.0,0.0,0.0,0.0,0.0,0.0,0.0,0.0,0.0,0.0,-1.0,0.0,1.0,31101.0,1.0,20.0,0.0,1.0,0.1,2.0,0.002999,0.0,0.0,2.0
26.0,5.0,0.0,0.0,0.0,0.0,0.0,0.0,0.0,0.0,0.0,0.0,-1.0,0.0,1.0,31101.0,1.0,20.0,0.0,1.0,0.1,2.0,0.002999,0.0,0.0,2.0
26.0,5.0,0.0,0.0,0.0,0.0,0.0,0.0,0.0,0.0,0.0,0.0,-1.0,0.0,1.0,31101.0,1.0,20.0,0.0,1.0,0.1,2.0,0.003998,0.0,0.0,2.0
26.0,5.0,0.0,0.0,0.0,0.0,0.0,0.0,0.0,0.0,0.0,0.0,-1.0,0.0,1.0,31101.0,1.0,20.0,0.0,1.0,0.05,2.0,0.004998,0.0,0.0,2.0
26.0,5.0,0.0,0.0,0.0,0.0,0.0,0.0,0.0,0.0,0.0,0.0,-1.0,0.0,1.0,31101.0,1.0,20.0,0.0,1.0,0.05,2.0,0.004998,0.0,0.0,2.0
26.0,5.0,0.0,0.0,0.0,0.0,0.0,0.0,0.0,0.0,0.0,0.0,-1.0,0.0,1.0,31101.0,1.0,20.0,0.0,1.0,0.05,2.0,0.004998,0.0,0.0,2.0
26.0,5.0,0.0,0.0,0.0,0.0,0.0,0.0,0.0,0.0,0.0,0.0,-1.0,0.0,1.0,31101.0,1.0,20.0,0.0,1.0,0.05,2.0,0.004998,0.0,0.0,2.0
26.0,5.0,0.0,0.0,0.0,0.0,0.0,0.0,0.0,0.0,0.0,0.0,-1.0,0.0,1.0,31101.0,1.0,20.0,0.0,1.0,0.05,2.0,0.006997,0.0,0.0,2.0
26.0,5.0,0.0,0.0,0.0,0.0,0.0,0.0,0.0,0.0,0.0,0.0,-1.0,0.0,1.0,31101.0,1.0,20.0,0.0,1.0,0.05,2.0,0.006997,0.0,0.0,2.0
56.0,10.0,0.0,0.0,0.0,0.0,0.0,0.0,0.0,0.0,0.0,0.0,0.0,0.0,1.0,31151.0,1.0,20.0,0.0,1.0,0.05,2.0,0.006997,0.0,0.0,0.0
26.0,5.0,0.0,0.0,0.0,0.0,0.0,0.0,0.0,0.0,0.0,0.0,-1.0,0.0,1.0,31101.0,1.0,20.0,0.0,1.0,0.1,2.0,0.0,0.0,0.0,2.0
26.0,5.0,0.0,0.0,0.0,0.0,0.0,0.0,0.0,0.0,0.0,0.0,-1.0,0.0,1.0,31101.0,1.0,20.0,0.0,1.0,0.1,2.0,0.0,0.0,0.0,2.0
26.0,5.0,0.0,0.0,0.0,0.0,0.0,0.0,0.0,0.0,0.0,0.0,-1.0,0.0,1.0,31101.0,1.0,20.0,0.0,1.0,0.1,2.0,0.0,0.0,0.0,2.0
26.0,5.0,0.0,0.0,0.0,0.0,0.0,0.0,0.0,0.0,0.0,0.0,-1.0,0.0,1.0,31101.0,1.0,20.0,0.0,1.0,0.1,2.0,0.001999,0.0,0.0,2.0
26.0,5.0,0.0,0.0,0.0,0.0,0.0,0.0,0.0,0.0,0.0,0.0,-1.0,0.0,1.0,31101.0,1.0,20.0,0.0,1.0,0.1,2.0,0.001999,0.0,0.0,2.0
26.0,5.0,0.0,0.0,0.0,0.0,0.0,0.0,0.0,0.0,0.0,0.0,-1.0,0.0,1.0,31101.0,1.0,20.0,0.0,1.0,0.1,2.0,0.001999,0.0,0.0,2.0
26.0,5.0,0.0,0.0,0.0,0.0,0.0,0.0,0.0,0.0,0.0,0.0,-1.0,0.0,1.0,31101.0,1.0,20.0,0.0,1.0,0.05,2.0,0.001999,0.0,0.0,2.0
26.0,5.0,0.0,0.0,0.0,0.0,0.0,0.0,0.0,0.0,0.0,0.0,-1.0,0.0,1.0,31101.0,1.0,20.0,0.0,1.0,0.05,2.0,0.003998,0.0,0.0,2.0
26.0,5.0,0.0,0.0,0.0,0.0,0.0,0.0,0.0,0.0,0.0,0.0,-1.0,0.0,1.0,31101.0,1.0,20.0,0.0,1.0,0.05,2.0,0.003998,0.0,0.0,2.0
26.0,5.0,0.0,0.0,0.0,0.0,0.0,0.0,0.0,0.0,0.0,0.0,-1.0,0.0,1.0,31101.0,1.0,20.0,0.0,1.0,0.05,2.0,0.003998,0.0,0.0,2.0
26.0,5.0,0.0,0.0,0.0,0.0,0.0,0.0,0.0,0.0,0.0,0.0,-1.0,0.0,1.0,31101.0,1.0,20.0,0.0,1.0,0.05,2.0,0.004997,0.0,0.0,2.0
26.0,5.0,0.0,0.0,0.0,0.0,0.0,0.0,0.0,0.0,0.0,0.0,-1.0,0.0,1.0,31101.0,1.0,20.0,0.0,1.0,0.05,2.0,0.005997,0.0,0.0,2.0
26.0,5.0,0.0,0.0,0.0,0.0,0.0,0.0,0.0,0.0,0.0,0.0,-1.0,0.0,1.0,31101.0,1.0,20.0,0.0,1.0,0.05,2.0,0.005997,0.0,0.0,2.0
56.0,10.0,0.0,0.0,0.0,0.0,0.0,0.0,0.0,0.0,0.0,0.0,0.0,0.0,1.0,31151.0,1.0,20.0,0.0,1.0,0.05,2.0,0.005997,0.0,0.0,0.0
26.0,5.0,0.0,0.0,0.0,0.0,0.0,0.0,0.0,0.0,0.0,0.0,-1.0,0.0,1.0,31101.0,1.0,20.0,0.0,1.0,0.1,2.0,0.0,0.0,0.0,2.0
26.0,5.0,0.0,0.0,0.0,0.0,0.0,0.0,0.0,0.0,0.0,0.0,-1.0,0.0,1.0,31101.0,1.0,20.0,0.0,1.0,0.1,2.0,0.0,0.0,0.0,2.0
26.0,5.0,0.0,0.0,0.0,0.0,0.0,0.0,0.0,0.0,0.0,0.0,-1.0,0.0,1.0,31101.0,1.0,20.0,0.0,1.0,0.1,2.0,0.001999,0.0,0.0,2.0
26.0,5.0,0.0,0.0,0.0,0.0,0.0,0.0,0.0,0.0,0.0,0.0,-1.0,0.0,1.0,31101.0,1.0,20.0,0.0,1.0,0.1,2.0,0.001999,0.0,0.0,2.0
26.0,5.0,0.0,0.0,0.0,0.0,0.0,0.0,0.0,0.0,0.0,0.0,-1.0,0.0,1.0,31101.0,1.0,20.0,0.0,1.0,0.1,2.0,0.001999,0.0,0.0,2.0
26.0,5.0,0.0,0.0,0.0,0.0,0.0,0.0,0.0,0.0,0.0,0.0,-1.0,0.0,1.0,31101.0,1.0,20.0,0.0,1.0,0.1,2.0,0.001999,0.0,0.0,2.0
26.0,5.0,0.0,0.0,0.0,0.0,0.0,0.0,0.0,0.0,0.0,0.0,-1.0,0.0,1.0,31101.0,1.0,20.0,0.0,1.0,0.05,2.0,0.001999,0.0,0.0,2.0
26.0,5.0,0.0,0.0,0.0,0.0,0.0,0.0,0.0,0.0,0.0,0.0,-1.0,0.0,1.0,31101.0,1.0,20.0,0.0,1.0,0.05,2.0,0.001999,0.0,0.0,2.0
26.0,5.0,0.0,0.0,0.0,0.0,0.0,0.0,0.0,0.0,0.0,0.0,-1.0,0.0,1.0,31101.0,1.0,20.0,0.0,1.0,0.05,2.0,0.002998,0.0,0.0,2.0
26.0,5.0,0.0,0.0,0.0,0.0,0.0,0.0,0.0,0.0,0.0,0.0,-1.0,0.0,1.0,31101.0,1.0,20.0,0.0,1.0,0.05,2.0,0.002998,0.0,0.0,2.0
26.0,5.0,0.0,0.0,0.0,0.0,0.0,0.0,0.0,0.0,0.0,0.0,-1.0,0.0,1.0,31101.0,1.0,20.0,0.0,1.0,0.05,2.0,0.002998,0.0,0.0,2.0
26.0,5.0,0.0,0.0,0.0,0.0,0.0,0.0,0.0,0.0,0.0,0.0,-1.0,0.0,1.0,31101.0,1.0,20.0,0.0,1.0,0.05,2.0,0.057971,0.0,0.0,2.0
56.0,10.0,0.0,0.0,0.0,0.0,0.0,0.0,0.0,0.0,0.0,0.0,0.0,0.0,1.0,31151.0,1.0,20.0,0.0,1.0,0.05,2.0,0.05997,0.0,0.0,0.0
26.0,5.0,0.0,0.0,0.0,0.0,0.0,0.0,0.0,0.0,0.0,0.0,-1.0,0.0,1.0,31101.0,1.0,20.0,0.0,1.0,0.1,2.0,0.0,0.0,0.0,2.0
26.0,5.0,0.0,0.0,0.0,0.0,0.0,0.0,0.0,0.0,0.0,0.0,-1.0,0.0,1.0,31101.0,1.0,20.0,0.0,1.0,0.1,2.0,0.0,0.0,0.0,2.0
26.0,5.0,0.0,0.0,0.0,0.0,0.0,0.0,0.0,0.0,0.0,0.0,-1.0,0.0,1.0,31101.0,1.0,20.0,0.0,1.0,0.1,2.0,0.0,0.0,0.0,2.0
26.0,5.0,0.0,0.0,0.0,0.0,0.0,0.0,0.0,0.0,0.0,0.0,-1.0,0.0,1.0,31101.0,1.0,20.0,0.0,1.0,0.1,2.0,0.0,0.0,0.0,2.0
26.0,5.0,0.0,0.0,0.0,0.0,0.0,0.0,0.0,0.0,0.0,0.0,-1.0,0.0,1.0,31101.0,1.0,20.0,0.0,1.0,0.1,2.0,0.0,0.0,0.0,2.0
26.0,5.0,0.0,0.0,0.0,0.0,0.0,0.0,0.0,0.0,0.0,0.0,-1.0,0.0,1.0,31101.0,1.0,20.0,0.0,1.0,0.1,2.0,0.0,0.0,0.0,2.0
26.0,5.0,0.0,0.0,0.0,0.0,0.0,0.0,0.0,0.0,0.0,0.0,-1.0,0.0,1.0,31101.0,1.0,20.0,0.0,1.0,0.1,2.0,0.0,0.0,0.0,2.0
26.0,5.0,0.0,0.0,0.0,0.0,0.0,0.0,0.0,0.0,0.0,0.0,-1.0,0.0,1.0,31101.0,1.0,20.0,0.0,1.0,0.05,2.0,0.0,0.0,0.0,2.0
26.0,5.0,0.0,0.0,0.0,0.0,0.0,0.0,0.0,0.0,0.0,0.0,-1.0,0.0,1.0,31101.0,1.0,20.0,0.0,1.0,0.05,2.0,0.0,0.0,0.0,2.0
26.0,5.0,0.0,0.0,0.0,0.0,0.0,0.0,0.0,0.0,0.0,0.0,-1.0,0.0,1.0,31101.0,1.0,20.0,0.0,1.0,0.05,2.0,0.0,0.0,0.0,2.0
26.0,5.0,0.0,0.0,0.0,0.0,0.0,0.0,0.0,0.0,0.0,0.0,-1.0,0.0,1.0,31101.0,1.0,20.0,0.0,1.0,0.05,2.0,0.0,0.0,0.0,2.0
26.0,5.0,0.0,0.0,0.0,0.0,0.0,0.0,0.0,0.0,0.0,0.0,-1.0,0.0,1.0,31101.0,1.0,20.0,0.0,1.0,0.05,2.0,0.0,0.0,0.0,2.0
26.0,5.0,0.0,0.0,0.0,0.0,0.0,0.0,0.0,0.0,0.0,0.0,-1.0,0.0,1.0,31101.0,1.0,20.0,0.0,1.0,0.05,2.0,0.0,0.0,0.0,2.0
56.0,10.0,0.0,0.0,0.0,0.0,0.0,0.0,0.0,0.0,0.0,0.0,0.0,0.0,1.0,31151.0,1.0,20.0,0.0,1.0,0.05,2.0,0.0,0.0,0.0,0.0
26.0,5.0,0.0,0.0,0.0,0.0,0.0,0.0,0.0,0.0,0.0,0.0,-1.0,0.0,1.0,31101.0,1.0,20.0,0.0,1.0,0.1,2.0,0.0,0.0,0.0,2.0
26.0,5.0,0.0,0.0,0.0,0.0,0.0,0.0,0.0,0.0,0.0,0.0,-1.0,0.0,1.0,31101.0,1.0,20.0,0.0,1.0,0.1,2.0,0.0,0.0,0.0,2.0
26.0,5.0,0.0,0.0,0.0,0.0,0.0,0.0,0.0,0.0,0.0,0.0,-1.0,0.0,1.0,31101.0,1.0,20.0,0.0,1.0,0.1,2.0,0.0,0.0,0.0,2.0
26.0,5.0,0.0,0.0,0.0,0.0,0.0,0.0,0.0,0.0,0.0,0.0,-1.0,0.0,1.0,31101.0,1.0,20.0,0.0,1.0,0.1,2.0,0.0,0.0,0.0,2.0
26.0,5.0,0.0,0.0,0.0,0.0,0.0,0.0,0.0,0.0,0.0,0.0,-1.0,0.0,1.0,31101.0,1.0,20.0,0.0,1.0,0.1,2.0,0.0,0.0,0.0,2.0
26.0,5.0,0.0,0.0,0.0,0.0,0.0,0.0,0.0,0.0,0.0,0.0,-1.0,0.0,1.0,31101.0,1.0,20.0,0.0,1.0,0.1,2.0,0.0,0.0,0.0,2.0
26.0,5.0,0.0,0.0,0.0,0.0,0.0,0.0,0.0,0.0,0.0,0.0,-1.0,0.0,1.0,31101.0,1.0,20.0,0.0,1.0,0.05,2.0,0.0,0.0,0.0,2.0
26.0,5.0,0.0,0.0,0.0,0.0,0.0,0.0,0.0,0.0,0.0,0.0,-1.0,0.0,1.0,31101.0,1.0,20.0,0.0,1.0,0.05,2.0,0.057971,0.0,0.0,2.0
26.0,5.0,0.0,0.0,0.0,0.0,0.0,0.0,0.0,0.0,0.0,0.0,-1.0,0.0,1.0,31101.0,1.0,20.0,0.0,1.0,0.05,2.0,0.060969,0.0,0.0,2.0
26.0,5.0,0.0,0.0,0.0,0.0,0.0,0.0,0.0,0.0,0.0,0.0,-1.0,0.0,1.0,31101.0,1.0,20.0,0.0,1.0,0.05,2.0,0.061969,0.0,0.0,2.0
26.0,5.0,0.0,0.0,0.0,0.0,0.0,0.0,0.0,0.0,0.0,0.0,-1.0,0.0,1.0,31101.0,1.0,20.0,0.0,1.0,0.05,2.0,0.063968,0.0,0.0,2.0
26.0,5.0,0.0,0.0,0.0,0.0,0.0,0.0,0.0,0.0,0.0,0.0,-1.0,0.0,1.0,31101.0,1.0,20.0,0.0,1.0,0.05,2.0,0.066966,0.0,0.0,2.0
26.0,5.0,0.0,0.0,0.0,0.0,0.0,0.0,0.0,0.0,0.0,0.0,-1.0,0.0,1.0,31101.0,1.0,20.0,0.0,1.0,0.05,2.0,0.067966,0.0,0.0,2.0
56.0,10.0,0.0,0.0,0.0,0.0,0.0,0.0,0.0,0.0,0.0,0.0,0.0,0.0,1.0,31151.0,1.0,20.0,0.0,1.0,0.05,2.0,0.067966,0.0,0.0,0.0
26.0,5.0,0.0,0.0,0.0,0.0,0.0,0.0,0.0,0.0,0.0,0.0,-1.0,0.0,1.0,31101.0,1.0,20.0,0.0,1.0,0.1,2.0,0.0,0.0,0.0,2.0
26.0,5.0,0.0,0.0,0.0,0.0,0.0,0.0,0.0,0.0,0.0,0.0,-1.0,0.0,1.0,31101.0,1.0,20.0,0.0,1.0,0.1,2.0,0.0,0.0,0.0,2.0
26.0,5.0,0.0,0.0,0.0,0.0,0.0,0.0,0.0,0.0,0.0,0.0,-1.0,0.0,1.0,31101.0,1.0,20.0,0.0,1.0,0.1,2.0,0.001999,0.0,0.0,2.0
26.0,5.0,0.0,0.0,0.0,0.0,0.0,0.0,0.0,0.0,0.0,0.0,-1.0,0.0,1.0,31101.0,1.0,20.0,0.0,1.0,0.1,2.0,0.002998,0.0,0.0,2.0
26.0,5.0,0.0,0.0,0.0,0.0,0.0,0.0,0.0,0.0,0.0,0.0,-1.0,0.0,1.0,31101.0,1.0,20.0,0.0,1.0,0.1,2.0,0.004997,0.0,0.0,2.0
26.0,5.0,0.0,0.0,0.0,0.0,0.0,0.0,0.0,0.0,0.0,0.0,-1.0,0.0,1.0,31101.0,1.0,20.0,0.0,1.0,0.1,2.0,0.004997,0.0,0.0,2.0
26.0,5.0,0.0,0.0,0.0,0.0,0.0,0.0,0.0,0.0,0.0,0.0,-1.0,0.0,1.0,31101.0,1.0,20.0,0.0,1.0,0.05,2.0,0.006996,0.0,0.0,2.0
26.0,5.0,0.0,0.0,0.0,0.0,0.0,0.0,0.0,0.0,0.0,0.0,-1.0,0.0,1.0,31101.0,1.0,20.0,0.0,1.0,0.05,2.0,0.007996,0.0,0.0,2.0
26.0,5.0,0.0,0.0,0.0,0.0,0.0,0.0,0.0,0.0,0.0,0.0,-1.0,0.0,1.0,31101.0,1.0,20.0,0.0,1.0,0.05,2.0,0.008995,0.0,0.0,2.0
26.0,5.0,0.0,0.0,0.0,0.0,0.0,0.0,0.0,0.0,0.0,0.0,-1.0,0.0,1.0,31101.0,1.0,20.0,0.0,1.0,0.05,2.0,0.008995,0.0,0.0,2.0
26.0,5.0,0.0,0.0,0.0,0.0,0.0,0.0,0.0,0.0,0.0,0.0,-1.0,0.0,1.0,31101.0,1.0,20.0,0.0,1.0,0.05,2.0,0.008995,0.0,0.0,2.0
26.0,5.0,0.0,0.0,0.0,0.0,0.0,0.0,0.0,0.0,0.0,0.0,-1.0,0.0,1.0,31101.0,1.0,20.0,0.0,1.0,0.05,2.0,0.010994,0.0,0.0,2.0
26.0,5.0,0.0,0.0,0.0,0.0,0.0,0.0,0.0,0.0,0.0,0.0,-1.0,0.0,1.0,31101.0,1.0,20.0,0.0,1.0,0.05,2.0,0.010994,0.0,0.0,2.0
56.0,10.0,0.0,0.0,0.0,0.0,0.0,0.0,0.0,0.0,0.0,0.0,0.0,0.0,1.0,31151.0,1.0,20.0,0.0,1.0,0.05,2.0,0.012993,0.0,0.0,0.0
26.0,5.0,0.0,0.0,0.0,0.0,0.0,0.0,0.0,0.0,0.0,0.0,-1.0,0.0,1.0,31101.0,1.0,20.0,0.0,1.0,0.1,2.0,0.001,0.0,0.0,2.0
26.0,5.0,0.0,0.0,0.0,0.0,0.0,0.0,0.0,0.0,0.0,0.0,-1.0,0.0,1.0,31101.0,1.0,20.0,0.0,1.0,0.1,2.0,0.001999,0.0,0.0,2.0
26.0,5.0,0.0,0.0,0.0,0.0,0.0,0.0,0.0,0.0,0.0,0.0,-1.0,0.0,1.0,31101.0,1.0,20.0,0.0,1.0,0.1,2.0,0.004998,0.0,0.0,2.0
26.0,5.0,0.0,0.0,0.0,0.0,0.0,0.0,0.0,0.0,0.0,0.0,-1.0,0.0,1.0,31101.0,1.0,20.0,0.0,1.0,0.1,2.0,0.006997,0.0,0.0,2.0
26.0,5.0,0.0,0.0,0.0,0.0,0.0,0.0,0.0,0.0,0.0,0.0,-1.0,0.0,1.0,31101.0,1.0,20.0,0.0,1.0,0.1,2.0,0.006997,0.0,0.0,2.0
26.0,5.0,0.0,0.0,0.0,0.0,0.0,0.0,0.0,0.0,0.0,0.0,-1.0,0.0,1.0,31101.0,1.0,20.0,0.0,1.0,0.1,2.0,0.006997,0.0,0.0,2.0
26.0,5.0,0.0,0.0,0.0,0.0,0.0,0.0,0.0,0.0,0.0,0.0,-1.0,0.0,1.0,31101.0,1.0,20.0,0.0,1.0,0.05,2.0,0.008996,0.0,0.0,2.0
26.0,5.0,0.0,0.0,0.0,0.0,0.0,0.0,0.0,0.0,0.0,0.0,-1.0,0.0,1.0,31101.0,1.0,20.0,0.0,1.0,0.05,2.0,0.008996,0.0,0.0,2.0
26.0,5.0,0.0,0.0,0.0,0.0,0.0,0.0,0.0,0.0,0.0,0.0,-1.0,0.0,1.0,31101.0,1.0,20.0,0.0,1.0,0.05,2.0,0.010995,0.0,0.0,2.0
26.0,5.0,0.0,0.0,0.0,0.0,0.0,0.0,0.0,0.0,0.0,0.0,-1.0,0.0,1.0,31101.0,1.0,20.0,0.0,1.0,0.05,2.0,0.011994,0.0,0.0,2.0
26.0,5.0,0.0,0.0,0.0,0.0,0.0,0.0,0.0,0.0,0.0,0.0,-1.0,0.0,1.0,31101.0,1.0,20.0,0.0,1.0,0.05,2.0,0.012994,0.0,0.0,2.0
26.0,5.0,0.0,0.0,0.0,0.0,0.0,0.0,0.0,0.0,0.0,0.0,-1.0,0.0,1.0,31101.0,1.0,20.0,0.0,1.0,0.05,2.0,0.013993,0.0,0.0,2.0
26.0,5.0,0.0,0.0,0.0,0.0,0.0,0.0,0.0,0.0,0.0,0.0,-1.0,0.0,1.0,31101.0,1.0,20.0,0.0,1.0,0.05,2.0,0.014993,0.0,0.0,2.0
56.0,10.0,0.0,0.0,0.0,0.0,0.0,0.0,0.0,0.0,0.0,0.0,0.0,0.0,1.0,31151.0,1.0,20.0,0.0,1.0,0.05,2.0,0.015992,0.0,0.0,0.0
26.0,5.0,0.0,0.0,0.0,0.0,0.0,0.0,0.0,0.0,0.0,0.0,-1.0,0.0,1.0,31101.0,1.0,20.0,0.0,1.0,0.1,2.0,0.001,0.0,0.0,2.0
26.0,5.0,0.0,0.0,0.0,0.0,0.0,0.0,0.0,0.0,0.0,0.0,-1.0,0.0,1.0,31101.0,1.0,20.0,0.0,1.0,0.1,2.0,0.001,0.0,0.0,2.0
26.0,5.0,0.0,0.0,0.0,0.0,0.0,0.0,0.0,0.0,0.0,0.0,-1.0,0.0,1.0,31101.0,1.0,20.0,0.0,1.0,0.1,2.0,0.002999,0.0,0.0,2.0
26.0,5.0,0.0,0.0,0.0,0.0,0.0,0.0,0.0,0.0,0.0,0.0,-1.0,0.0,1.0,31101.0,1.0,20.0,0.0,1.0,0.1,2.0,0.003998,0.0,0.0,2.0
26.0,5.0,0.0,0.0,0.0,0.0,0.0,0.0,0.0,0.0,0.0,0.0,-1.0,0.0,1.0,31101.0,1.0,20.0,0.0,1.0,0.1,2.0,0.004998,0.0,0.0,2.0
26.0,5.0,0.0,0.0,0.0,0.0,0.0,0.0,0.0,0.0,0.0,0.0,-1.0,0.0,1.0,31101.0,1.0,20.0,0.0,1.0,0.1,2.0,0.006997,0.0,0.0,2.0
26.0,5.0,0.0,0.0,0.0,0.0,0.0,0.0,0.0,0.0,0.0,0.0,-1.0,0.0,1.0,31101.0,1.0,20.0,0.0,1.0,0.05,2.0,0.007996,0.0,0.0,2.0
26.0,5.0,0.0,0.0,0.0,0.0,0.0,0.0,0.0,0.0,0.0,0.0,-1.0,0.0,1.0,31101.0,1.0,20.0,0.0,1.0,0.05,2.0,0.008996,0.0,0.0,2.0
26.0,5.0,0.0,0.0,0.0,0.0,0.0,0.0,0.0,0.0,0.0,0.0,-1.0,0.0,1.0,31101.0,1.0,20.0,0.0,1.0,0.05,2.0,0.008996,0.0,0.0,2.0
26.0,5.0,0.0,0.0,0.0,0.0,0.0,0.0,0.0,0.0,0.0,0.0,-1.0,0.0,1.0,31101.0,1.0,20.0,0.0,1.0,0.05,2.0,0.009995,0.0,0.0,2.0
26.0,5.0,0.0,0.0,0.0,0.0,0.0,0.0,0.0,0.0,0.0,0.0,-1.0,0.0,1.0,31101.0,1.0,20.0,0.0,1.0,0.05,2.0,0.009995,0.0,0.0,2.0
26.0,5.0,0.0,0.0,0.0,0.0,0.0,0.0,0.0,0.0,0.0,0.0,-1.0,0.0,1.0,31101.0,1.0,20.0,0.0,1.0,0.05,2.0,0.009995,0.0,0.0,2.0
26.0,5.0,0.0,0.0,0.0,0.0,0.0,0.0,0.0,0.0,0.0,0.0,-1.0,0.0,1.0,31101.0,1.0,20.0,0.0,1.0,0.05,2.0,0.009995,0.0,0.0,2.0
56.0,10.0,0.0,0.0,0.0,0.0,0.0,0.0,0.0,0.0,0.0,0.0,0.0,0.0,1.0,31151.0,1.0,20.0,0.0,1.0,0.05,2.0,0.009995,0.0,0.0,0.0
26.0,5.0,0.0,0.0,0.0,0.0,0.0,0.0,0.0,0.0,0.0,0.0,-1.0,0.0,1.0,31101.0,1.0,20.0,0.0,1.0,0.1,2.0,0.0,0.0,0.0,2.0
26.0,5.0,0.0,0.0,0.0,0.0,0.0,0.0,0.0,0.0,0.0,0.0,-1.0,0.0,1.0,31101.0,1.0,20.0,0.0,1.0,0.1,2.0,0.001999,0.0,0.0,2.0
26.0,5.0,0.0,0.0,0.0,0.0,0.0,0.0,0.0,0.0,0.0,0.0,-1.0,0.0,1.0,31101.0,1.0,20.0,0.0,1.0,0.1,2.0,0.002999,0.0,0.0,2.0
26.0,5.0,0.0,0.0,0.0,0.0,0.0,0.0,0.0,0.0,0.0,0.0,-1.0,0.0,1.0,31101.0,1.0,20.0,0.0,1.0,0.1,2.0,0.004998,0.0,0.0,2.0
26.0,5.0,0.0,0.0,0.0,0.0,0.0,0.0,0.0,0.0,0.0,0.0,-1.0,0.0,1.0,31101.0,1.0,20.0,0.0,1.0,0.1,2.0,0.004998,0.0,0.0,2.0
26.0,5.0,0.0,0.0,0.0,0.0,0.0,0.0,0.0,0.0,0.0,0.0,-1.0,0.0,1.0,31101.0,1.0,20.0,0.0,1.0,0.1,2.0,0.004998,0.0,0.0,2.0
26.0,5.0,0.0,0.0,0.0,0.0,0.0,0.0,0.0,0.0,0.0,0.0,-1.0,0.0,1.0,31101.0,1.0,20.0,0.0,1.0,0.05,2.0,0.005997,0.0,0.0,2.0
26.0,5.0,0.0,0.0,0.0,0.0,0.0,0.0,0.0,0.0,0.0,0.0,-1.0,0.0,1.0,31101.0,1.0,20.0,0.0,1.0,0.05,2.0,0.006997,0.0,0.0,2.0
26.0,5.0,0.0,0.0,0.0,0.0,0.0,0.0,0.0,0.0,0.0,0.0,-1.0,0.0,1.0,31101.0,1.0,20.0,0.0,1.0,0.05,2.0,0.006997,0.0,0.0,2.0
26.0,5.0,0.0,0.0,0.0,0.0,0.0,0.0,0.0,0.0,0.0,0.0,-1.0,0.0,1.0,31101.0,1.0,20.0,0.0,1.0,0.05,2.0,0.007996,0.0,0.0,2.0
26.0,5.0,0.0,0.0,0.0,0.0,0.0,0.0,0.0,0.0,0.0,0.0,-1.0,0.0,1.0,31101.0,1.0,20.0,0.0,1.0,0.05,2.0,0.008996,0.0,0.0,2.0
26.0,5.0,0.0,0.0,0.0,0.0,0.0,0.0,0.0,0.0,0.0,0.0,-1.0,0.0,1.0,31101.0,1.0,20.0,0.0,1.0,0.05,2.0,0.009995,0.0,0.0,2.0
26.0,5.0,0.0,0.0,0.0,0.0,0.0,0.0,0.0,0.0,0.0,0.0,-1.0,0.0,1.0,31101.0,1.0,20.0,0.0,1.0,0.05,2.0,0.009995,0.0,0.0,2.0
56.0,10.0,0.0,0.0,0.0,0.0,0.0,0.0,0.0,0.0,0.0,0.0,0.0,0.0,1.0,31151.0,1.0,20.0,0.0,1.0,0.05,2.0,0.010995,0.0,0.0,0.0
26.0,5.0,0.0,0.0,0.0,0.0,0.0,0.0,0.0,0.0,0.0,0.0,-1.0,0.0,1.0,31101.0,1.0,20.0,0.0,1.0,0.1,2.0,0.0,0.0,0.0,2.0
26.0,5.0,0.0,0.0,0.0,0.0,0.0,0.0,0.0,0.0,0.0,0.0,-1.0,0.0,1.0,31101.0,1.0,20.0,0.0,1.0,0.1,2.0,0.0,0.0,0.0,2.0
26.0,5.0,0.0,0.0,0.0,0.0,0.0,0.0,0.0,0.0,0.0,0.0,-1.0,0.0,1.0,31101.0,1.0,20.0,0.0,1.0,0.1,2.0,0.000999,0.0,0.0,2.0
26.0,5.0,0.0,0.0,0.0,0.0,0.0,0.0,0.0,0.0,0.0,0.0,-1.0,0.0,1.0,31101.0,1.0,20.0,0.0,1.0,0.1,2.0,0.001999,0.0,0.0,2.0
26.0,5.0,0.0,0.0,0.0,0.0,0.0,0.0,0.0,0.0,0.0,0.0,-1.0,0.0,1.0,31101.0,1.0,20.0,0.0,1.0,0.1,2.0,0.001999,0.0,0.0,2.0
26.0,5.0,0.0,0.0,0.0,0.0,0.0,0.0,0.0,0.0,0.0,0.0,-1.0,0.0,1.0,31101.0,1.0,20.0,0.0,1.0,0.1,2.0,0.001999,0.0,0.0,2.0
26.0,5.0,0.0,0.0,0.0,0.0,0.0,0.0,0.0,0.0,0.0,0.0,-1.0,0.0,1.0,31101.0,1.0,20.0,0.0,1.0,0.05,2.0,0.001999,0.0,0.0,2.0
26.0,5.0,0.0,0.0,0.0,0.0,0.0,0.0,0.0,0.0,0.0,0.0,-1.0,0.0,1.0,31101.0,1.0,20.0,0.0,1.0,0.05,2.0,0.001999,0.0,0.0,2.0
26.0,5.0,0.0,0.0,0.0,0.0,0.0,0.0,0.0,0.0,0.0,0.0,-1.0,0.0,1.0,31101.0,1.0,20.0,0.0,1.0,0.05,2.0,0.001999,0.0,0.0,2.0
26.0,5.0,0.0,0.0,0.0,0.0,0.0,0.0,0.0,0.0,0.0,0.0,-1.0,0.0,1.0,31101.0,1.0,20.0,0.0,1.0,0.05,2.0,0.001999,0.0,0.0,2.0
26.0,5.0,0.0,0.0,0.0,0.0,0.0,0.0,0.0,0.0,0.0,0.0,-1.0,0.0,1.0,31101.0,1.0,20.0,0.0,1.0,0.05,2.0,0.001999,0.0,0.0,2.0
26.0,5.0,0.0,0.0,0.0,0.0,0.0,0.0,0.0,0.0,0.0,0.0,-1.0,0.0,1.0,31101.0,1.0,20.0,0.0,1.0,0.05,2.0,0.001999,0.0,0.0,2.0
26.0,5.0,0.0,0.0,0.0,0.0,0.0,0.0,0.0,0.0,0.0,0.0,-1.0,0.0,1.0,31101.0,1.0,20.0,0.0,1.0,0.05,2.0,0.001999,0.0,0.0,2.0
56.0,10.0,0.0,0.0,0.0,0.0,0.0,0.0,0.0,0.0,0.0,0.0,0.0,0.0,1.0,31151.0,1.0,20.0,0.0,1.0,0.05,2.0,0.001999,0.0,0.0,0.0
26.0,5.0,0.0,0.0,0.0,0.0,0.0,0.0,0.0,0.0,0.0,0.0,-1.0,0.0,1.0,31101.0,1.0,20.0,0.0,1.0,0.1,2.0,0.0,0.0,0.0,2.0
26.0,5.0,0.0,0.0,0.0,0.0,0.0,0.0,0.0,0.0,0.0,0.0,-1.0,0.0,1.0,31101.0,1.0,20.0,0.0,1.0,0.1,2.0,0.0,0.0,0.0,2.0
26.0,5.0,0.0,0.0,0.0,0.0,0.0,0.0,0.0,0.0,0.0,0.0,-1.0,0.0,1.0,31101.0,1.0,20.0,0.0,1.0,0.1,2.0,0.0,0.0,0.0,2.0
26.0,5.0,0.0,0.0,0.0,0.0,0.0,0.0,0.0,0.0,0.0,0.0,-1.0,0.0,1.0,31101.0,1.0,20.0,0.0,1.0,0.1,2.0,0.052973,0.0,0.0,2.0
26.0,5.0,0.0,0.0,0.0,0.0,0.0,0.0,0.0,0.0,0.0,0.0,-1.0,0.0,1.0,31101.0,1.0,20.0,0.0,1.0,0.1,2.0,0.055972,0.0,0.0,2.0
26.0,5.0,0.0,0.0,0.0,0.0,0.0,0.0,0.0,0.0,0.0,0.0,-1.0,0.0,1.0,31101.0,1.0,20.0,0.0,1.0,0.1,2.0,0.056971,0.0,0.0,2.0
26.0,5.0,0.0,0.0,0.0,0.0,0.0,0.0,0.0,0.0,0.0,0.0,-1.0,0.0,1.0,31101.0,1.0,20.0,0.0,1.0,0.05,2.0,0.056971,0.0,0.0,2.0
26.0,5.0,0.0,0.0,0.0,0.0,0.0,0.0,0.0,0.0,0.0,0.0,-1.0,0.0,1.0,31101.0,1.0,20.0,0.0,1.0,0.05,2.0,0.056971,0.0,0.0,2.0
26.0,5.0,0.0,0.0,0.0,0.0,0.0,0.0,0.0,0.0,0.0,0.0,-1.0,0.0,1.0,31101.0,1.0,20.0,0.0,1.0,0.05,2.0,0.063968,0.0,0.0,2.0
26.0,5.0,0.0,0.0,0.0,0.0,0.0,0.0,0.0,0.0,0.0,0.0,-1.0,0.0,1.0,31101.0,1.0,20.0,0.0,1.0,0.05,2.0,0.063968,0.0,0.0,2.0
26.0,5.0,0.0,0.0,0.0,0.0,0.0,0.0,0.0,0.0,0.0,0.0,-1.0,0.0,1.0,31101.0,1.0,20.0,0.0,1.0,0.05,2.0,0.063968,0.0,0.0,2.0
26.0,5.0,0.0,0.0,0.0,0.0,0.0,0.0,0.0,0.0,0.0,0.0,-1.0,0.0,1.0,31101.0,1.0,20.0,0.0,1.0,0.05,2.0,0.063968,0.0,0.0,2.0
26.0,5.0,0.0,0.0,0.0,0.0,0.0,0.0,0.0,0.0,0.0,0.0,-1.0,0.0,1.0,31101.0,1.0,20.0,0.0,1.0,0.05,2.0,0.063968,0.0,0.0,2.0
56.0,10.0,0.0,0.0,0.0,0.0,0.0,0.0,0.0,0.0,0.0,0.0,0.0,0.0,1.0,31151.0,1.0,20.0,0.0,1.0,0.05,2.0,0.063968,0.0,0.0,0.0
26.0,5.0,0.0,0.0,0.0,0.0,0.0,0.0,0.0,0.0,0.0,0.0,-1.0,0.0,1.0,31101.0,1.0,20.0,0.0,1.0,0.1,2.0,0.0,0.0,0.0,2.0
26.0,5.0,0.0,0.0,0.0,0.0,0.0,0.0,0.0,0.0,0.0,0.0,-1.0,0.0,1.0,31101.0,1.0,20.0,0.0,1.0,0.1,2.0,0.0,0.0,0.0,2.0
26.0,5.0,0.0,0.0,0.0,0.0,0.0,0.0,0.0,0.0,0.0,0.0,-1.0,0.0,1.0,31101.0,1.0,20.0,0.0,1.0,0.1,2.0,0.0,0.0,0.0,2.0
26.0,5.0,0.0,0.0,0.0,0.0,0.0,0.0,0.0,0.0,0.0,0.0,-1.0,0.0,1.0,31101.0,1.0,20.0,0.0,1.0,0.1,2.0,0.0,0.0,0.0,2.0
26.0,5.0,0.0,0.0,0.0,0.0,0.0,0.0,0.0,0.0,0.0,0.0,-1.0,0.0,1.0,31101.0,1.0,20.0,0.0,1.0,0.1,2.0,0.0,0.0,0.0,2.0
26.0,5.0,0.0,0.0,0.0,0.0,0.0,0.0,0.0,0.0,0.0,0.0,-1.0,0.0,1.0,31101.0,1.0,20.0,0.0,1.0,0.1,2.0,0.0,0.0,0.0,2.0
26.0,5.0,0.0,0.0,0.0,0.0,0.0,0.0,0.0,0.0,0.0,0.0,-1.0,0.0,1.0,31101.0,1.0,20.0,0.0,1.0,0.05,2.0,0.0,0.0,0.0,2.0
26.0,5.0,0.0,0.0,0.0,0.0,0.0,0.0,0.0,0.0,0.0,0.0,-1.0,0.0,1.0,31101.0,1.0,20.0,0.0,1.0,0.05,2.0,0.0,0.0,0.0,2.0
26.0,5.0,0.0,0.0,0.0,0.0,0.0,0.0,0.0,0.0,0.0,0.0,-1.0,0.0,1.0,31101.0,1.0,20.0,0.0,1.0,0.05,2.0,0.0,0.0,0.0,2.0
26.0,5.0,0.0,0.0,0.0,0.0,0.0,0.0,0.0,0.0,0.0,0.0,-1.0,0.0,1.0,31101.0,1.0,20.0,0.0,1.0,0.05,2.0,0.0,0.0,0.0,2.0
26.0,5.0,0.0,0.0,0.0,0.0,0.0,0.0,0.0,0.0,0.0,0.0,-1.0,0.0,1.0,31101.0,1.0,20.0,0.0,1.0,0.05,2.0,0.0,0.0,0.0,2.0
26.0,5.0,0.0,0.0,0.0,0.0,0.0,0.0,0.0,0.0,0.0,0.0,-1.0,0.0,1.0,31101.0,1.0,20.0,0.0,1.0,0.05,2.0,0.0,0.0,0.0,2.0
26.0,5.0,0.0,0.0,0.0,0.0,0.0,0.0,0.0,0.0,0.0,0.0,-1.0,0.0,1.0,31101.0,1.0,20.0,0.0,1.0,0.05,2.0,0.0,0.0,0.0,2.0
56.0,10.0,0.0,0.0,0.0,0.0,0.0,0.0,0.0,0.0,0.0,0.0,0.0,0.0,1.0,31151.0,1.0,20.0,0.0,1.0,0.05,2.0,0.0,0.0,0.0,0.0
26.0,5.0,0.0,0.0,0.0,0.0,0.0,0.0,0.0,0.0,0.0,0.0,-1.0,0.0,1.0,31101.0,1.0,20.0,0.0,1.0,0.1,2.0,0.0,0.0,0.0,2.0
26.0,5.0,0.0,0.0,0.0,0.0,0.0,0.0,0.0,0.0,0.0,0.0,-1.0,0.0,1.0,31101.0,1.0,20.0,0.0,1.0,0.1,2.0,0.0,0.0,0.0,2.0
26.0,5.0,0.0,0.0,0.0,0.0,0.0,0.0,0.0,0.0,0.0,0.0,-1.0,0.0,1.0,31101.0,1.0,20.0,0.0,1.0,0.1,2.0,0.0,0.0,0.0,2.0
26.0,5.0,0.0,0.0,0.0,0.0,0.0,0.0,0.0,0.0,0.0,0.0,-1.0,0.0,1.0,31101.0,1.0,20.0,0.0,1.0,0.1,2.0,0.0,0.0,0.0,2.0
26.0,5.0,0.0,0.0,0.0,0.0,0.0,0.0,0.0,0.0,0.0,0.0,-1.0,0.0,1.0,31101.0,1.0,20.0,0.0,1.0,0.1,2.0,0.0,0.0,0.0,2.0
26.0,5.0,0.0,0.0,0.0,0.0,0.0,0.0,0.0,0.0,0.0,0.0,-1.0,0.0,1.0,31101.0,1.0,20.0,0.0,1.0,0.1,2.0,0.0,0.0,0.0,2.0
26.0,5.0,0.0,0.0,0.0,0.0,0.0,0.0,0.0,0.0,0.0,0.0,-1.0,0.0,1.0,31101.0,1.0,20.0,0.0,1.0,0.05,2.0,0.0,0.0,0.0,2.0
26.0,5.0,0.0,0.0,0.0,0.0,0.0,0.0,0.0,0.0,0.0,0.0,-1.0,0.0,1.0,31101.0,1.0,20.0,0.0,1.0,0.05,2.0,0.0,0.0,0.0,2.0
26.0,5.0,0.0,0.0,0.0,0.0,0.0,0.0,0.0,0.0,0.0,0.0,-1.0,0.0,1.0,31101.0,1.0,20.0,0.0,1.0,0.05,2.0,0.052973,0.0,0.0,2.0
26.0,5.0,0.0,0.0,0.0,0.0,0.0,0.0,0.0,0.0,0.0,0.0,-1.0,0.0,1.0,31101.0,1.0,20.0,0.0,1.0,0.05,2.0,0.053973,0.0,0.0,2.0
26.0,5.0,0.0,0.0,0.0,0.0,0.0,0.0,0.0,0.0,0.0,0.0,-1.0,0.0,1.0,31101.0,1.0,20.0,0.0,1.0,0.05,2.0,0.053973,0.0,0.0,2.0
26.0,5.0,0.0,0.0,0.0,0.0,0.0,0.0,0.0,0.0,0.0,0.0,-1.0,0.0,1.0,31101.0,1.0,20.0,0.0,1.0,0.05,2.0,0.055972,0.0,0.0,2.0
56.0,10.0,0.0,0.0,0.0,0.0,0.0,0.0,0.0,0.0,0.0,0.0,0.0,0.0,1.0,31151.0,1.0,20.0,0.0,1.0,0.05,2.0,0.057971,0.0,0.0,0.0
26.0,5.0,0.0,0.0,0.0,0.0,0.0,0.0,0.0,0.0,0.0,0.0,-1.0,0.0,1.0,31101.0,1.0,20.0,0.0,1.0,0.1,2.0,0.001999,0.0,0.0,2.0
26.0,5.0,0.0,0.0,0.0,0.0,0.0,0.0,0.0,0.0,0.0,0.0,-1.0,0.0,1.0,31101.0,1.0,20.0,0.0,1.0,0.1,2.0,0.002998,0.0,0.0,2.0
26.0,5.0,0.0,0.0,0.0,0.0,0.0,0.0,0.0,0.0,0.0,0.0,-1.0,0.0,1.0,31101.0,1.0,20.0,0.0,1.0,0.1,2.0,0.003998,0.0,0.0,2.0
26.0,5.0,0.0,0.0,0.0,0.0,0.0,0.0,0.0,0.0,0.0,0.0,-1.0,0.0,1.0,31101.0,1.0,20.0,0.0,1.0,0.1,2.0,0.006996,0.0,0.0,2.0
26.0,5.0,0.0,0.0,0.0,0.0,0.0,0.0,0.0,0.0,0.0,0.0,-1.0,0.0,1.0,31101.0,1.0,20.0,0.0,1.0,0.1,2.0,0.006996,0.0,0.0,2.0
26.0,5.0,0.0,0.0,0.0,0.0,0.0,0.0,0.0,0.0,0.0,0.0,-1.0,0.0,1.0,31101.0,1.0,20.0,0.0,1.0,0.1,2.0,0.006996,0.0,0.0,2.0
26.0,5.0,0.0,0.0,0.0,0.0,0.0,0.0,0.0,0.0,0.0,0.0,-1.0,0.0,1.0,31101.0,1.0,20.0,0.0,1.0,0.1,2.0,0.014992,0.0,0.0,2.0
26.0,5.0,0.0,0.0,0.0,0.0,0.0,0.0,0.0,0.0,0.0,0.0,-1.0,0.0,1.0,31101.0,1.0,20.0,0.0,1.0,0.05,2.0,0.016991,0.0,0.0,2.0
26.0,5.0,0.0,0.0,0.0,0.0,0.0,0.0,0.0,0.0,0.0,0.0,-1.0,0.0,1.0,31101.0,1.0,20.0,0.0,1.0,0.05,2.0,0.017991,0.0,0.0,2.0
26.0,5.0,0.0,0.0,0.0,0.0,0.0,0.0,0.0,0.0,0.0,0.0,-1.0,0.0,1.0,31101.0,1.0,20.0,0.0,1.0,0.05,2.0,0.020989,0.0,0.0,2.0
26.0,5.0,0.0,0.0,0.0,0.0,0.0,0.0,0.0,0.0,0.0,0.0,-1.0,0.0,1.0,31101.0,1.0,20.0,0.0,1.0,0.05,2.0,0.021989,0.0,0.0,2.0
26.0,5.0,0.0,0.0,0.0,0.0,0.0,0.0,0.0,0.0,0.0,0.0,-1.0,0.0,1.0,31101.0,1.0,20.0,0.0,1.0,0.05,2.0,0.021989,0.0,0.0,2.0
26.0,5.0,0.0,0.0,0.0,0.0,0.0,0.0,0.0,0.0,0.0,0.0,-1.0,0.0,1.0,31101.0,1.0,20.0,0.0,1.0,0.05,2.0,0.022988,0.0,0.0,2.0
56.0,10.0,0.0,0.0,0.0,0.0,0.0,0.0,0.0,0.0,0.0,0.0,0.0,0.0,1.0,31151.0,1.0,20.0,0.0,1.0,0.05,2.0,0.024987,0.0,0.0,0.0
26.0,5.0,0.0,0.0,0.0,0.0,0.0,0.0,0.0,0.0,0.0,0.0,-1.0,0.0,1.0,31101.0,1.0,20.0,0.0,1.0,0.1,2.0,0.001999,0.0,0.0,2.0
26.0,5.0,0.0,0.0,0.0,0.0,0.0,0.0,0.0,0.0,0.0,0.0,-1.0,0.0,1.0,31101.0,1.0,20.0,0.0,1.0,0.1,2.0,0.001999,0.0,0.0,2.0
26.0,5.0,0.0,0.0,0.0,0.0,0.0,0.0,0.0,0.0,0.0,0.0,-1.0,0.0,1.0,31101.0,1.0,20.0,0.0,1.0,0.1,2.0,0.005997,0.0,0.0,2.0
26.0,5.0,0.0,0.0,0.0,0.0,0.0,0.0,0.0,0.0,0.0,0.0,-1.0,0.0,1.0,31101.0,1.0,20.0,0.0,1.0,0.1,2.0,0.007996,0.0,0.0,2.0
26.0,5.0,0.0,0.0,0.0,0.0,0.0,0.0,0.0,0.0,0.0,0.0,-1.0,0.0,1.0,31101.0,1.0,20.0,0.0,1.0,0.1,2.0,0.007996,0.0,0.0,2.0
26.0,5.0,0.0,0.0,0.0,0.0,0.0,0.0,0.0,0.0,0.0,0.0,-1.0,0.0,1.0,31101.0,1.0,20.0,0.0,1.0,0.1,2.0,0.013993,0.0,0.0,2.0
26.0,5.0,0.0,0.0,0.0,0.0,0.0,0.0,0.0,0.0,0.0,0.0,-1.0,0.0,1.0,31101.0,1.0,20.0,0.0,1.0,0.05,2.0,0.014993,0.0,0.0,2.0
26.0,5.0,0.0,0.0,0.0,0.0,0.0,0.0,0.0,0.0,0.0,0.0,-1.0,0.0,1.0,31101.0,1.0,20.0,0.0,1.0,0.05,2.0,0.014993,0.0,0.0,2.0
26.0,5.0,0.0,0.0,0.0,0.0,0.0,0.0,0.0,0.0,0.0,0.0,-1.0,0.0,1.0,31101.0,1.0,20.0,0.0,1.0,0.05,2.0,0.016992,0.0,0.0,2.0
26.0,5.0,0.0,0.0,0.0,0.0,0.0,0.0,0.0,0.0,0.0,0.0,-1.0,0.0,1.0,31101.0,1.0,20.0,0.0,1.0,0.05,2.0,0.016992,0.0,0.0,2.0
26.0,5.0,0.0,0.0,0.0,0.0,0.0,0.0,0.0,0.0,0.0,0.0,-1.0,0.0,1.0,31101.0,1.0,20.0,0.0,1.0,0.05,2.0,0.023988,0.0,0.0,2.0
26.0,5.0,0.0,0.0,0.0,0.0,0.0,0.0,0.0,0.0,0.0,0.0,-1.0,0.0,1.0,31101.0,1.0,20.0,0.0,1.0,0.05,2.0,0.023988,0.0,0.0,2.0
26.0,5.0,0.0,0.0,0.0,0.0,0.0,0.0,0.0,0.0,0.0,0.0,-1.0,0.0,1.0,31101.0,1.0,20.0,0.0,1.0,0.05,2.0,0.025987,0.0,0.0,2.0
56.0,10.0,0.0,0.0,0.0,0.0,0.0,0.0,0.0,0.0,0.0,0.0,0.0,0.0,1.0,31151.0,1.0,20.0,0.0,1.0,0.05,2.0,0.025987,0.0,0.0,0.0
26.0,5.0,0.0,0.0,0.0,0.0,0.0,0.0,0.0,0.0,0.0,0.0,-1.0,0.0,1.0,31101.0,1.0,20.0,0.0,1.0,0.1,2.0,0.0,0.0,0.0,2.0
26.0,5.0,0.0,0.0,0.0,0.0,0.0,0.0,0.0,0.0,0.0,0.0,-1.0,0.0,1.0,31101.0,1.0,20.0,0.0,1.0,0.1,2.0,0.005997,0.0,0.0,2.0
26.0,5.0,0.0,0.0,0.0,0.0,0.0,0.0,0.0,0.0,0.0,0.0,-1.0,0.0,1.0,31101.0,1.0,20.0,0.0,1.0,0.1,2.0,0.005997,0.0,0.0,2.0
26.0,5.0,0.0,0.0,0.0,0.0,0.0,0.0,0.0,0.0,0.0,0.0,-1.0,0.0,1.0,31101.0,1.0,20.0,0.0,1.0,0.1,2.0,0.007996,0.0,0.0,2.0
26.0,5.0,0.0,0.0,0.0,0.0,0.0,0.0,0.0,0.0,0.0,0.0,-1.0,0.0,1.0,31101.0,1.0,20.0,0.0,1.0,0.1,2.0,0.008996,0.0,0.0,2.0
26.0,5.0,0.0,0.0,0.0,0.0,0.0,0.0,0.0,0.0,0.0,0.0,-1.0,0.0,1.0,31101.0,1.0,20.0,0.0,1.0,0.1,2.0,0.014993,0.0,0.0,2.0
26.0,5.0,0.0,0.0,0.0,0.0,0.0,0.0,0.0,0.0,0.0,0.0,-1.0,0.0,1.0,31101.0,1.0,20.0,0.0,1.0,0.05,2.0,0.014993,0.0,0.0,2.0
26.0,5.0,0.0,0.0,0.0,0.0,0.0,0.0,0.0,0.0,0.0,0.0,-1.0,0.0,1.0,31101.0,1.0,20.0,0.0,1.0,0.05,2.0,0.016992,0.0,0.0,2.0
26.0,5.0,0.0,0.0,0.0,0.0,0.0,0.0,0.0,0.0,0.0,0.0,-1.0,0.0,1.0,31101.0,1.0,20.0,0.0,1.0,0.05,2.0,0.016992,0.0,0.0,2.0
26.0,5.0,0.0,0.0,0.0,0.0,0.0,0.0,0.0,0.0,0.0,0.0,-1.0,0.0,1.0,31101.0,1.0,20.0,0.0,1.0,0.05,2.0,0.017991,0.0,0.0,2.0
26.0,5.0,0.0,0.0,0.0,0.0,0.0,0.0,0.0,0.0,0.0,0.0,-1.0,0.0,1.0,31101.0,1.0,20.0,0.0,1.0,0.05,2.0,0.017991,0.0,0.0,2.0
26.0,5.0,0.0,0.0,0.0,0.0,0.0,0.0,0.0,0.0,0.0,0.0,-1.0,0.0,1.0,31101.0,1.0,20.0,0.0,1.0,0.05,2.0,0.021989,0.0,0.0,2.0
26.0,5.0,0.0,0.0,0.0,0.0,0.0,0.0,0.0,0.0,0.0,0.0,-1.0,0.0,1.0,31101.0,1.0,20.0,0.0,1.0,0.05,2.0,0.022989,0.0,0.0,2.0
56.0,10.0,0.0,0.0,0.0,0.0,0.0,0.0,0.0,0.0,0.0,0.0,0.0,0.0,1.0,31151.0,1.0,20.0,0.0,1.0,0.05,2.0,0.024988,0.0,0.0,0.0
26.0,5.0,0.0,0.0,0.0,0.0,0.0,0.0,0.0,0.0,0.0,0.0,-1.0,0.0,1.0,31101.0,1.0,20.0,0.0,1.0,0.1,2.0,0.0,0.0,0.0,2.0
26.0,5.0,0.0,0.0,0.0,0.0,0.0,0.0,0.0,0.0,0.0,0.0,-1.0,0.0,1.0,31101.0,1.0,20.0,0.0,1.0,0.1,2.0,0.0,0.0,0.0,2.0
26.0,5.0,0.0,0.0,0.0,0.0,0.0,0.0,0.0,0.0,0.0,0.0,-1.0,0.0,1.0,31101.0,1.0,20.0,0.0,1.0,0.1,2.0,0.005997,0.0,0.0,2.0
26.0,5.0,0.0,0.0,0.0,0.0,0.0,0.0,0.0,0.0,0.0,0.0,-1.0,0.0,1.0,31101.0,1.0,20.0,0.0,1.0,0.1,2.0,0.006996,0.0,0.0,2.0
26.0,5.0,0.0,0.0,0.0,0.0,0.0,0.0,0.0,0.0,0.0,0.0,-1.0,0.0,1.0,31101.0,1.0,20.0,0.0,1.0,0.1,2.0,0.008995,0.0,0.0,2.0
26.0,5.0,0.0,0.0,0.0,0.0,0.0,0.0,0.0,0.0,0.0,0.0,-1.0,0.0,1.0,31101.0,1.0,20.0,0.0,1.0,0.1,2.0,0.008995,0.0,0.0,2.0
26.0,5.0,0.0,0.0,0.0,0.0,0.0,0.0,0.0,0.0,0.0,0.0,-1.0,0.0,1.0,31101.0,1.0,20.0,0.0,1.0,0.05,2.0,0.014992,0.0,0.0,2.0
26.0,5.0,0.0,0.0,0.0,0.0,0.0,0.0,0.0,0.0,0.0,0.0,-1.0,0.0,1.0,31101.0,1.0,20.0,0.0,1.0,0.05,2.0,0.014992,0.0,0.0,2.0
26.0,5.0,0.0,0.0,0.0,0.0,0.0,0.0,0.0,0.0,0.0,0.0,-1.0,0.0,1.0,31101.0,1.0,20.0,0.0,1.0,0.05,2.0,0.014992,0.0,0.0,2.0
26.0,5.0,0.0,0.0,0.0,0.0,0.0,0.0,0.0,0.0,0.0,0.0,-1.0,0.0,1.0,31101.0,1.0,20.0,0.0,1.0,0.05,2.0,0.014992,0.0,0.0,2.0
26.0,5.0,0.0,0.0,0.0,0.0,0.0,0.0,0.0,0.0,0.0,0.0,-1.0,0.0,1.0,31101.0,1.0,20.0,0.0,1.0,0.05,2.0,0.014992,0.0,0.0,2.0
26.0,5.0,0.0,0.0,0.0,0.0,0.0,0.0,0.0,0.0,0.0,0.0,-1.0,0.0,1.0,31101.0,1.0,20.0,0.0,1.0,0.05,2.0,0.017991,0.0,0.0,2.0
26.0,5.0,0.0,0.0,0.0,0.0,0.0,0.0,0.0,0.0,0.0,0.0,-1.0,0.0,1.0,31101.0,1.0,20.0,0.0,1.0,0.05,2.0,0.017991,0.0,0.0,2.0
56.0,10.0,0.0,0.0,0.0,0.0,0.0,0.0,0.0,0.0,0.0,0.0,0.0,0.0,1.0,31151.0,1.0,20.0,0.0,1.0,0.05,2.0,0.023988,0.0,0.0,0.0
26.0,5.0,0.0,0.0,0.0,0.0,0.0,0.0,0.0,0.0,0.0,0.0,-1.0,0.0,1.0,31101.0,1.0,20.0,0.0,1.0,0.1,2.0,0.001999,0.0,0.0,2.0
26.0,5.0,0.0,0.0,0.0,0.0,0.0,0.0,0.0,0.0,0.0,0.0,-1.0,0.0,1.0,31101.0,1.0,20.0,0.0,1.0,0.1,2.0,0.001999,0.0,0.0,2.0
26.0,5.0,0.0,0.0,0.0,0.0,0.0,0.0,0.0,0.0,0.0,0.0,-1.0,0.0,1.0,31101.0,1.0,20.0,0.0,1.0,0.1,2.0,0.002998,0.0,0.0,2.0
26.0,5.0,0.0,0.0,0.0,0.0,0.0,0.0,0.0,0.0,0.0,0.0,-1.0,0.0,1.0,31101.0,1.0,20.0,0.0,1.0,0.1,2.0,0.002998,0.0,0.0,2.0
26.0,5.0,0.0,0.0,0.0,0.0,0.0,0.0,0.0,0.0,0.0,0.0,-1.0,0.0,1.0,31101.0,1.0,20.0,0.0,1.0,0.1,2.0,0.002998,0.0,0.0,2.0
26.0,5.0,0.0,0.0,0.0,0.0,0.0,0.0,0.0,0.0,0.0,0.0,-1.0,0.0,1.0,31101.0,1.0,20.0,0.0,1.0,0.1,2.0,0.008995,0.0,0.0,2.0
26.0,5.0,0.0,0.0,0.0,0.0,0.0,0.0,0.0,0.0,0.0,0.0,-1.0,0.0,1.0,31101.0,1.0,20.0,0.0,1.0,0.05,2.0,0.010994,0.0,0.0,2.0
26.0,5.0,0.0,0.0,0.0,0.0,0.0,0.0,0.0,0.0,0.0,0.0,-1.0,0.0,1.0,31101.0,1.0,20.0,0.0,1.0,0.05,2.0,0.011994,0.0,0.0,2.0
26.0,5.0,0.0,0.0,0.0,0.0,0.0,0.0,0.0,0.0,0.0,0.0,-1.0,0.0,1.0,31101.0,1.0,20.0,0.0,1.0,0.05,2.0,0.011994,0.0,0.0,2.0
26.0,5.0,0.0,0.0,0.0,0.0,0.0,0.0,0.0,0.0,0.0,0.0,-1.0,0.0,1.0,31101.0,1.0,20.0,0.0,1.0,0.05,2.0,0.015992,0.0,0.0,2.0
26.0,5.0,0.0,0.0,0.0,0.0,0.0,0.0,0.0,0.0,0.0,0.0,-1.0,0.0,1.0,31101.0,1.0,20.0,0.0,1.0,0.05,2.0,0.016991,0.0,0.0,2.0
26.0,5.0,0.0,0.0,0.0,0.0,0.0,0.0,0.0,0.0,0.0,0.0,-1.0,0.0,1.0,31101.0,1.0,20.0,0.0,1.0,0.05,2.0,0.01899,0.0,0.0,2.0
26.0,5.0,0.0,0.0,0.0,0.0,0.0,0.0,0.0,0.0,0.0,0.0,-1.0,0.0,1.0,31101.0,1.0,20.0,0.0,1.0,0.05,2.0,0.01899,0.0,0.0,2.0
56.0,10.0,0.0,0.0,0.0,0.0,0.0,0.0,0.0,0.0,0.0,0.0,0.0,0.0,1.0,31151.0,1.0,20.0,0.0,1.0,0.05,2.0,0.01899,0.0,0.0,0.0
26.0,5.0,0.0,0.0,0.0,0.0,0.0,0.0,0.0,0.0,0.0,0.0,-1.0,0.0,1.0,31101.0,1.0,20.0,0.0,1.0,0.1,2.0,0.005997,0.0,0.0,2.0
26.0,5.0,0.0,0.0,0.0,0.0,0.0,0.0,0.0,0.0,0.0,0.0,-1.0,0.0,1.0,31101.0,1.0,20.0,0.0,1.0,0.1,2.0,0.005997,0.0,0.0,2.0
26.0,5.0,0.0,0.0,0.0,0.0,0.0,0.0,0.0,0.0,0.0,0.0,-1.0,0.0,1.0,31101.0,1.0,20.0,0.0,1.0,0.1,2.0,0.005997,0.0,0.0,2.0
26.0,5.0,0.0,0.0,0.0,0.0,0.0,0.0,0.0,0.0,0.0,0.0,-1.0,0.0,1.0,31101.0,1.0,20.0,0.0,1.0,0.1,2.0,0.008996,0.0,0.0,2.0
26.0,5.0,0.0,0.0,0.0,0.0,0.0,0.0,0.0,0.0,0.0,0.0,-1.0,0.0,1.0,31101.0,1.0,20.0,0.0,1.0,0.1,2.0,0.008996,0.0,0.0,2.0
26.0,5.0,0.0,0.0,0.0,0.0,0.0,0.0,0.0,0.0,0.0,0.0,-1.0,0.0,1.0,31101.0,1.0,20.0,0.0,1.0,0.1,2.0,0.008996,0.0,0.0,2.0
26.0,5.0,0.0,0.0,0.0,0.0,0.0,0.0,0.0,0.0,0.0,0.0,-1.0,0.0,1.0,31101.0,1.0,20.0,0.0,1.0,0.05,2.0,0.010995,0.0,0.0,2.0
26.0,5.0,0.0,0.0,0.0,0.0,0.0,0.0,0.0,0.0,0.0,0.0,-1.0,0.0,1.0,31101.0,1.0,20.0,0.0,1.0,0.05,2.0,0.011994,0.0,0.0,2.0
26.0,5.0,0.0,0.0,0.0,0.0,0.0,0.0,0.0,0.0,0.0,0.0,-1.0,0.0,1.0,31101.0,1.0,20.0,0.0,1.0,0.05,2.0,0.013993,0.0,0.0,2.0
26.0,5.0,0.0,0.0,0.0,0.0,0.0,0.0,0.0,0.0,0.0,0.0,-1.0,0.0,1.0,31101.0,1.0,20.0,0.0,1.0,0.05,2.0,0.014993,0.0,0.0,2.0
26.0,5.0,0.0,0.0,0.0,0.0,0.0,0.0,0.0,0.0,0.0,0.0,-1.0,0.0,1.0,31101.0,1.0,20.0,0.0,1.0,0.05,2.0,0.016992,0.0,0.0,2.0
26.0,5.0,0.0,0.0,0.0,0.0,0.0,0.0,0.0,0.0,0.0,0.0,-1.0,0.0,1.0,31101.0,1.0,20.0,0.0,1.0,0.05,2.0,0.017991,0.0,0.0,2.0
26.0,5.0,0.0,0.0,0.0,0.0,0.0,0.0,0.0,0.0,0.0,0.0,-1.0,0.0,1.0,31101.0,1.0,20.0,0.0,1.0,0.05,2.0,0.017991,0.0,0.0,2.0
56.0,10.0,0.0,0.0,0.0,0.0,0.0,0.0,0.0,0.0,0.0,0.0,0.0,0.0,1.0,31151.0,1.0,20.0,0.0,1.0,0.05,2.0,0.01999,0.0,0.0,0.0
26.0,5.0,0.0,0.0,0.0,0.0,0.0,0.0,0.0,0.0,0.0,0.0,-1.0,0.0,1.0,31101.0,1.0,20.0,0.0,1.0,0.1,2.0,0.0,0.0,0.0,2.0
26.0,5.0,0.0,0.0,0.0,0.0,0.0,0.0,0.0,0.0,0.0,0.0,-1.0,0.0,1.0,31101.0,1.0,20.0,0.0,1.0,0.1,2.0,0.0,0.0,0.0,2.0
26.0,5.0,0.0,0.0,0.0,0.0,0.0,0.0,0.0,0.0,0.0,0.0,-1.0,0.0,1.0,31101.0,1.0,20.0,0.0,1.0,0.1,2.0,0.005997,0.0,0.0,2.0
26.0,5.0,0.0,0.0,0.0,0.0,0.0,0.0,0.0,0.0,0.0,0.0,-1.0,0.0,1.0,31101.0,1.0,20.0,0.0,1.0,0.1,2.0,0.005997,0.0,0.0,2.0
26.0,5.0,0.0,0.0,0.0,0.0,0.0,0.0,0.0,0.0,0.0,0.0,-1.0,0.0,1.0,31101.0,1.0,20.0,0.0,1.0,0.1,2.0,0.007996,0.0,0.0,2.0
26.0,5.0,0.0,0.0,0.0,0.0,0.0,0.0,0.0,0.0,0.0,0.0,-1.0,0.0,1.0,31101.0,1.0,20.0,0.0,1.0,0.1,2.0,0.008996,0.0,0.0,2.0
26.0,5.0,0.0,0.0,0.0,0.0,0.0,0.0,0.0,0.0,0.0,0.0,-1.0,0.0,1.0,31101.0,1.0,20.0,0.0,1.0,0.05,2.0,0.008996,0.0,0.0,2.0
26.0,5.0,0.0,0.0,0.0,0.0,0.0,0.0,0.0,0.0,0.0,0.0,-1.0,0.0,1.0,31101.0,1.0,20.0,0.0,1.0,0.05,2.0,0.010995,0.0,0.0,2.0
26.0,5.0,0.0,0.0,0.0,0.0,0.0,0.0,0.0,0.0,0.0,0.0,-1.0,0.0,1.0,31101.0,1.0,20.0,0.0,1.0,0.05,2.0,0.010995,0.0,0.0,2.0
26.0,5.0,0.0,0.0,0.0,0.0,0.0,0.0,0.0,0.0,0.0,0.0,-1.0,0.0,1.0,31101.0,1.0,20.0,0.0,1.0,0.05,2.0,0.012994,0.0,0.0,2.0
26.0,5.0,0.0,0.0,0.0,0.0,0.0,0.0,0.0,0.0,0.0,0.0,-1.0,0.0,1.0,31101.0,1.0,20.0,0.0,1.0,0.05,2.0,0.012994,0.0,0.0,2.0
26.0,5.0,0.0,0.0,0.0,0.0,0.0,0.0,0.0,0.0,0.0,0.0,-1.0,0.0,1.0,31101.0,1.0,20.0,0.0,1.0,0.05,2.0,0.012994,0.0,0.0,2.0
26.0,5.0,0.0,0.0,0.0,0.0,0.0,0.0,0.0,0.0,0.0,0.0,-1.0,0.0,1.0,31101.0,1.0,20.0,0.0,1.0,0.05,2.0,0.013993,0.0,0.0,2.0
56.0,10.0,0.0,0.0,0.0,0.0,0.0,0.0,0.0,0.0,0.0,0.0,0.0,0.0,1.0,31151.0,1.0,20.0,0.0,1.0,0.05,2.0,0.013993,0.0,0.0,0.0
26.0,5.0,0.0,0.0,0.0,0.0,0.0,0.0,0.0,0.0,0.0,0.0,-1.0,0.0,1.0,31101.0,1.0,20.0,0.0,1.0,0.1,2.0,0.0,0.0,0.0,2.0
26.0,5.0,0.0,0.0,0.0,0.0,0.0,0.0,0.0,0.0,0.0,0.0,-1.0,0.0,1.0,31101.0,1.0,20.0,0.0,1.0,0.1,2.0,0.0,0.0,0.0,2.0
26.0,5.0,0.0,0.0,0.0,0.0,0.0,0.0,0.0,0.0,0.0,0.0,-1.0,0.0,1.0,31101.0,1.0,20.0,0.0,1.0,0.1,2.0,0.005997,0.0,0.0,2.0
26.0,5.0,0.0,0.0,0.0,0.0,0.0,0.0,0.0,0.0,0.0,0.0,-1.0,0.0,1.0,31101.0,1.0,20.0,0.0,1.0,0.1,2.0,0.005997,0.0,0.0,2.0
26.0,5.0,0.0,0.0,0.0,0.0,0.0,0.0,0.0,0.0,0.0,0.0,-1.0,0.0,1.0,31101.0,1.0,20.0,0.0,1.0,0.1,2.0,0.005997,0.0,0.0,2.0
26.0,5.0,0.0,0.0,0.0,0.0,0.0,0.0,0.0,0.0,0.0,0.0,-1.0,0.0,1.0,31101.0,1.0,20.0,0.0,1.0,0.1,2.0,0.005997,0.0,0.0,2.0
26.0,5.0,0.0,0.0,0.0,0.0,0.0,0.0,0.0,0.0,0.0,0.0,-1.0,0.0,1.0,31101.0,1.0,20.0,0.0,1.0,0.05,2.0,0.005997,0.0,0.0,2.0
26.0,5.0,0.0,0.0,0.0,0.0,0.0,0.0,0.0,0.0,0.0,0.0,-1.0,0.0,1.0,31101.0,1.0,20.0,0.0,1.0,0.05,2.0,0.005997,0.0,0.0,2.0
26.0,5.0,0.0,0.0,0.0,0.0,0.0,0.0,0.0,0.0,0.0,0.0,-1.0,0.0,1.0,31101.0,1.0,20.0,0.0,1.0,0.05,2.0,0.005997,0.0,0.0,2.0
26.0,5.0,0.0,0.0,0.0,0.0,0.0,0.0,0.0,0.0,0.0,0.0,-1.0,0.0,1.0,31101.0,1.0,20.0,0.0,1.0,0.05,2.0,0.005997,0.0,0.0,2.0
26.0,5.0,0.0,0.0,0.0,0.0,0.0,0.0,0.0,0.0,0.0,0.0,-1.0,0.0,1.0,31101.0,1.0,20.0,0.0,1.0,0.05,2.0,0.005997,0.0,0.0,2.0
26.0,5.0,0.0,0.0,0.0,0.0,0.0,0.0,0.0,0.0,0.0,0.0,-1.0,0.0,1.0,31101.0,1.0,20.0,0.0,1.0,0.05,2.0,0.005997,0.0,0.0,2.0
26.0,5.0,0.0,0.0,0.0,0.0,0.0,0.0,0.0,0.0,0.0,0.0,-1.0,0.0,1.0,31101.0,1.0,20.0,0.0,1.0,0.05,2.0,0.005997,0.0,0.0,2.0
56.0,10.0,0.0,0.0,0.0,0.0,0.0,0.0,0.0,0.0,0.0,0.0,0.0,0.0,1.0,31151.0,1.0,20.0,0.0,1.0,0.05,2.0,0.005997,0.0,0.0,0.0
26.0,5.0,0.0,0.0,0.0,0.0,0.0,0.0,0.0,0.0,0.0,0.0,-1.0,0.0,1.0,31101.0,1.0,20.0,0.0,1.0,0.1,2.0,0.0,0.0,0.0,2.0
26.0,5.0,0.0,0.0,0.0,0.0,0.0,0.0,0.0,0.0,0.0,0.0,-1.0,0.0,1.0,31101.0,1.0,20.0,0.0,1.0,0.1,2.0,0.0,0.0,0.0,2.0
26.0,5.0,0.0,0.0,0.0,0.0,0.0,0.0,0.0,0.0,0.0,0.0,-1.0,0.0,1.0,31101.0,1.0,20.0,0.0,1.0,0.1,2.0,0.0,0.0,0.0,2.0
26.0,5.0,0.0,0.0,0.0,0.0,0.0,0.0,0.0,0.0,0.0,0.0,-1.0,0.0,1.0,31101.0,1.0,20.0,0.0,1.0,0.1,2.0,0.0,0.0,0.0,2.0
26.0,5.0,0.0,0.0,0.0,0.0,0.0,0.0,0.0,0.0,0.0,0.0,-1.0,0.0,1.0,31101.0,1.0,20.0,0.0,1.0,0.1,2.0,0.0,0.0,0.0,2.0
26.0,5.0,0.0,0.0,0.0,0.0,0.0,0.0,0.0,0.0,0.0,0.0,-1.0,0.0,1.0,31101.0,1.0,20.0,0.0,1.0,0.1,2.0,0.0,0.0,0.0,2.0
26.0,5.0,0.0,0.0,0.0,0.0,0.0,0.0,0.0,0.0,0.0,0.0,-1.0,0.0,1.0,31101.0,1.0,20.0,0.0,1.0,0.05,2.0,0.0,0.0,0.0,2.0
26.0,5.0,0.0,0.0,0.0,0.0,0.0,0.0,0.0,0.0,0.0,0.0,-1.0,0.0,1.0,31101.0,1.0,20.0,0.0,1.0,0.05,2.0,0.0,0.0,0.0,2.0
26.0,5.0,0.0,0.0,0.0,0.0,0.0,0.0,0.0,0.0,0.0,0.0,-1.0,0.0,1.0,31101.0,1.0,20.0,0.0,1.0,0.05,2.0,0.004998,0.0,0.0,2.0
26.0,5.0,0.0,0.0,0.0,0.0,0.0,0.0,0.0,0.0,0.0,0.0,-1.0,0.0,1.0,31101.0,1.0,20.0,0.0,1.0,0.05,2.0,0.005997,0.0,0.0,2.0
26.0,5.0,0.0,0.0,0.0,0.0,0.0,0.0,0.0,0.0,0.0,0.0,-1.0,0.0,1.0,31101.0,1.0,20.0,0.0,1.0,0.05,2.0,0.005997,0.0,0.0,2.0
26.0,5.0,0.0,0.0,0.0,0.0,0.0,0.0,0.0,0.0,0.0,0.0,-1.0,0.0,1.0,31101.0,1.0,20.0,0.0,1.0,0.05,2.0,0.005997,0.0,0.0,2.0
26.0,5.0,0.0,0.0,0.0,0.0,0.0,0.0,0.0,0.0,0.0,0.0,-1.0,0.0,1.0,31101.0,1.0,20.0,0.0,1.0,0.05,2.0,0.005997,0.0,0.0,2.0
26.0,5.0,0.0,0.0,0.0,0.0,0.0,0.0,0.0,0.0,0.0,0.0,-1.0,0.0,1.0,31101.0,1.0,20.0,0.0,1.0,0.05,2.0,0.005997,0.0,0.0,2.0
26.0,5.0,0.0,0.0,0.0,0.0,0.0,0.0,0.0,0.0,0.0,0.0,-1.0,0.0,1.0,31101.0,1.0,20.0,0.0,1.0,0.05,2.0,0.278861,0.0,0.0,2.0
26.0,5.0,0.0,0.0,0.0,0.0,0.0,0.0,0.0,0.0,0.0,0.0,-1.0,0.0,1.0,31101.0,1.0,20.0,0.0,1.0,0.05,2.0,0.278861,0.0,0.0,2.0
26.0,5.0,0.0,0.0,0.0,0.0,0.0,0.0,0.0,0.0,0.0,0.0,-1.0,0.0,1.0,31101.0,1.0,20.0,0.0,1.0,0.05,2.0,0.278861,0.0,0.0,2.0
26.0,5.0,0.0,0.0,0.0,0.0,0.0,0.0,0.0,0.0,0.0,0.0,-1.0,0.0,1.0,31101.0,1.0,20.0,0.0,1.0,0.05,2.0,0.344828,0.0,0.0,2.0
26.0,5.0,0.0,0.0,0.0,0.0,0.0,0.0,0.0,0.0,0.0,0.0,-1.0,0.0,1.0,31101.0,1.0,20.0,0.0,1.0,0.05,2.0,0.344828,0.0,0.0,2.0
26.0,5.0,0.0,0.0,0.0,0.0,0.0,0.0,0.0,0.0,0.0,0.0,-1.0,0.0,1.0,31101.0,1.0,20.0,0.0,1.0,0.05,2.0,0.350825,0.0,0.0,2.0
26.0,5.0,0.0,0.0,0.0,0.0,0.0,0.0,0.0,0.0,0.0,0.0,-1.0,0.0,1.0,31101.0,1.0,20.0,0.0,1.0,0.0,1.0,999.0,0.0,0.0,2.0
26.0,5.0,0.0,0.0,0.0,0.0,0.0,0.0,0.0,0.0,0.0,0.0,-1.0,0.0,1.0,31101.0,1.0,20.0,0.0,1.0,0.0,1.0,999.0,0.0,0.0,2.0
26.0,5.0,0.0,0.0,0.0,0.0,0.0,0.0,0.0,0.0,0.0,0.0,-1.0,0.0,1.0,31101.0,1.0,20.0,0.0,1.0,0.0,1.0,999.0,0.0,0.0,2.0
26.0,5.0,0.0,0.0,0.0,0.0,0.0,0.0,0.0,0.0,0.0,0.0,-1.0,0.0,1.0,31101.0,1.0,20.0,0.0,1.0,0.0,1.0,999.0,0.0,0.0,2.0
26.0,5.0,0.0,0.0,0.0,0.0,0.0,0.0,0.0,0.0,0.0,0.0,-1.0,0.0,1.0,31101.0,1.0,20.0,0.0,1.0,0.0,1.0,999.0,0.0,0.0,2.0
26.0,5.0,0.0,0.0,0.0,0.0,0.0,0.0,0.0,0.0,0.0,0.0,-1.0,0.0,1.0,31101.0,1.0,20.0,0.0,1.0,0.0,1.0,999.0,0.0,0.0,2.0
26.0,5.0,0.0,0.0,0.0,0.0,0.0,0.0,0.0,0.0,0.0,0.0,-1.0,0.0,1.0,31101.0,1.0,20.0,0.0,1.0,0.0,1.0,999.0,0.0,0.0,2.0
56.0,10.0,0.0,0.0,0.0,0.0,0.0,0.0,0.0,0.0,0.0,0.0,0.0,0.0,1.0,31151.0,1.0,20.0,0.0,1.0,0.0,1.0,999.0,0.0,0.0,0.0
26.0,5.0,0.0,0.0,0.0,0.0,0.0,0.0,0.0,0.0,0.0,0.0,-1.0,0.0,1.0,31101.0,1.0,20.0,0.0,1.0,0.05,2.0,0.0,0.0,0.0,2.0
26.0,5.0,0.0,0.0,0.0,0.0,0.0,0.0,0.0,0.0,0.0,0.0,-1.0,0.0,1.0,31101.0,1.0,20.0,0.0,1.0,0.05,2.0,0.0,0.0,0.0,2.0
26.0,5.0,0.0,0.0,0.0,0.0,0.0,0.0,0.0,0.0,0.0,0.0,-1.0,0.0,1.0,31101.0,1.0,20.0,0.0,1.0,0.05,2.0,0.0,0.0,0.0,2.0
26.0,5.0,0.0,0.0,0.0,0.0,0.0,0.0,0.0,0.0,0.0,0.0,-1.0,0.0,1.0,31101.0,1.0,20.0,0.0,1.0,0.05,2.0,0.0,0.0,0.0,2.0
26.0,5.0,0.0,0.0,0.0,0.0,0.0,0.0,0.0,0.0,0.0,0.0,-1.0,0.0,1.0,31101.0,1.0,20.0,0.0,1.0,0.05,2.0,0.0,0.0,0.0,2.0
26.0,5.0,0.0,0.0,0.0,0.0,0.0,0.0,0.0,0.0,0.0,0.0,-1.0,0.0,1.0,31101.0,1.0,20.0,0.0,1.0,0.05,2.0,0.068965,0.0,0.0,2.0
26.0,5.0,0.0,0.0,0.0,0.0,0.0,0.0,0.0,0.0,0.0,0.0,-1.0,0.0,1.0,31101.0,1.0,20.0,0.0,1.0,0.05,2.0,0.068965,0.0,0.0,2.0
26.0,5.0,0.0,0.0,0.0,0.0,0.0,0.0,0.0,0.0,0.0,0.0,-1.0,0.0,1.0,31101.0,1.0,20.0,0.0,1.0,0.05,2.0,0.068965,0.0,0.0,2.0
26.0,5.0,0.0,0.0,0.0,0.0,0.0,0.0,0.0,0.0,0.0,0.0,-1.0,0.0,1.0,31101.0,1.0,20.0,0.0,1.0,0.05,2.0,0.068965,0.0,0.0,2.0
26.0,5.0,0.0,0.0,0.0,0.0,0.0,0.0,0.0,0.0,0.0,0.0,-1.0,0.0,1.0,31101.0,1.0,20.0,0.0,1.0,0.05,2.0,0.069965,0.0,0.0,2.0
26.0,5.0,0.0,0.0,0.0,0.0,0.0,0.0,0.0,0.0,0.0,0.0,-1.0,0.0,1.0,31101.0,1.0,20.0,0.0,1.0,0.05,2.0,0.133933,0.0,0.0,2.0
56.0,10.0,0.0,0.0,0.0,0.0,0.0,0.0,0.0,0.0,0.0,0.0,0.0,0.0,1.0,31151.0,1.0,20.0,0.0,1.0,0.05,2.0,0.316841,0.0,0.0,0.0
26.0,5.0,0.0,0.0,0.0,0.0,0.0,0.0,0.0,0.0,0.0,0.0,-1.0,0.0,1.0,31101.0,1.0,20.0,0.0,1.0,0.1,2.0,0.001999,0.0,0.0,2.0
26.0,5.0,0.0,0.0,0.0,0.0,0.0,0.0,0.0,0.0,0.0,0.0,-1.0,0.0,1.0,31101.0,1.0,20.0,0.0,1.0,0.1,2.0,0.053973,0.0,0.0,2.0
26.0,5.0,0.0,0.0,0.0,0.0,0.0,0.0,0.0,0.0,0.0,0.0,-1.0,0.0,1.0,31101.0,1.0,20.0,0.0,1.0,0.1,2.0,0.053973,0.0,0.0,2.0
26.0,5.0,0.0,0.0,0.0,0.0,0.0,0.0,0.0,0.0,0.0,0.0,-1.0,0.0,1.0,31101.0,1.0,20.0,0.0,1.0,0.1,2.0,0.054973,0.0,0.0,2.0
26.0,5.0,0.0,0.0,0.0,0.0,0.0,0.0,1.0,0.0,0.0,0.0,-1.0,0.0,1.0,31101.0,1.0,20.0,0.0,1.0,0.1,2.0,0.054973,0.0,0.0,2.0
26.0,5.0,0.0,0.0,0.0,0.0,0.0,0.0,1.0,0.0,0.0,0.0,-1.0,0.0,1.0,31101.0,1.0,20.0,0.0,1.0,0.1,2.0,0.054973,0.0,0.0,2.0
26.0,5.0,0.0,0.0,0.0,0.0,0.0,0.0,1.0,0.0,0.0,0.0,-1.0,0.0,1.0,31101.0,1.0,20.0,0.0,1.0,0.1,2.0,0.054973,0.0,0.0,2.0
26.0,5.0,0.0,0.0,0.0,0.0,0.0,0.0,0.0,0.0,0.0,0.0,-1.0,0.0,1.0,31101.0,1.0,20.0,0.0,1.0,0.1,2.0,0.056972,0.0,0.0,2.0
26.0,5.0,0.0,0.0,0.0,0.0,0.0,0.0,0.0,0.0,0.0,0.0,-1.0,0.0,1.0,31101.0,1.0,20.0,0.0,1.0,0.05,2.0,0.056972,0.0,0.0,2.0
26.0,5.0,0.0,0.0,0.0,0.0,0.0,0.0,1.0,0.0,0.0,0.0,-1.0,0.0,1.0,31101.0,1.0,20.0,0.0,1.0,0.05,2.0,0.056972,0.0,0.0,2.0
26.0,5.0,0.0,0.0,0.0,0.0,0.0,0.0,1.0,0.0,0.0,0.0,-1.0,0.0,1.0,31101.0,1.0,20.0,0.0,1.0,0.05,2.0,0.056972,0.0,0.0,2.0
26.0,5.0,0.0,0.0,0.0,0.0,0.0,0.0,0.0,0.0,0.0,0.0,-1.0,0.0,1.0,31101.0,1.0,20.0,0.0,1.0,0.05,2.0,0.058971,0.0,0.0,2.0
26.0,5.0,0.0,0.0,0.0,0.0,0.0,0.0,0.0,0.0,0.0,0.0,-1.0,0.0,1.0,31101.0,1.0,20.0,0.0,1.0,0.05,2.0,0.058971,0.0,0.0,2.0
56.0,10.0,0.0,0.0,0.0,0.0,0.0,0.0,0.0,0.0,0.0,0.0,0.0,0.0,1.0,31151.0,1.0,20.0,0.0,1.0,0.05,2.0,0.058971,0.0,0.0,0.0
26.0,5.0,0.0,0.0,0.0,0.0,0.0,0.0,0.0,0.0,0.0,0.0,-1.0,0.0,1.0,31101.0,1.0,20.0,0.0,1.0,0.1,2.0,0.0,0.0,0.0,2.0
26.0,5.0,0.0,0.0,0.0,0.0,0.0,0.0,0.0,0.0,0.0,0.0,-1.0,0.0,1.0,31101.0,1.0,20.0,0.0,1.0,0.1,2.0,0.001999,0.0,0.0,2.0
26.0,5.0,0.0,0.0,0.0,0.0,0.0,0.0,0.0,0.0,0.0,0.0,-1.0,0.0,1.0,31101.0,1.0,20.0,0.0,1.0,0.1,2.0,0.001999,0.0,0.0,2.0
26.0,5.0,0.0,0.0,0.0,0.0,0.0,0.0,0.0,0.0,0.0,0.0,-1.0,0.0,1.0,31101.0,1.0,20.0,0.0,1.0,0.1,2.0,0.001999,0.0,0.0,2.0
26.0,5.0,0.0,0.0,0.0,0.0,0.0,0.0,0.0,0.0,0.0,0.0,-1.0,0.0,1.0,31101.0,1.0,20.0,0.0,1.0,0.1,2.0,0.002998,0.0,0.0,2.0
26.0,5.0,0.0,0.0,0.0,0.0,0.0,0.0,0.0,0.0,0.0,0.0,-1.0,0.0,1.0,31101.0,1.0,20.0,0.0,1.0,0.1,2.0,0.002998,0.0,0.0,2.0
26.0,5.0,0.0,0.0,0.0,0.0,0.0,0.0,0.0,0.0,0.0,0.0,-1.0,0.0,1.0,31101.0,1.0,20.0,0.0,1.0,0.05,2.0,0.053973,0.0,0.0,2.0
26.0,5.0,0.0,0.0,0.0,0.0,0.0,0.0,0.0,0.0,0.0,0.0,-1.0,0.0,1.0,31101.0,1.0,20.0,0.0,1.0,0.05,2.0,0.054972,0.0,0.0,2.0
26.0,5.0,0.0,0.0,0.0,0.0,0.0,0.0,0.0,0.0,0.0,0.0,-1.0,0.0,1.0,31101.0,1.0,20.0,0.0,1.0,0.05,2.0,0.055972,0.0,0.0,2.0
26.0,5.0,0.0,0.0,0.0,0.0,0.0,0.0,0.0,0.0,0.0,0.0,-1.0,0.0,1.0,31101.0,1.0,20.0,0.0,1.0,0.05,2.0,0.055972,0.0,0.0,2.0
26.0,5.0,0.0,0.0,0.0,0.0,0.0,0.0,0.0,0.0,0.0,0.0,-1.0,0.0,1.0,31101.0,1.0,20.0,0.0,1.0,0.05,2.0,0.055972,0.0,0.0,2.0
26.0,5.0,0.0,0.0,0.0,0.0,0.0,0.0,0.0,0.0,0.0,0.0,-1.0,0.0,1.0,31101.0,1.0,20.0,0.0,1.0,0.05,2.0,0.057971,0.0,0.0,2.0
56.0,10.0,0.0,0.0,0.0,0.0,0.0,0.0,0.0,0.0,0.0,0.0,0.0,0.0,1.0,31151.0,1.0,20.0,0.0,1.0,0.05,2.0,0.057971,0.0,0.0,0.0
26.0,5.0,0.0,0.0,0.0,0.0,0.0,0.0,0.0,0.0,0.0,0.0,-1.0,0.0,1.0,31101.0,1.0,20.0,0.0,1.0,0.1,2.0,0.000999,0.0,0.0,2.0
26.0,5.0,0.0,0.0,0.0,0.0,0.0,0.0,0.0,0.0,0.0,0.0,-1.0,0.0,1.0,31101.0,1.0,20.0,0.0,1.0,0.1,2.0,0.000999,0.0,0.0,2.0
26.0,5.0,0.0,0.0,0.0,0.0,0.0,0.0,0.0,0.0,0.0,0.0,-1.0,0.0,1.0,31101.0,1.0,20.0,0.0,1.0,0.1,2.0,0.001999,0.0,0.0,2.0
26.0,5.0,0.0,0.0,0.0,0.0,0.0,0.0,0.0,0.0,0.0,0.0,-1.0,0.0,1.0,31101.0,1.0,20.0,0.0,1.0,0.1,2.0,0.001999,0.0,0.0,2.0
26.0,5.0,0.0,0.0,0.0,0.0,0.0,0.0,0.0,0.0,0.0,0.0,-1.0,0.0,1.0,31101.0,1.0,20.0,0.0,1.0,0.1,2.0,0.001999,0.0,0.0,2.0
26.0,5.0,0.0,0.0,0.0,0.0,0.0,0.0,0.0,0.0,0.0,0.0,-1.0,0.0,1.0,31101.0,1.0,20.0,0.0,1.0,0.1,2.0,0.003998,0.0,0.0,2.0
26.0,5.0,0.0,0.0,0.0,0.0,0.0,0.0,0.0,0.0,0.0,0.0,-1.0,0.0,1.0,31101.0,1.0,20.0,0.0,1.0,0.1,2.0,0.003998,0.0,0.0,2.0
26.0,5.0,0.0,0.0,0.0,0.0,0.0,0.0,0.0,0.0,0.0,0.0,-1.0,0.0,1.0,31101.0,1.0,20.0,0.0,1.0,0.05,2.0,0.004997,0.0,0.0,2.0
26.0,5.0,0.0,0.0,0.0,0.0,0.0,0.0,0.0,0.0,0.0,0.0,-1.0,0.0,1.0,31101.0,1.0,20.0,0.0,1.0,0.05,2.0,0.004997,0.0,0.0,2.0
26.0,5.0,0.0,0.0,0.0,0.0,0.0,0.0,0.0,0.0,0.0,0.0,-1.0,0.0,1.0,31101.0,1.0,20.0,0.0,1.0,0.05,2.0,0.005997,0.0,0.0,2.0
26.0,5.0,0.0,0.0,0.0,0.0,0.0,0.0,0.0,0.0,0.0,0.0,-1.0,0.0,1.0,31101.0,1.0,20.0,0.0,1.0,0.05,2.0,0.005997,0.0,0.0,2.0
26.0,5.0,0.0,0.0,0.0,0.0,0.0,0.0,0.0,0.0,0.0,0.0,-1.0,0.0,1.0,31101.0,1.0,20.0,0.0,1.0,0.05,2.0,0.005997,0.0,0.0,2.0
26.0,5.0,0.0,0.0,0.0,0.0,0.0,0.0,0.0,0.0,0.0,0.0,-1.0,0.0,1.0,31101.0,1.0,20.0,0.0,1.0,0.05,2.0,0.005997,0.0,0.0,2.0
56.0,10.0,0.0,0.0,0.0,0.0,0.0,0.0,0.0,0.0,0.0,0.0,0.0,0.0,1.0,31151.0,1.0,20.0,0.0,1.0,0.05,2.0,0.007996,0.0,0.0,0.0
26.0,5.0,0.0,0.0,0.0,0.0,0.0,0.0,0.0,0.0,0.0,0.0,-1.0,0.0,1.0,31101.0,1.0,20.0,0.0,1.0,0.1,2.0,0.000999,0.0,0.0,2.0
26.0,5.0,0.0,0.0,0.0,0.0,0.0,0.0,0.0,0.0,0.0,0.0,-1.0,0.0,1.0,31101.0,1.0,20.0,0.0,1.0,0.1,2.0,0.000999,0.0,0.0,2.0
26.0,5.0,0.0,0.0,0.0,0.0,0.0,0.0,0.0,0.0,0.0,0.0,-1.0,0.0,1.0,31101.0,1.0,20.0,0.0,1.0,0.1,2.0,0.001999,0.0,0.0,2.0
26.0,5.0,0.0,0.0,0.0,0.0,0.0,0.0,0.0,0.0,0.0,0.0,-1.0,0.0,1.0,31101.0,1.0,20.0,0.0,1.0,0.1,2.0,0.002998,0.0,0.0,2.0
26.0,5.0,0.0,0.0,0.0,0.0,0.0,0.0,0.0,0.0,0.0,0.0,-1.0,0.0,1.0,31101.0,1.0,20.0,0.0,1.0,0.1,2.0,0.002998,0.0,0.0,2.0
26.0,5.0,0.0,0.0,0.0,0.0,0.0,0.0,0.0,0.0,0.0,0.0,-1.0,0.0,1.0,31101.0,1.0,20.0,0.0,1.0,0.1,2.0,0.002998,0.0,0.0,2.0
26.0,5.0,0.0,0.0,0.0,0.0,0.0,0.0,0.0,0.0,0.0,0.0,-1.0,0.0,1.0,31101.0,1.0,20.0,0.0,1.0,0.05,2.0,0.003998,0.0,0.0,2.0
26.0,5.0,0.0,0.0,0.0,0.0,0.0,0.0,0.0,0.0,0.0,0.0,-1.0,0.0,1.0,31101.0,1.0,20.0,0.0,1.0,0.05,2.0,0.004997,0.0,0.0,2.0
26.0,5.0,0.0,0.0,0.0,0.0,0.0,0.0,0.0,0.0,0.0,0.0,-1.0,0.0,1.0,31101.0,1.0,20.0,0.0,1.0,0.05,2.0,0.005997,0.0,0.0,2.0
26.0,5.0,0.0,0.0,0.0,0.0,0.0,0.0,0.0,0.0,0.0,0.0,-1.0,0.0,1.0,31101.0,1.0,20.0,0.0,1.0,0.05,2.0,0.005997,0.0,0.0,2.0
26.0,5.0,0.0,0.0,0.0,0.0,0.0,0.0,0.0,0.0,0.0,0.0,-1.0,0.0,1.0,31101.0,1.0,20.0,0.0,1.0,0.05,2.0,0.006996,0.0,0.0,2.0
26.0,5.0,0.0,0.0,0.0,0.0,0.0,0.0,0.0,0.0,0.0,0.0,-1.0,0.0,1.0,31101.0,1.0,20.0,0.0,1.0,0.05,2.0,0.006996,0.0,0.0,2.0
26.0,5.0,0.0,0.0,0.0,0.0,0.0,0.0,0.0,0.0,0.0,0.0,-1.0,0.0,1.0,31101.0,1.0,20.0,0.0,1.0,0.05,2.0,0.007996,0.0,0.0,2.0
56.0,10.0,0.0,0.0,0.0,0.0,0.0,0.0,0.0,0.0,0.0,0.0,0.0,0.0,1.0,31151.0,1.0,20.0,0.0,1.0,0.05,2.0,0.007996,0.0,0.0,0.0
26.0,5.0,0.0,0.0,0.0,0.0,0.0,0.0,0.0,0.0,0.0,0.0,-1.0,0.0,1.0,31101.0,1.0,20.0,0.0,1.0,0.1,2.0,0.000999,0.0,0.0,2.0
26.0,5.0,0.0,0.0,0.0,0.0,0.0,0.0,0.0,0.0,0.0,0.0,-1.0,0.0,1.0,31101.0,1.0,20.0,0.0,1.0,0.1,2.0,0.000999,0.0,0.0,2.0
26.0,5.0,0.0,0.0,0.0,0.0,0.0,0.0,0.0,0.0,0.0,0.0,-1.0,0.0,1.0,31101.0,1.0,20.0,0.0,1.0,0.1,2.0,0.001999,0.0,0.0,2.0
26.0,5.0,0.0,0.0,0.0,0.0,0.0,0.0,0.0,0.0,0.0,0.0,-1.0,0.0,1.0,31101.0,1.0,20.0,0.0,1.0,0.1,2.0,0.001999,0.0,0.0,2.0
26.0,5.0,0.0,0.0,0.0,0.0,0.0,0.0,0.0,0.0,0.0,0.0,-1.0,0.0,1.0,31101.0,1.0,20.0,0.0,1.0,0.1,2.0,0.001999,0.0,0.0,2.0
26.0,5.0,0.0,0.0,1.0,0.0,0.0,0.0,0.0,0.0,0.0,0.0,-1.0,0.0,1.0,31101.0,1.0,20.0,0.0,1.0,0.1,2.0,0.002998,0.0,0.0,2.0
26.0,5.0,0.0,0.0,1.0,0.0,0.0,0.0,0.0,0.0,0.0,0.0,-1.0,0.0,1.0,31101.0,1.0,20.0,0.0,1.0,0.05,2.0,0.002998,0.0,0.0,2.0
26.0,5.0,0.0,0.0,0.0,0.0,0.0,0.0,0.0,0.0,0.0,0.0,-1.0,0.0,1.0,31101.0,1.0,20.0,0.0,1.0,0.05,2.0,0.053973,0.0,0.0,2.0
26.0,5.0,0.0,0.0,0.0,0.0,0.0,0.0,0.0,0.0,0.0,0.0,-1.0,0.0,1.0,31101.0,1.0,20.0,0.0,1.0,0.05,2.0,0.055972,0.0,0.0,2.0
26.0,5.0,0.0,0.0,0.0,0.0,0.0,0.0,0.0,0.0,0.0,0.0,-1.0,0.0,1.0,31101.0,1.0,20.0,0.0,1.0,0.05,2.0,0.055972,0.0,0.0,2.0
26.0,5.0,0.0,0.0,0.0,0.0,0.0,0.0,0.0,0.0,0.0,0.0,-1.0,0.0,1.0,31101.0,1.0,20.0,0.0,1.0,0.05,2.0,0.057971,0.0,0.0,2.0
26.0,5.0,0.0,0.0,0.0,0.0,0.0,0.0,0.0,0.0,0.0,0.0,-1.0,0.0,1.0,31101.0,1.0,20.0,0.0,1.0,0.05,2.0,0.057971,0.0,0.0,2.0
56.0,10.0,0.0,0.0,0.0,0.0,0.0,0.0,1.0,0.0,0.0,0.0,0.0,0.0,1.0,31151.0,1.0,20.0,0.0,1.0,0.05,2.0,0.05897,0.0,0.0,0.0
26.0,5.0,0.0,0.0,0.0,0.0,0.0,0.0,0.0,0.0,0.0,0.0,-1.0,0.0,1.0,31101.0,1.0,20.0,0.0,1.0,0.1,2.0,0.001,0.0,0.0,2.0
26.0,5.0,0.0,0.0,0.0,0.0,0.0,0.0,0.0,0.0,0.0,0.0,-1.0,0.0,1.0,31101.0,1.0,20.0,0.0,1.0,0.1,2.0,0.001,0.0,0.0,2.0
26.0,5.0,0.0,0.0,0.0,0.0,0.0,0.0,0.0,0.0,0.0,0.0,-1.0,0.0,1.0,31101.0,1.0,20.0,0.0,1.0,0.1,2.0,0.001,0.0,0.0,2.0
26.0,5.0,0.0,0.0,0.0,0.0,0.0,0.0,0.0,0.0,0.0,0.0,-1.0,0.0,1.0,31101.0,1.0,20.0,0.0,1.0,0.1,2.0,0.002999,0.0,0.0,2.0
26.0,5.0,0.0,0.0,0.0,0.0,0.0,0.0,0.0,0.0,0.0,0.0,-1.0,0.0,1.0,31101.0,1.0,20.0,0.0,1.0,0.1,2.0,0.002999,0.0,0.0,2.0
26.0,5.0,0.0,0.0,0.0,0.0,0.0,0.0,0.0,0.0,0.0,0.0,-1.0,0.0,1.0,31101.0,1.0,20.0,0.0,1.0,0.1,2.0,0.002999,0.0,0.0,2.0
26.0,5.0,0.0,0.0,0.0,0.0,0.0,0.0,0.0,0.0,0.0,0.0,-1.0,0.0,1.0,31101.0,1.0,20.0,0.0,1.0,0.1,2.0,0.003998,0.0,0.0,2.0
26.0,5.0,0.0,0.0,0.0,0.0,0.0,0.0,0.0,0.0,0.0,0.0,-1.0,0.0,1.0,31101.0,1.0,20.0,0.0,1.0,0.05,2.0,0.003998,0.0,0.0,2.0
26.0,5.0,0.0,0.0,0.0,0.0,0.0,0.0,0.0,0.0,0.0,0.0,-1.0,0.0,1.0,31101.0,1.0,20.0,0.0,1.0,0.05,2.0,0.004998,0.0,0.0,2.0
26.0,5.0,0.0,0.0,0.0,0.0,0.0,0.0,0.0,0.0,0.0,0.0,-1.0,0.0,1.0,31101.0,1.0,20.0,0.0,1.0,0.05,2.0,0.005997,0.0,0.0,2.0
26.0,5.0,0.0,0.0,0.0,0.0,0.0,0.0,0.0,0.0,0.0,0.0,-1.0,0.0,1.0,31101.0,1.0,20.0,0.0,1.0,0.05,2.0,0.005997,0.0,0.0,2.0
26.0,5.0,0.0,0.0,0.0,0.0,0.0,0.0,0.0,0.0,0.0,0.0,-1.0,0.0,1.0,31101.0,1.0,20.0,0.0,1.0,0.05,2.0,0.006997,0.0,0.0,2.0
26.0,5.0,0.0,0.0,0.0,0.0,0.0,0.0,0.0,0.0,0.0,0.0,-1.0,0.0,1.0,31101.0,1.0,20.0,0.0,1.0,0.05,2.0,0.006997,0.0,0.0,2.0
56.0,10.0,0.0,0.0,0.0,0.0,0.0,0.0,0.0,0.0,0.0,0.0,0.0,0.0,1.0,31151.0,1.0,20.0,0.0,1.0,0.05,2.0,0.006997,0.0,0.0,0.0
26.0,5.0,0.0,0.0,0.0,0.0,0.0,0.0,0.0,0.0,0.0,0.0,-1.0,0.0,1.0,31101.0,1.0,20.0,0.0,1.0,0.1,2.0,0.0,0.0,0.0,2.0
26.0,5.0,0.0,0.0,0.0,0.0,0.0,0.0,0.0,0.0,0.0,0.0,-1.0,0.0,1.0,31101.0,1.0,20.0,0.0,1.0,0.1,2.0,0.0,0.0,0.0,2.0
26.0,5.0,0.0,0.0,0.0,0.0,0.0,0.0,0.0,0.0,0.0,0.0,-1.0,0.0,1.0,31101.0,1.0,20.0,0.0,1.0,0.1,2.0,0.0,0.0,0.0,2.0
26.0,5.0,0.0,0.0,0.0,0.0,0.0,0.0,0.0,0.0,0.0,0.0,-1.0,0.0,1.0,31101.0,1.0,20.0,0.0,1.0,0.1,2.0,0.0,0.0,0.0,2.0
26.0,5.0,0.0,0.0,0.0,0.0,0.0,0.0,0.0,0.0,0.0,0.0,-1.0,0.0,1.0,31101.0,1.0,20.0,0.0,1.0,0.1,2.0,0.0,0.0,0.0,2.0
26.0,5.0,0.0,0.0,0.0,0.0,0.0,0.0,0.0,0.0,0.0,0.0,-1.0,0.0,1.0,31101.0,1.0,20.0,0.0,1.0,0.1,2.0,0.0,0.0,0.0,2.0
26.0,5.0,0.0,0.0,0.0,0.0,0.0,0.0,0.0,0.0,0.0,0.0,-1.0,0.0,1.0,31101.0,1.0,20.0,0.0,1.0,0.05,2.0,0.0,0.0,0.0,2.0
26.0,5.0,0.0,0.0,0.0,0.0,0.0,0.0,0.0,0.0,0.0,0.0,-1.0,0.0,1.0,31101.0,1.0,20.0,0.0,1.0,0.05,2.0,0.0,0.0,0.0,2.0
26.0,5.0,0.0,0.0,0.0,0.0,0.0,0.0,0.0,0.0,0.0,0.0,-1.0,0.0,1.0,31101.0,1.0,20.0,0.0,1.0,0.05,2.0,0.0,0.0,0.0,2.0
26.0,5.0,0.0,0.0,0.0,0.0,0.0,0.0,0.0,0.0,0.0,0.0,-1.0,0.0,1.0,31101.0,1.0,20.0,0.0,1.0,0.05,2.0,0.0,0.0,0.0,2.0
26.0,5.0,0.0,0.0,0.0,0.0,0.0,0.0,0.0,0.0,0.0,0.0,-1.0,0.0,1.0,31101.0,1.0,20.0,0.0,1.0,0.05,2.0,0.0,0.0,0.0,2.0
26.0,5.0,0.0,0.0,0.0,0.0,0.0,0.0,0.0,0.0,0.0,0.0,-1.0,0.0,1.0,31101.0,1.0,20.0,0.0,1.0,0.05,2.0,0.003998,0.0,0.0,2.0
26.0,5.0,0.0,0.0,0.0,0.0,0.0,0.0,0.0,0.0,0.0,0.0,-1.0,0.0,1.0,31101.0,1.0,20.0,0.0,1.0,0.05,2.0,0.003998,0.0,0.0,2.0
26.0,5.0,0.0,0.0,0.0,0.0,0.0,0.0,0.0,0.0,0.0,0.0,-1.0,0.0,1.0,31101.0,1.0,20.0,0.0,1.0,0.05,2.0,0.055972,0.0,0.0,2.0
26.0,5.0,0.0,0.0,0.0,0.0,0.0,0.0,0.0,0.0,0.0,0.0,-1.0,0.0,1.0,31101.0,1.0,20.0,0.0,1.0,0.05,2.0,0.055972,0.0,0.0,2.0
26.0,5.0,0.0,0.0,0.0,0.0,0.0,0.0,0.0,0.0,0.0,0.0,-1.0,0.0,1.0,31101.0,1.0,20.0,0.0,1.0,0.05,2.0,0.055972,0.0,0.0,2.0
26.0,5.0,0.0,0.0,0.0,0.0,0.0,0.0,0.0,0.0,0.0,0.0,-1.0,0.0,1.0,31101.0,1.0,20.0,0.0,1.0,0.05,2.0,0.055972,0.0,0.0,2.0
26.0,5.0,0.0,0.0,0.0,0.0,0.0,0.0,0.0,0.0,0.0,0.0,-1.0,0.0,1.0,31101.0,1.0,20.0,0.0,1.0,0.05,2.0,0.055972,0.0,0.0,2.0
26.0,5.0,0.0,0.0,0.0,0.0,0.0,0.0,0.0,0.0,0.0,0.0,-1.0,0.0,1.0,31101.0,1.0,20.0,0.0,1.0,0.05,2.0,0.055972,0.0,0.0,2.0
26.0,5.0,0.0,0.0,0.0,0.0,0.0,0.0,0.0,0.0,0.0,0.0,-1.0,0.0,1.0,31101.0,1.0,20.0,0.0,1.0,0.05,2.0,0.055972,0.0,0.0,2.0
26.0,5.0,0.0,0.0,0.0,0.0,0.0,0.0,0.0,0.0,0.0,0.0,-1.0,0.0,1.0,31101.0,1.0,20.0,0.0,1.0,0.0,1.0,999.0,0.0,0.0,2.0
26.0,5.0,0.0,0.0,0.0,0.0,0.0,0.0,0.0,0.0,0.0,0.0,-1.0,0.0,1.0,31101.0,1.0,20.0,0.0,1.0,0.0,1.0,999.0,0.0,0.0,2.0
26.0,5.0,0.0,0.0,0.0,0.0,0.0,0.0,0.0,0.0,0.0,0.0,-1.0,0.0,1.0,31101.0,1.0,20.0,0.0,1.0,0.0,1.0,999.0,0.0,0.0,2.0
26.0,5.0,0.0,0.0,0.0,0.0,0.0,0.0,0.0,0.0,0.0,0.0,-1.0,0.0,1.0,31101.0,1.0,20.0,0.0,1.0,0.0,1.0,999.0,0.0,0.0,2.0
26.0,5.0,0.0,0.0,0.0,0.0,0.0,0.0,0.0,0.0,0.0,0.0,-1.0,0.0,1.0,31101.0,1.0,20.0,0.0,1.0,0.0,1.0,999.0,0.0,0.0,2.0
56.0,10.0,0.0,0.0,0.0,0.0,0.0,0.0,0.0,0.0,0.0,0.0,0.0,0.0,1.0,31151.0,1.0,20.0,0.0,1.0,0.0,1.0,999.0,0.0,0.0,0.0
26.0,5.0,0.0,0.0,0.0,0.0,0.0,0.0,0.0,0.0,0.0,0.0,-1.0,0.0,1.0,31101.0,1.0,20.0,0.0,1.0,0.05,2.0,0.0,0.0,0.0,2.0
26.0,5.0,0.0,0.0,0.0,0.0,0.0,0.0,0.0,0.0,0.0,0.0,-1.0,0.0,1.0,31101.0,1.0,20.0,0.0,1.0,0.05,2.0,0.000999,0.0,0.0,2.0
26.0,5.0,0.0,0.0,0.0,0.0,0.0,0.0,0.0,0.0,0.0,0.0,-1.0,0.0,1.0,31101.0,1.0,20.0,0.0,1.0,0.05,2.0,0.000999,0.0,0.0,2.0
26.0,5.0,0.0,0.0,0.0,0.0,0.0,0.0,0.0,0.0,0.0,0.0,-1.0,0.0,1.0,31101.0,1.0,20.0,0.0,1.0,0.05,2.0,0.000999,0.0,0.0,2.0
26.0,5.0,0.0,0.0,0.0,0.0,0.0,0.0,0.0,0.0,0.0,0.0,-1.0,0.0,1.0,31101.0,1.0,20.0,0.0,1.0,0.05,2.0,0.000999,0.0,0.0,2.0
26.0,5.0,0.0,0.0,0.0,0.0,0.0,0.0,0.0,0.0,0.0,0.0,-1.0,0.0,1.0,31101.0,1.0,20.0,0.0,1.0,0.05,2.0,0.002998,0.0,0.0,2.0
26.0,5.0,0.0,0.0,0.0,0.0,0.0,0.0,0.0,0.0,0.0,0.0,-1.0,0.0,1.0,31101.0,1.0,20.0,0.0,1.0,0.05,2.0,0.002998,0.0,0.0,2.0
26.0,5.0,0.0,0.0,0.0,0.0,0.0,0.0,0.0,0.0,0.0,0.0,-1.0,0.0,1.0,31101.0,1.0,20.0,0.0,1.0,0.05,2.0,0.002998,0.0,0.0,2.0
26.0,5.0,0.0,0.0,0.0,0.0,0.0,0.0,0.0,0.0,0.0,0.0,-1.0,0.0,1.0,31101.0,1.0,20.0,0.0,1.0,0.05,2.0,0.002998,0.0,0.0,2.0
26.0,5.0,0.0,0.0,0.0,0.0,0.0,0.0,0.0,0.0,0.0,0.0,-1.0,0.0,1.0,31101.0,1.0,20.0,0.0,1.0,0.05,2.0,0.004997,0.0,0.0,2.0
26.0,5.0,0.0,0.0,0.0,0.0,0.0,0.0,0.0,0.0,0.0,0.0,-1.0,0.0,1.0,31101.0,1.0,20.0,0.0,1.0,0.05,2.0,0.004997,0.0,0.0,2.0
26.0,5.0,0.0,0.0,0.0,0.0,0.0,0.0,0.0,0.0,0.0,0.0,-1.0,0.0,1.0,31101.0,1.0,20.0,0.0,1.0,0.05,2.0,0.005997,0.0,0.0,2.0
26.0,5.0,0.0,0.0,0.0,0.0,0.0,0.0,0.0,0.0,0.0,0.0,-1.0,0.0,1.0,31101.0,1.0,20.0,0.0,1.0,0.05,2.0,0.005997,0.0,0.0,2.0
56.0,10.0,0.0,0.0,0.0,0.0,0.0,0.0,0.0,0.0,0.0,0.0,0.0,0.0,1.0,31151.0,1.0,20.0,0.0,1.0,0.05,2.0,0.005997,0.0,0.0,0.0
26.0,5.0,0.0,0.0,0.0,0.0,0.0,0.0,0.0,0.0,0.0,0.0,-1.0,0.0,1.0,31101.0,1.0,20.0,0.0,1.0,0.1,2.0,0.001999,0.0,0.0,2.0
26.0,5.0,0.0,0.0,0.0,0.0,0.0,0.0,0.0,0.0,0.0,0.0,-1.0,0.0,1.0,31101.0,1.0,20.0,0.0,1.0,0.1,2.0,0.002998,0.0,0.0,2.0
26.0,5.0,0.0,0.0,0.0,0.0,0.0,0.0,0.0,0.0,0.0,0.0,-1.0,0.0,1.0,31101.0,1.0,20.0,0.0,1.0,0.1,2.0,0.002998,0.0,0.0,2.0
26.0,5.0,0.0,0.0,0.0,0.0,0.0,0.0,0.0,0.0,0.0,0.0,-1.0,0.0,1.0,31101.0,1.0,20.0,0.0,1.0,0.1,2.0,0.053973,0.0,0.0,2.0
26.0,5.0,0.0,0.0,0.0,0.0,0.0,0.0,0.0,0.0,0.0,0.0,-1.0,0.0,1.0,31101.0,1.0,20.0,0.0,1.0,0.1,2.0,0.053973,0.0,0.0,2.0
26.0,5.0,0.0,0.0,0.0,0.0,0.0,0.0,0.0,0.0,0.0,0.0,-1.0,0.0,1.0,31101.0,1.0,20.0,0.0,1.0,0.1,2.0,0.053973,0.0,0.0,2.0
26.0,5.0,0.0,0.0,0.0,0.0,0.0,0.0,0.0,0.0,0.0,0.0,-1.0,0.0,1.0,31101.0,1.0,20.0,0.0,1.0,0.05,2.0,0.053973,0.0,0.0,2.0
26.0,5.0,0.0,0.0,0.0,0.0,0.0,0.0,0.0,0.0,0.0,0.0,-1.0,0.0,1.0,31101.0,1.0,20.0,0.0,1.0,0.05,2.0,0.053973,0.0,0.0,2.0
26.0,5.0,0.0,0.0,0.0,0.0,0.0,0.0,0.0,0.0,0.0,0.0,-1.0,0.0,1.0,31101.0,1.0,20.0,0.0,1.0,0.05,2.0,0.053973,0.0,0.0,2.0
26.0,5.0,0.0,0.0,0.0,0.0,0.0,0.0,0.0,0.0,0.0,0.0,-1.0,0.0,1.0,31101.0,1.0,20.0,0.0,1.0,0.05,2.0,0.053973,0.0,0.0,2.0
26.0,5.0,0.0,0.0,0.0,0.0,0.0,0.0,0.0,0.0,0.0,0.0,-1.0,0.0,1.0,31101.0,1.0,20.0,0.0,1.0,0.05,2.0,0.053973,0.0,0.0,2.0
26.0,5.0,0.0,0.0,0.0,0.0,0.0,0.0,0.0,0.0,0.0,0.0,-1.0,0.0,1.0,31101.0,1.0,20.0,0.0,1.0,0.05,2.0,0.053973,0.0,0.0,2.0
56.0,10.0,0.0,0.0,0.0,0.0,0.0,0.0,0.0,0.0,0.0,0.0,0.0,0.0,1.0,31151.0,1.0,20.0,0.0,1.0,0.05,2.0,0.053973,0.0,0.0,0.0
26.0,5.0,0.0,0.0,0.0,0.0,0.0,0.0,0.0,0.0,0.0,0.0,-1.0,0.0,1.0,31101.0,1.0,20.0,0.0,1.0,0.1,2.0,0.0,0.0,0.0,2.0
26.0,5.0,0.0,0.0,0.0,0.0,0.0,0.0,0.0,0.0,0.0,0.0,-1.0,0.0,1.0,31101.0,1.0,20.0,0.0,1.0,0.1,2.0,0.0,0.0,0.0,2.0
26.0,5.0,0.0,0.0,0.0,0.0,0.0,0.0,0.0,0.0,0.0,0.0,-1.0,0.0,1.0,31101.0,1.0,20.0,0.0,1.0,0.1,2.0,0.0,0.0,0.0,2.0
26.0,5.0,0.0,0.0,0.0,0.0,0.0,0.0,0.0,0.0,0.0,0.0,-1.0,0.0,1.0,31101.0,1.0,20.0,0.0,1.0,0.1,2.0,0.0,0.0,0.0,2.0
26.0,5.0,0.0,0.0,0.0,0.0,0.0,0.0,0.0,0.0,0.0,0.0,-1.0,0.0,1.0,31101.0,1.0,20.0,0.0,1.0,0.1,2.0,0.0,0.0,0.0,2.0
26.0,5.0,0.0,0.0,0.0,0.0,0.0,0.0,0.0,0.0,0.0,0.0,-1.0,0.0,1.0,31101.0,1.0,20.0,0.0,1.0,0.1,2.0,0.0,0.0,0.0,2.0
26.0,5.0,0.0,0.0,0.0,0.0,0.0,0.0,0.0,0.0,0.0,0.0,-1.0,0.0,1.0,31101.0,1.0,20.0,0.0,1.0,0.1,2.0,0.0,0.0,0.0,2.0
26.0,5.0,0.0,0.0,0.0,0.0,0.0,0.0,0.0,0.0,0.0,0.0,-1.0,0.0,1.0,31101.0,1.0,20.0,0.0,1.0,0.05,2.0,0.0,0.0,0.0,2.0
26.0,5.0,0.0,0.0,0.0,0.0,0.0,0.0,0.0,0.0,0.0,0.0,-1.0,0.0,1.0,31101.0,1.0,20.0,0.0,1.0,0.05,2.0,0.0,0.0,0.0,2.0
26.0,5.0,0.0,0.0,0.0,0.0,0.0,0.0,0.0,0.0,0.0,0.0,-1.0,0.0,1.0,31101.0,1.0,20.0,0.0,1.0,0.05,2.0,0.0,0.0,0.0,2.0
26.0,5.0,0.0,0.0,0.0,0.0,0.0,0.0,0.0,0.0,0.0,0.0,-1.0,0.0,1.0,31101.0,1.0,20.0,0.0,1.0,0.05,2.0,0.0,0.0,0.0,2.0
26.0,5.0,0.0,0.0,0.0,0.0,0.0,0.0,0.0,0.0,0.0,0.0,-1.0,0.0,1.0,31101.0,1.0,20.0,0.0,1.0,0.05,2.0,0.0,0.0,0.0,2.0
26.0,5.0,0.0,0.0,0.0,0.0,0.0,0.0,0.0,0.0,0.0,0.0,-1.0,0.0,1.0,31101.0,1.0,20.0,0.0,1.0,0.05,2.0,0.0,0.0,0.0,2.0
56.0,10.0,0.0,0.0,0.0,0.0,0.0,0.0,0.0,0.0,0.0,0.0,0.0,0.0,1.0,31151.0,1.0,20.0,0.0,1.0,0.05,2.0,0.0,0.0,0.0,0.0
26.0,5.0,0.0,0.0,0.0,0.0,0.0,0.0,0.0,0.0,0.0,0.0,-1.0,0.0,1.0,31101.0,1.0,20.0,0.0,1.0,0.1,2.0,0.0,0.0,0.0,2.0
26.0,5.0,0.0,0.0,0.0,0.0,0.0,0.0,0.0,0.0,0.0,0.0,-1.0,0.0,1.0,31101.0,1.0,20.0,0.0,1.0,0.1,2.0,0.0,0.0,0.0,2.0
26.0,5.0,0.0,0.0,0.0,0.0,1.0,0.0,0.0,0.0,0.0,0.0,-1.0,0.0,1.0,31101.0,1.0,20.0,0.0,1.0,0.1,2.0,0.0,0.0,0.0,2.0
26.0,5.0,0.0,0.0,0.0,0.0,0.0,0.0,0.0,0.0,0.0,0.0,-1.0,0.0,1.0,31101.0,1.0,20.0,0.0,1.0,0.1,2.0,0.0,0.0,0.0,2.0
26.0,5.0,0.0,0.0,0.0,0.0,0.0,0.0,0.0,0.0,0.0,0.0,-1.0,0.0,1.0,31101.0,1.0,20.0,0.0,1.0,0.1,2.0,0.285857,0.0,0.0,2.0
26.0,5.0,0.0,0.0,0.0,0.0,0.0,0.0,0.0,0.0,0.0,0.0,-1.0,0.0,1.0,31101.0,1.0,20.0,0.0,1.0,0.1,2.0,0.285857,0.0,0.0,2.0
26.0,5.0,0.0,0.0,0.0,0.0,0.0,0.0,0.0,0.0,0.0,0.0,-1.0,0.0,1.0,31101.0,1.0,20.0,0.0,1.0,0.05,2.0,0.285857,0.0,0.0,2.0
26.0,5.0,0.0,0.0,0.0,0.0,0.0,0.0,0.0,0.0,0.0,0.0,-1.0,0.0,1.0,31101.0,1.0,20.0,0.0,1.0,0.05,2.0,0.285857,0.0,0.0,2.0
26.0,5.0,0.0,0.0,0.0,0.0,0.0,0.0,0.0,0.0,0.0,0.0,-1.0,0.0,1.0,31101.0,1.0,20.0,0.0,1.0,0.05,2.0,0.341829,0.0,0.0,2.0
26.0,5.0,0.0,0.0,0.0,0.0,0.0,0.0,0.0,0.0,0.0,0.0,-1.0,0.0,1.0,31101.0,1.0,20.0,0.0,1.0,0.05,2.0,0.343828,0.0,0.0,2.0
26.0,5.0,0.0,0.0,0.0,0.0,0.0,0.0,0.0,0.0,0.0,0.0,-1.0,0.0,1.0,31101.0,1.0,20.0,0.0,1.0,0.05,2.0,0.343828,0.0,0.0,2.0
26.0,5.0,0.0,0.0,0.0,0.0,0.0,0.0,0.0,0.0,0.0,0.0,-1.0,0.0,1.0,31101.0,1.0,20.0,0.0,1.0,0.05,2.0,0.396801,0.0,0.0,2.0
26.0,5.0,0.0,0.0,0.0,0.0,0.0,0.0,0.0,0.0,0.0,0.0,-1.0,0.0,1.0,31101.0,1.0,20.0,0.0,1.0,0.05,2.0,0.396801,0.0,0.0,2.0
26.0,5.0,0.0,0.0,0.0,0.0,0.0,0.0,0.0,0.0,0.0,0.0,-1.0,0.0,1.0,31101.0,1.0,20.0,0.0,1.0,0.05,2.0,0.396801,0.0,0.0,2.0
26.0,5.0,0.0,0.0,0.0,0.0,0.0,0.0,0.0,0.0,0.0,0.0,-1.0,0.0,1.0,31101.0,1.0,20.0,0.0,1.0,0.05,2.0,0.396801,0.0,0.0,2.0
26.0,5.0,0.0,0.0,0.0,0.0,0.0,0.0,0.0,0.0,0.0,0.0,-1.0,0.0,1.0,31101.0,1.0,20.0,0.0,1.0,0.05,2.0,0.402798,0.0,0.0,2.0
26.0,5.0,0.0,0.0,0.0,0.0,0.0,0.0,0.0,0.0,0.0,0.0,-1.0,0.0,1.0,31101.0,1.0,20.0,0.0,1.0,0.05,2.0,0.403798,0.0,0.0,2.0
26.0,5.0,0.0,0.0,0.0,0.0,0.0,0.0,0.0,0.0,0.0,0.0,-1.0,0.0,1.0,31101.0,1.0,20.0,0.0,1.0,0.05,2.0,0.404797,0.0,0.0,2.0
26.0,5.0,0.0,0.0,0.0,0.0,0.0,0.0,0.0,0.0,0.0,0.0,-1.0,0.0,1.0,31101.0,1.0,20.0,0.0,1.0,0.05,2.0,0.405797,0.0,0.0,2.0
26.0,5.0,0.0,0.0,0.0,0.0,0.0,0.0,0.0,0.0,0.0,0.0,-1.0,0.0,1.0,31101.0,1.0,20.0,0.0,1.0,0.05,2.0,0.406796,0.0,0.0,2.0
26.0,5.0,0.0,0.0,0.0,0.0,0.0,0.0,0.0,0.0,0.0,0.0,-1.0,0.0,1.0,31101.0,1.0,20.0,0.0,1.0,0.0,1.0,999.0,0.0,0.0,2.0
26.0,5.0,0.0,0.0,0.0,0.0,0.0,0.0,0.0,0.0,0.0,0.0,-1.0,0.0,1.0,31101.0,1.0,20.0,0.0,1.0,0.0,1.0,999.0,0.0,0.0,2.0
26.0,5.0,0.0,0.0,0.0,0.0,0.0,0.0,0.0,0.0,0.0,0.0,-1.0,0.0,1.0,31101.0,1.0,20.0,0.0,1.0,0.0,1.0,999.0,0.0,0.0,2.0
26.0,5.0,0.0,0.0,0.0,0.0,0.0,0.0,0.0,0.0,0.0,0.0,-1.0,0.0,1.0,31101.0,1.0,20.0,0.0,1.0,0.0,1.0,999.0,0.0,0.0,2.0
56.0,10.0,0.0,0.0,0.0,0.0,0.0,0.0,0.0,0.0,0.0,0.0,0.0,0.0,1.0,31151.0,1.0,20.0,0.0,1.0,0.0,1.0,999.0,0.0,0.0,0.0
26.0,5.0,0.0,0.0,0.0,0.0,0.0,0.0,0.0,0.0,0.0,0.0,-1.0,0.0,1.0,31101.0,1.0,20.0,0.0,1.0,0.05,2.0,0.0,0.0,0.0,2.0
26.0,5.0,0.0,0.0,0.0,0.0,0.0,0.0,0.0,0.0,0.0,0.0,-1.0,0.0,1.0,31101.0,1.0,20.0,0.0,1.0,0.05,2.0,0.0,0.0,0.0,2.0
26.0,5.0,0.0,0.0,0.0,0.0,0.0,0.0,0.0,0.0,0.0,0.0,-1.0,0.0,1.0,31101.0,1.0,20.0,0.0,1.0,0.05,2.0,0.0,0.0,0.0,2.0
26.0,5.0,0.0,0.0,0.0,0.0,0.0,0.0,0.0,0.0,0.0,0.0,-1.0,0.0,1.0,31101.0,1.0,20.0,0.0,1.0,0.05,2.0,0.002999,0.0,0.0,2.0
26.0,5.0,0.0,0.0,0.0,0.0,0.0,0.0,0.0,0.0,0.0,0.0,-1.0,0.0,1.0,31101.0,1.0,20.0,0.0,1.0,0.05,2.0,0.002999,0.0,0.0,2.0
26.0,5.0,0.0,0.0,0.0,0.0,0.0,0.0,0.0,0.0,0.0,0.0,-1.0,0.0,1.0,31101.0,1.0,20.0,0.0,1.0,0.05,2.0,0.002999,0.0,0.0,2.0
26.0,5.0,0.0,0.0,0.0,0.0,0.0,0.0,0.0,0.0,0.0,0.0,-1.0,0.0,1.0,31101.0,1.0,20.0,0.0,1.0,0.05,2.0,0.002999,0.0,0.0,2.0
26.0,5.0,0.0,0.0,0.0,0.0,0.0,0.0,0.0,0.0,0.0,0.0,-1.0,0.0,1.0,31101.0,1.0,20.0,0.0,1.0,0.05,2.0,0.002999,0.0,0.0,2.0
26.0,5.0,0.0,0.0,0.0,0.0,0.0,0.0,0.0,0.0,0.0,0.0,-1.0,0.0,1.0,31101.0,1.0,20.0,0.0,1.0,0.05,2.0,0.002999,0.0,0.0,2.0
26.0,5.0,0.0,0.0,0.0,0.0,0.0,0.0,0.0,0.0,0.0,0.0,-1.0,0.0,1.0,31101.0,1.0,20.0,0.0,1.0,0.05,2.0,0.002999,0.0,0.0,2.0
26.0,5.0,0.0,0.0,0.0,0.0,0.0,0.0,0.0,0.0,0.0,0.0,-1.0,0.0,1.0,31101.0,1.0,20.0,0.0,1.0,0.05,2.0,0.053973,0.0,0.0,2.0
26.0,5.0,0.0,0.0,0.0,0.0,0.0,0.0,0.0,0.0,0.0,0.0,-1.0,0.0,1.0,31101.0,1.0,20.0,0.0,1.0,0.05,2.0,0.053973,0.0,0.0,2.0
26.0,5.0,0.0,0.0,0.0,0.0,0.0,0.0,0.0,0.0,0.0,0.0,-1.0,0.0,1.0,31101.0,1.0,20.0,0.0,1.0,0.05,2.0,0.381809,0.0,0.0,2.0
26.0,5.0,0.0,0.0,0.0,0.0,0.0,0.0,0.0,0.0,0.0,0.0,-1.0,0.0,1.0,31101.0,1.0,20.0,0.0,1.0,0.05,2.0,0.382809,0.0,0.0,2.0
26.0,5.0,0.0,0.0,0.0,0.0,0.0,0.0,0.0,0.0,0.0,0.0,-1.0,0.0,1.0,31101.0,1.0,20.0,0.0,1.0,0.05,2.0,0.383808,0.0,0.0,2.0
26.0,5.0,0.0,0.0,0.0,0.0,0.0,0.0,0.0,0.0,0.0,0.0,-1.0,0.0,1.0,31101.0,1.0,20.0,0.0,1.0,0.05,2.0,0.383808,0.0,0.0,2.0
26.0,5.0,0.0,0.0,0.0,0.0,0.0,0.0,0.0,0.0,0.0,0.0,-1.0,0.0,1.0,31101.0,1.0,20.0,0.0,1.0,0.05,2.0,0.384808,0.0,0.0,2.0
26.0,5.0,0.0,0.0,0.0,0.0,0.0,0.0,0.0,0.0,0.0,0.0,-1.0,0.0,1.0,31101.0,1.0,20.0,0.0,1.0,0.05,2.0,0.385807,0.0,0.0,2.0
26.0,5.0,0.0,0.0,0.0,0.0,0.0,0.0,0.0,0.0,0.0,0.0,-1.0,0.0,1.0,31101.0,1.0,20.0,0.0,1.0,0.05,2.0,0.385807,0.0,0.0,2.0
26.0,5.0,0.0,0.0,0.0,0.0,0.0,0.0,0.0,0.0,0.0,0.0,-1.0,0.0,1.0,31101.0,1.0,20.0,0.0,1.0,0.05,2.0,0.386807,0.0,0.0,2.0
26.0,5.0,0.0,0.0,0.0,0.0,0.0,0.0,0.0,0.0,0.0,0.0,-1.0,0.0,1.0,31101.0,1.0,20.0,0.0,1.0,0.0,1.0,999.0,0.0,0.0,2.0
26.0,5.0,0.0,0.0,0.0,0.0,0.0,0.0,0.0,1.0,0.0,0.0,-1.0,0.0,1.0,31101.0,1.0,20.0,0.0,1.0,0.0,1.0,999.0,0.0,0.0,2.0
26.0,5.0,0.0,0.0,0.0,0.0,0.0,0.0,0.0,0.0,0.0,0.0,-1.0,0.0,1.0,31101.0,1.0,20.0,0.0,1.0,0.0,1.0,999.0,0.0,0.0,2.0
26.0,5.0,0.0,0.0,0.0,0.0,0.0,0.0,0.0,0.0,0.0,0.0,-1.0,0.0,1.0,31101.0,1.0,20.0,0.0,1.0,0.0,1.0,999.0,0.0,0.0,2.0
26.0,5.0,0.0,0.0,0.0,0.0,0.0,0.0,0.0,0.0,0.0,0.0,-1.0,0.0,1.0,31101.0,1.0,20.0,0.0,1.0,0.0,1.0,999.0,0.0,0.0,2.0
56.0,10.0,0.0,0.0,0.0,0.0,0.0,0.0,0.0,0.0,0.0,0.0,0.0,0.0,1.0,31151.0,1.0,20.0,0.0,1.0,0.0,1.0,999.0,0.0,0.0,0.0
26.0,5.0,0.0,0.0,0.0,0.0,0.0,0.0,0.0,0.0,0.0,0.0,-1.0,0.0,1.0,31101.0,1.0,20.0,0.0,1.0,0.05,2.0,0.000999,0.0,0.0,2.0
26.0,5.0,0.0,0.0,0.0,0.0,0.0,0.0,0.0,0.0,0.0,0.0,-1.0,0.0,1.0,31101.0,1.0,20.0,0.0,1.0,0.05,2.0,0.000999,0.0,0.0,2.0
26.0,5.0,0.0,0.0,0.0,0.0,0.0,0.0,0.0,0.0,0.0,0.0,-1.0,0.0,1.0,31101.0,1.0,20.0,0.0,1.0,0.05,2.0,0.000999,0.0,0.0,2.0
26.0,5.0,0.0,0.0,0.0,0.0,0.0,0.0,0.0,0.0,0.0,0.0,-1.0,0.0,1.0,31101.0,1.0,20.0,0.0,1.0,0.05,2.0,0.002998,0.0,0.0,2.0
26.0,5.0,0.0,0.0,0.0,0.0,0.0,0.0,0.0,0.0,0.0,0.0,-1.0,0.0,1.0,31101.0,1.0,20.0,0.0,1.0,0.05,2.0,0.002998,0.0,0.0,2.0
26.0,5.0,0.0,0.0,0.0,0.0,0.0,0.0,0.0,0.0,0.0,0.0,-1.0,0.0,1.0,31101.0,1.0,20.0,0.0,1.0,0.05,2.0,0.003998,0.0,0.0,2.0
26.0,5.0,0.0,0.0,0.0,0.0,0.0,0.0,0.0,0.0,0.0,0.0,-1.0,0.0,1.0,31101.0,1.0,20.0,0.0,1.0,0.05,2.0,0.003998,0.0,0.0,2.0
26.0,5.0,0.0,0.0,0.0,0.0,0.0,0.0,0.0,0.0,0.0,0.0,-1.0,0.0,1.0,31101.0,1.0,20.0,0.0,1.0,0.05,2.0,0.004997,0.0,0.0,2.0
26.0,5.0,0.0,0.0,0.0,0.0,0.0,0.0,0.0,0.0,0.0,0.0,-1.0,0.0,1.0,31101.0,1.0,20.0,0.0,1.0,0.05,2.0,0.004997,0.0,0.0,2.0
26.0,5.0,0.0,0.0,0.0,0.0,0.0,0.0,0.0,0.0,0.0,0.0,-1.0,0.0,1.0,31101.0,1.0,20.0,0.0,1.0,0.05,2.0,0.004997,0.0,0.0,2.0
26.0,5.0,0.0,0.0,0.0,0.0,0.0,0.0,0.0,0.0,0.0,0.0,-1.0,0.0,1.0,31101.0,1.0,20.0,0.0,1.0,0.05,2.0,0.004997,0.0,0.0,2.0
26.0,5.0,0.0,0.0,0.0,0.0,0.0,0.0,0.0,0.0,0.0,0.0,-1.0,0.0,1.0,31101.0,1.0,20.0,0.0,1.0,0.05,2.0,0.006996,0.0,0.0,2.0
26.0,5.0,0.0,0.0,0.0,0.0,0.0,0.0,0.0,0.0,0.0,0.0,-1.0,0.0,1.0,31101.0,1.0,20.0,0.0,1.0,0.05,2.0,0.006996,0.0,0.0,2.0
26.0,5.0,0.0,0.0,0.0,0.0,0.0,0.0,0.0,0.0,0.0,0.0,-1.0,0.0,1.0,31101.0,1.0,20.0,0.0,1.0,0.05,2.0,0.007996,0.0,0.0,2.0
56.0,10.0,0.0,0.0,0.0,0.0,0.0,0.0,0.0,0.0,0.0,0.0,0.0,0.0,1.0,31151.0,1.0,20.0,0.0,1.0,0.05,2.0,0.007996,0.0,0.0,0.0
26.0,5.0,0.0,0.0,0.0,0.0,0.0,0.0,0.0,0.0,0.0,0.0,-1.0,0.0,1.0,31101.0,1.0,20.0,0.0,1.0,0.1,2.0,0.000999,0.0,0.0,2.0
26.0,5.0,0.0,0.0,0.0,0.0,0.0,0.0,0.0,0.0,0.0,0.0,-1.0,0.0,1.0,31101.0,1.0,20.0,0.0,1.0,0.1,2.0,0.001999,0.0,0.0,2.0
26.0,5.0,0.0,0.0,0.0,0.0,0.0,0.0,0.0,0.0,0.0,0.0,-1.0,0.0,1.0,31101.0,1.0,20.0,0.0,1.0,0.1,2.0,0.052973,0.0,0.0,2.0
26.0,5.0,0.0,0.0,0.0,0.0,0.0,0.0,0.0,0.0,0.0,0.0,-1.0,0.0,1.0,31101.0,1.0,20.0,0.0,1.0,0.1,2.0,0.053973,0.0,0.0,2.0
26.0,5.0,0.0,0.0,0.0,0.0,0.0,0.0,0.0,0.0,0.0,0.0,-1.0,0.0,1.0,31101.0,1.0,20.0,0.0,1.0,0.1,2.0,0.054972,0.0,0.0,2.0
26.0,5.0,0.0,0.0,0.0,0.0,0.0,0.0,0.0,0.0,0.0,0.0,-1.0,0.0,1.0,31101.0,1.0,20.0,0.0,1.0,0.05,2.0,0.054972,0.0,0.0,2.0
26.0,5.0,0.0,0.0,0.0,0.0,0.0,0.0,1.0,0.0,0.0,0.0,-1.0,0.0,1.0,31101.0,1.0,20.0,0.0,1.0,0.05,2.0,0.055972,0.0,0.0,2.0
26.0,5.0,0.0,0.0,0.0,0.0,0.0,0.0,1.0,0.0,0.0,0.0,-1.0,0.0,1.0,31101.0,1.0,20.0,0.0,1.0,0.05,2.0,0.055972,0.0,0.0,2.0
26.0,5.0,0.0,0.0,0.0,0.0,0.0,0.0,0.0,0.0,0.0,0.0,-1.0,0.0,1.0,31101.0,1.0,20.0,0.0,1.0,0.05,2.0,0.056971,0.0,0.0,2.0
26.0,5.0,0.0,0.0,0.0,0.0,0.0,0.0,0.0,0.0,0.0,0.0,-1.0,0.0,1.0,31101.0,1.0,20.0,0.0,1.0,0.05,2.0,0.056971,0.0,0.0,2.0
26.0,5.0,0.0,0.0,0.0,0.0,0.0,0.0,0.0,0.0,0.0,0.0,-1.0,0.0,1.0,31101.0,1.0,20.0,0.0,1.0,0.05,2.0,0.057971,0.0,0.0,2.0
26.0,5.0,0.0,0.0,0.0,0.0,0.0,0.0,0.0,0.0,0.0,0.0,-1.0,0.0,1.0,31101.0,1.0,20.0,0.0,1.0,0.05,2.0,0.05897,0.0,0.0,2.0
56.0,10.0,0.0,0.0,0.0,0.0,0.0,0.0,0.0,0.0,0.0,0.0,0.0,0.0,1.0,31151.0,1.0,20.0,0.0,1.0,0.05,2.0,0.05897,0.0,0.0,0.0
26.0,5.0,0.0,0.0,0.0,0.0,0.0,0.0,0.0,0.0,0.0,0.0,-1.0,0.0,1.0,31101.0,1.0,20.0,0.0,1.0,0.1,2.0,0.001,0.0,0.0,2.0
26.0,5.0,0.0,0.0,0.0,0.0,0.0,0.0,0.0,0.0,0.0,0.0,-1.0,0.0,1.0,31101.0,1.0,20.0,0.0,1.0,0.1,2.0,0.001,0.0,0.0,2.0
26.0,5.0,0.0,0.0,0.0,0.0,0.0,0.0,0.0,0.0,0.0,0.0,-1.0,0.0,1.0,31101.0,1.0,20.0,0.0,1.0,0.1,2.0,0.001999,0.0,0.0,2.0
26.0,5.0,0.0,0.0,0.0,0.0,0.0,0.0,0.0,0.0,0.0,0.0,-1.0,0.0,1.0,31101.0,1.0,20.0,0.0,1.0,0.1,2.0,0.001999,0.0,0.0,2.0
26.0,5.0,0.0,0.0,0.0,0.0,0.0,0.0,0.0,0.0,0.0,0.0,-1.0,0.0,1.0,31101.0,1.0,20.0,0.0,1.0,0.1,2.0,0.001999,0.0,0.0,2.0
26.0,5.0,0.0,0.0,0.0,0.0,0.0,0.0,0.0,0.0,0.0,0.0,-1.0,0.0,1.0,31101.0,1.0,20.0,0.0,1.0,0.1,2.0,0.001999,0.0,0.0,2.0
26.0,5.0,0.0,0.0,0.0,0.0,0.0,0.0,0.0,0.0,0.0,0.0,-1.0,0.0,1.0,31101.0,1.0,20.0,0.0,1.0,0.1,2.0,0.001999,0.0,0.0,2.0
26.0,5.0,0.0,0.0,0.0,0.0,0.0,0.0,0.0,0.0,0.0,0.0,-1.0,0.0,1.0,31101.0,1.0,20.0,0.0,1.0,0.05,2.0,0.001999,0.0,0.0,2.0
26.0,5.0,0.0,0.0,0.0,0.0,0.0,0.0,0.0,0.0,0.0,0.0,-1.0,0.0,1.0,31101.0,1.0,20.0,0.0,1.0,0.05,2.0,0.004998,0.0,0.0,2.0
26.0,5.0,0.0,0.0,0.0,0.0,0.0,0.0,0.0,0.0,0.0,0.0,-1.0,0.0,1.0,31101.0,1.0,20.0,0.0,1.0,0.05,2.0,0.004998,0.0,0.0,2.0
26.0,5.0,0.0,0.0,0.0,0.0,0.0,0.0,0.0,0.0,0.0,0.0,-1.0,0.0,1.0,31101.0,1.0,20.0,0.0,1.0,0.05,2.0,0.005997,0.0,0.0,2.0
26.0,5.0,0.0,0.0,0.0,0.0,0.0,0.0,0.0,0.0,0.0,0.0,-1.0,0.0,1.0,31101.0,1.0,20.0,0.0,1.0,0.05,2.0,0.005997,0.0,0.0,2.0
26.0,5.0,0.0,0.0,0.0,0.0,0.0,0.0,0.0,0.0,0.0,0.0,-1.0,0.0,1.0,31101.0,1.0,20.0,0.0,1.0,0.05,2.0,0.006997,0.0,0.0,2.0
56.0,10.0,0.0,0.0,0.0,0.0,0.0,0.0,0.0,0.0,0.0,0.0,0.0,0.0,1.0,31151.0,1.0,20.0,0.0,1.0,0.05,2.0,0.006997,0.0,0.0,0.0
26.0,5.0,0.0,0.0,0.0,0.0,0.0,0.0,0.0,0.0,0.0,0.0,-1.0,0.0,1.0,31101.0,1.0,20.0,0.0,1.0,0.1,2.0,0.000999,0.0,0.0,2.0
26.0,5.0,0.0,0.0,0.0,0.0,0.0,0.0,0.0,0.0,0.0,0.0,-1.0,0.0,1.0,31101.0,1.0,20.0,0.0,1.0,0.1,2.0,0.001999,0.0,0.0,2.0
26.0,5.0,0.0,0.0,0.0,0.0,0.0,0.0,0.0,0.0,0.0,0.0,-1.0,0.0,1.0,31101.0,1.0,20.0,0.0,1.0,0.1,2.0,0.001999,0.0,0.0,2.0
26.0,5.0,0.0,0.0,0.0,0.0,0.0,0.0,0.0,0.0,0.0,0.0,-1.0,0.0,1.0,31101.0,1.0,20.0,0.0,1.0,0.1,2.0,0.057971,0.0,0.0,2.0
26.0,5.0,0.0,0.0,0.0,0.0,0.0,0.0,0.0,0.0,0.0,0.0,-1.0,0.0,1.0,31101.0,1.0,20.0,0.0,1.0,0.1,2.0,0.05897,0.0,0.0,2.0
26.0,5.0,0.0,0.0,0.0,0.0,0.0,0.0,0.0,0.0,0.0,0.0,-1.0,0.0,1.0,31101.0,1.0,20.0,0.0,1.0,0.1,2.0,0.05897,0.0,0.0,2.0
26.0,5.0,0.0,0.0,0.0,0.0,0.0,0.0,0.0,0.0,0.0,0.0,-1.0,0.0,1.0,31101.0,1.0,20.0,0.0,1.0,0.05,2.0,0.05897,0.0,0.0,2.0
26.0,5.0,0.0,0.0,0.0,0.0,0.0,0.0,0.0,0.0,0.0,0.0,-1.0,0.0,1.0,31101.0,1.0,20.0,0.0,1.0,0.05,2.0,0.393803,0.0,0.0,2.0
26.0,5.0,0.0,0.0,0.0,0.0,0.0,0.0,0.0,0.0,0.0,0.0,-1.0,0.0,1.0,31101.0,1.0,20.0,0.0,1.0,0.05,2.0,0.393803,0.0,0.0,2.0
26.0,5.0,0.0,0.0,0.0,0.0,0.0,0.0,0.0,0.0,0.0,0.0,-1.0,0.0,1.0,31101.0,1.0,20.0,0.0,1.0,0.05,2.0,0.393803,0.0,0.0,2.0
26.0,5.0,0.0,0.0,0.0,0.0,0.0,0.0,0.0,0.0,0.0,0.0,-1.0,0.0,1.0,31101.0,1.0,20.0,0.0,1.0,0.05,2.0,0.393803,0.0,0.0,2.0
56.0,10.0,0.0,0.0,0.0,0.0,0.0,0.0,0.0,0.0,0.0,0.0,0.0,0.0,1.0,31151.0,1.0,20.0,0.0,1.0,0.05,2.0,0.503748,0.0,0.0,0.0
26.0,5.0,0.0,0.0,0.0,0.0,0.0,0.0,0.0,0.0,0.0,0.0,-1.0,0.0,1.0,31101.0,1.0,20.0,0.0,1.0,0.1,2.0,0.209895,0.0,0.0,2.0
26.0,5.0,0.0,0.0,0.0,0.0,0.0,0.0,0.0,0.0,0.0,0.0,-1.0,0.0,1.0,31101.0,1.0,20.0,0.0,1.0,0.1,2.0,0.209895,0.0,0.0,2.0
26.0,5.0,0.0,0.0,0.0,0.0,0.0,0.0,0.0,0.0,0.0,0.0,-1.0,0.0,1.0,31101.0,1.0,20.0,0.0,1.0,0.1,2.0,0.209895,0.0,0.0,2.0
26.0,5.0,0.0,0.0,0.0,0.0,0.0,0.0,0.0,0.0,0.0,0.0,-1.0,0.0,1.0,31101.0,1.0,20.0,0.0,1.0,0.1,2.0,0.209895,0.0,0.0,2.0
26.0,5.0,0.0,0.0,0.0,0.0,0.0,0.0,0.0,0.0,0.0,0.0,-1.0,0.0,1.0,31101.0,1.0,20.0,0.0,1.0,0.1,2.0,0.209895,0.0,0.0,2.0
26.0,5.0,0.0,0.0,0.0,0.0,0.0,0.0,0.0,0.0,0.0,0.0,-1.0,0.0,1.0,31101.0,1.0,20.0,0.0,1.0,0.1,2.0,0.209895,0.0,0.0,2.0
26.0,5.0,0.0,0.0,0.0,0.0,0.0,0.0,0.0,0.0,0.0,0.0,-1.0,0.0,1.0,31101.0,1.0,20.0,0.0,1.0,0.1,2.0,0.209895,0.0,0.0,2.0
26.0,5.0,0.0,0.0,0.0,0.0,0.0,0.0,0.0,0.0,0.0,0.0,-1.0,0.0,1.0,31101.0,1.0,20.0,0.0,1.0,0.1,2.0,0.209895,0.0,0.0,2.0
26.0,5.0,0.0,0.0,0.0,0.0,0.0,0.0,0.0,0.0,0.0,0.0,-1.0,0.0,1.0,31101.0,1.0,20.0,0.0,1.0,0.05,2.0,0.209895,0.0,0.0,2.0
26.0,5.0,0.0,0.0,0.0,0.0,0.0,0.0,0.0,0.0,0.0,0.0,-1.0,0.0,1.0,31101.0,1.0,20.0,0.0,1.0,0.05,2.0,0.209895,0.0,0.0,2.0
26.0,5.0,0.0,0.0,0.0,0.0,0.0,0.0,0.0,0.0,0.0,0.0,-1.0,0.0,1.0,31101.0,1.0,20.0,0.0,1.0,0.05,2.0,0.209895,0.0,0.0,2.0
26.0,5.0,0.0,0.0,0.0,0.0,0.0,0.0,0.0,0.0,0.0,0.0,-1.0,0.0,1.0,31101.0,1.0,20.0,0.0,1.0,0.05,2.0,0.209895,0.0,0.0,2.0
56.0,10.0,0.0,0.0,0.0,0.0,0.0,0.0,0.0,0.0,0.0,0.0,0.0,0.0,1.0,31151.0,1.0,20.0,0.0,1.0,0.05,2.0,0.209895,0.0,0.0,0.0
26.0,5.0,0.0,0.0,0.0,0.0,0.0,0.0,0.0,0.0,0.0,0.0,-1.0,0.0,1.0,31101.0,1.0,20.0,0.0,1.0,0.1,2.0,0.0,0.0,0.0,2.0
26.0,5.0,0.0,0.0,0.0,0.0,0.0,0.0,0.0,0.0,0.0,0.0,-1.0,0.0,1.0,31101.0,1.0,20.0,0.0,1.0,0.1,2.0,0.0,0.0,0.0,2.0
26.0,5.0,0.0,0.0,0.0,0.0,0.0,0.0,0.0,0.0,0.0,0.0,-1.0,0.0,1.0,31101.0,1.0,20.0,0.0,1.0,0.1,2.0,0.0,0.0,0.0,2.0
26.0,5.0,0.0,0.0,0.0,0.0,0.0,0.0,0.0,0.0,0.0,0.0,-1.0,0.0,1.0,31101.0,1.0,20.0,0.0,1.0,0.1,2.0,0.0,0.0,0.0,2.0
26.0,5.0,0.0,0.0,0.0,0.0,0.0,0.0,0.0,0.0,0.0,0.0,-1.0,0.0,1.0,31101.0,1.0,20.0,0.0,1.0,0.1,2.0,0.0,0.0,0.0,2.0
26.0,5.0,0.0,0.0,0.0,0.0,0.0,0.0,0.0,0.0,0.0,0.0,-1.0,0.0,1.0,31101.0,1.0,20.0,0.0,1.0,0.1,2.0,0.050974,0.0,0.0,2.0
26.0,5.0,0.0,0.0,0.0,0.0,0.0,0.0,0.0,0.0,0.0,0.0,-1.0,0.0,1.0,31101.0,1.0,20.0,0.0,1.0,0.1,2.0,0.052973,0.0,0.0,2.0
26.0,5.0,0.0,0.0,0.0,0.0,0.0,0.0,0.0,0.0,0.0,0.0,-1.0,0.0,1.0,31101.0,1.0,20.0,0.0,1.0,0.05,2.0,0.053973,0.0,0.0,2.0
26.0,5.0,0.0,0.0,0.0,0.0,0.0,0.0,0.0,0.0,0.0,0.0,-1.0,0.0,1.0,31101.0,1.0,20.0,0.0,1.0,0.05,2.0,0.053973,0.0,0.0,2.0
26.0,5.0,0.0,0.0,0.0,0.0,0.0,0.0,0.0,0.0,0.0,0.0,-1.0,0.0,1.0,31101.0,1.0,20.0,0.0,1.0,0.05,2.0,0.053973,0.0,0.0,2.0
26.0,5.0,0.0,0.0,0.0,0.0,0.0,0.0,0.0,0.0,0.0,0.0,-1.0,0.0,1.0,31101.0,1.0,20.0,0.0,1.0,0.05,2.0,0.106946,0.0,0.0,2.0
56.0,10.0,0.0,0.0,0.0,0.0,0.0,0.0,0.0,0.0,0.0,0.0,0.0,0.0,1.0,31151.0,1.0,20.0,0.0,1.0,0.05,2.0,0.106946,0.0,0.0,0.0
26.0,5.0,0.0,0.0,0.0,0.0,0.0,0.0,0.0,0.0,0.0,0.0,-1.0,0.0,1.0,31101.0,1.0,20.0,0.0,1.0,0.1,2.0,0.336832,0.0,0.0,2.0
26.0,5.0,0.0,0.0,0.0,0.0,0.0,0.0,0.0,0.0,0.0,0.0,-1.0,0.0,1.0,31101.0,1.0,20.0,0.0,1.0,0.1,2.0,0.337831,0.0,0.0,2.0
26.0,5.0,0.0,0.0,0.0,0.0,0.0,0.0,0.0,0.0,0.0,0.0,-1.0,0.0,1.0,31101.0,1.0,20.0,0.0,1.0,0.1,2.0,0.338831,0.0,0.0,2.0
26.0,5.0,0.0,0.0,0.0,0.0,0.0,0.0,0.0,0.0,0.0,0.0,-1.0,0.0,1.0,31101.0,1.0,20.0,0.0,1.0,0.1,2.0,0.338831,0.0,0.0,2.0
26.0,5.0,0.0,0.0,0.0,0.0,0.0,0.0,0.0,0.0,0.0,0.0,-1.0,0.0,1.0,31101.0,1.0,20.0,0.0,1.0,0.1,2.0,0.338831,0.0,0.0,2.0
26.0,5.0,0.0,0.0,0.0,0.0,0.0,0.0,0.0,0.0,0.0,0.0,-1.0,0.0,1.0,31101.0,1.0,20.0,0.0,1.0,0.1,2.0,0.338831,0.0,0.0,2.0
26.0,5.0,0.0,0.0,0.0,0.0,0.0,0.0,0.0,0.0,0.0,0.0,-1.0,0.0,1.0,31101.0,1.0,20.0,0.0,1.0,0.1,2.0,0.341829,0.0,0.0,2.0
26.0,5.0,0.0,0.0,0.0,0.0,0.0,0.0,0.0,0.0,0.0,0.0,-1.0,0.0,1.0,31101.0,1.0,20.0,0.0,1.0,0.1,2.0,0.341829,0.0,0.0,2.0
26.0,5.0,0.0,0.0,0.0,0.0,0.0,0.0,0.0,0.0,0.0,0.0,-1.0,0.0,1.0,31101.0,1.0,20.0,0.0,1.0,0.05,2.0,0.341829,0.0,0.0,2.0
26.0,5.0,0.0,0.0,0.0,0.0,0.0,0.0,0.0,0.0,0.0,0.0,-1.0,0.0,1.0,31101.0,1.0,20.0,0.0,1.0,0.05,2.0,0.341829,0.0,0.0,2.0
26.0,5.0,0.0,0.0,0.0,0.0,0.0,0.0,0.0,0.0,0.0,0.0,-1.0,0.0,1.0,31101.0,1.0,20.0,0.0,1.0,0.05,2.0,0.342829,0.0,0.0,2.0
26.0,5.0,0.0,0.0,0.0,0.0,0.0,0.0,0.0,0.0,0.0,0.0,-1.0,0.0,1.0,31101.0,1.0,20.0,0.0,1.0,0.05,2.0,0.342829,0.0,0.0,2.0
56.0,10.0,0.0,0.0,0.0,0.0,0.0,0.0,0.0,0.0,0.0,0.0,0.0,0.0,1.0,31151.0,1.0,20.0,0.0,1.0,0.05,2.0,0.342829,0.0,0.0,0.0
26.0,5.0,0.0,0.0,0.0,0.0,0.0,0.0,0.0,0.0,0.0,0.0,-1.0,0.0,1.0,31101.0,1.0,20.0,0.0,1.0,0.1,2.0,0.0,0.0,0.0,2.0
26.0,5.0,0.0,0.0,0.0,0.0,0.0,0.0,0.0,0.0,0.0,0.0,-1.0,0.0,1.0,31101.0,1.0,20.0,0.0,1.0,0.1,2.0,0.0,0.0,0.0,2.0
26.0,5.0,0.0,0.0,0.0,0.0,0.0,0.0,0.0,0.0,0.0,0.0,-1.0,0.0,1.0,31101.0,1.0,20.0,0.0,1.0,0.1,2.0,0.0,0.0,0.0,2.0
26.0,5.0,0.0,0.0,0.0,0.0,0.0,0.0,0.0,0.0,0.0,0.0,-1.0,0.0,1.0,31101.0,1.0,20.0,0.0,1.0,0.1,2.0,0.0,0.0,0.0,2.0
26.0,5.0,0.0,0.0,0.0,0.0,0.0,0.0,0.0,0.0,0.0,0.0,-1.0,0.0,1.0,31101.0,1.0,20.0,0.0,1.0,0.1,2.0,0.0,0.0,0.0,2.0
26.0,5.0,0.0,0.0,0.0,0.0,0.0,0.0,0.0,0.0,0.0,0.0,-1.0,0.0,1.0,31101.0,1.0,20.0,0.0,1.0,0.1,2.0,0.0,0.0,0.0,2.0
26.0,5.0,0.0,0.0,0.0,0.0,0.0,0.0,0.0,0.0,0.0,0.0,-1.0,0.0,1.0,31101.0,1.0,20.0,0.0,1.0,0.1,2.0,0.348825,0.0,0.0,2.0
26.0,5.0,0.0,0.0,0.0,0.0,0.0,0.0,0.0,0.0,0.0,0.0,-1.0,0.0,1.0,31101.0,1.0,20.0,0.0,1.0,0.05,2.0,0.349825,0.0,0.0,2.0
26.0,5.0,0.0,0.0,0.0,0.0,0.0,0.0,0.0,0.0,0.0,0.0,-1.0,0.0,1.0,31101.0,1.0,20.0,0.0,1.0,0.05,2.0,0.350824,0.0,0.0,2.0
26.0,5.0,0.0,0.0,0.0,0.0,0.0,0.0,0.0,0.0,0.0,0.0,-1.0,0.0,1.0,31101.0,1.0,20.0,0.0,1.0,0.05,2.0,0.350824,0.0,0.0,2.0
26.0,5.0,0.0,0.0,0.0,0.0,0.0,0.0,0.0,0.0,0.0,0.0,-1.0,0.0,1.0,31101.0,1.0,20.0,0.0,1.0,0.05,2.0,0.350824,0.0,0.0,2.0
26.0,5.0,0.0,0.0,0.0,0.0,0.0,0.0,0.0,0.0,0.0,0.0,-1.0,0.0,1.0,31101.0,1.0,20.0,0.0,1.0,0.05,2.0,0.350824,0.0,0.0,2.0
56.0,10.0,0.0,0.0,0.0,0.0,0.0,0.0,0.0,0.0,0.0,0.0,0.0,0.0,1.0,31151.0,1.0,20.0,0.0,1.0,0.05,2.0,0.350824,0.0,0.0,0.0
26.0,5.0,0.0,0.0,0.0,0.0,0.0,0.0,0.0,0.0,0.0,0.0,-1.0,0.0,1.0,31101.0,1.0,20.0,0.0,1.0,0.1,2.0,0.001999,0.0,0.0,2.0
26.0,5.0,0.0,0.0,0.0,0.0,0.0,0.0,0.0,0.0,0.0,0.0,-1.0,0.0,1.0,31101.0,1.0,20.0,0.0,1.0,0.1,2.0,0.222889,0.0,0.0,2.0
26.0,5.0,0.0,0.0,0.0,0.0,0.0,0.0,0.0,0.0,0.0,0.0,-1.0,0.0,1.0,31101.0,1.0,20.0,0.0,1.0,0.1,2.0,0.222889,0.0,0.0,2.0
26.0,5.0,0.0,0.0,0.0,0.0,0.0,0.0,0.0,0.0,0.0,0.0,-1.0,0.0,1.0,31101.0,1.0,20.0,0.0,1.0,0.1,2.0,0.222889,0.0,0.0,2.0
26.0,5.0,0.0,0.0,0.0,0.0,0.0,0.0,0.0,0.0,0.0,0.0,-1.0,0.0,1.0,31101.0,1.0,20.0,0.0,1.0,0.1,2.0,0.222889,0.0,0.0,2.0
26.0,5.0,0.0,0.0,0.0,0.0,0.0,0.0,0.0,0.0,0.0,0.0,-1.0,0.0,1.0,31101.0,1.0,20.0,0.0,1.0,0.1,2.0,0.224888,0.0,0.0,2.0
26.0,5.0,0.0,0.0,0.0,0.0,0.0,0.0,0.0,0.0,0.0,0.0,-1.0,0.0,1.0,31101.0,1.0,20.0,0.0,1.0,0.1,2.0,0.225887,0.0,0.0,2.0
26.0,5.0,0.0,0.0,0.0,0.0,0.0,0.0,0.0,0.0,0.0,0.0,-1.0,0.0,1.0,31101.0,1.0,20.0,0.0,1.0,0.05,2.0,0.226887,0.0,0.0,2.0
26.0,5.0,0.0,0.0,0.0,0.0,0.0,0.0,0.0,0.0,0.0,0.0,-1.0,0.0,1.0,31101.0,1.0,20.0,0.0,1.0,0.05,2.0,0.226887,0.0,0.0,2.0
26.0,5.0,0.0,0.0,0.0,0.0,0.0,0.0,0.0,0.0,0.0,0.0,-1.0,0.0,1.0,31101.0,1.0,20.0,0.0,1.0,0.05,2.0,0.226887,0.0,0.0,2.0
26.0,5.0,0.0,0.0,0.0,0.0,0.0,0.0,0.0,0.0,0.0,0.0,-1.0,0.0,1.0,31101.0,1.0,20.0,0.0,1.0,0.05,2.0,0.28086,0.0,0.0,2.0
26.0,5.0,0.0,0.0,0.0,0.0,0.0,0.0,0.0,0.0,0.0,0.0,-1.0,0.0,1.0,31101.0,1.0,20.0,0.0,1.0,0.05,2.0,0.282859,0.0,0.0,2.0
56.0,10.0,0.0,0.0,0.0,0.0,0.0,0.0,0.0,0.0,0.0,0.0,0.0,0.0,1.0,31151.0,1.0,20.0,0.0,1.0,0.05,2.0,0.282859,0.0,0.0,0.0
26.0,5.0,0.0,0.0,0.0,0.0,0.0,0.0,0.0,0.0,0.0,0.0,-1.0,0.0,1.0,31101.0,1.0,20.0,0.0,1.0,0.1,2.0,0.0,0.0,0.0,2.0
26.0,5.0,0.0,0.0,0.0,0.0,0.0,0.0,0.0,0.0,0.0,0.0,-1.0,0.0,1.0,31101.0,1.0,20.0,0.0,1.0,0.1,2.0,0.0,0.0,0.0,2.0
26.0,5.0,0.0,0.0,0.0,0.0,0.0,0.0,0.0,0.0,0.0,0.0,-1.0,0.0,1.0,31101.0,1.0,20.0,0.0,1.0,0.1,2.0,0.0,0.0,0.0,2.0
26.0,5.0,0.0,0.0,0.0,0.0,0.0,0.0,0.0,0.0,0.0,0.0,-1.0,0.0,1.0,31101.0,1.0,20.0,0.0,1.0,0.1,2.0,0.0,0.0,0.0,2.0
26.0,5.0,0.0,0.0,0.0,0.0,0.0,0.0,0.0,0.0,0.0,0.0,-1.0,0.0,1.0,31101.0,1.0,20.0,0.0,1.0,0.1,2.0,0.0,0.0,0.0,2.0
26.0,5.0,0.0,0.0,0.0,0.0,0.0,0.0,0.0,0.0,0.0,0.0,-1.0,0.0,1.0,31101.0,1.0,20.0,0.0,1.0,0.1,2.0,0.0,0.0,0.0,2.0
26.0,5.0,0.0,0.0,0.0,0.0,0.0,0.0,0.0,0.0,0.0,0.0,-1.0,0.0,1.0,31101.0,1.0,20.0,0.0,1.0,0.1,2.0,0.0,0.0,0.0,2.0
26.0,5.0,0.0,0.0,0.0,0.0,0.0,0.0,0.0,0.0,0.0,0.0,-1.0,0.0,1.0,31101.0,1.0,20.0,0.0,1.0,0.05,2.0,0.056971,0.0,0.0,2.0
26.0,5.0,0.0,0.0,0.0,0.0,0.0,0.0,0.0,0.0,0.0,0.0,-1.0,0.0,1.0,31101.0,1.0,20.0,0.0,1.0,0.05,2.0,0.056971,0.0,0.0,2.0
26.0,5.0,0.0,0.0,0.0,0.0,0.0,0.0,0.0,0.0,0.0,0.0,-1.0,0.0,1.0,31101.0,1.0,20.0,0.0,1.0,0.05,2.0,0.056971,0.0,0.0,2.0
26.0,5.0,0.0,0.0,0.0,0.0,0.0,0.0,0.0,0.0,0.0,0.0,-1.0,0.0,1.0,31101.0,1.0,20.0,0.0,1.0,0.05,2.0,0.056971,0.0,0.0,2.0
26.0,5.0,0.0,0.0,0.0,0.0,0.0,0.0,0.0,0.0,0.0,0.0,-1.0,0.0,1.0,31101.0,1.0,20.0,0.0,1.0,0.05,2.0,0.056971,0.0,0.0,2.0
56.0,10.0,0.0,0.0,0.0,0.0,0.0,0.0,0.0,0.0,0.0,0.0,0.0,0.0,1.0,31151.0,1.0,20.0,0.0,1.0,0.05,2.0,0.056971,0.0,0.0,0.0
26.0,5.0,0.0,0.0,0.0,0.0,0.0,0.0,0.0,0.0,0.0,0.0,-1.0,0.0,1.0,31101.0,1.0,20.0,0.0,1.0,0.1,2.0,0.0,0.0,0.0,2.0
26.0,5.0,0.0,0.0,0.0,0.0,0.0,0.0,0.0,0.0,0.0,0.0,-1.0,0.0,1.0,31101.0,1.0,20.0,0.0,1.0,0.1,2.0,0.0,0.0,0.0,2.0
26.0,5.0,0.0,0.0,0.0,0.0,0.0,0.0,0.0,0.0,0.0,0.0,-1.0,0.0,1.0,31101.0,1.0,20.0,0.0,1.0,0.1,2.0,0.104948,0.0,0.0,2.0
26.0,5.0,0.0,0.0,0.0,0.0,0.0,0.0,0.0,0.0,0.0,0.0,-1.0,0.0,1.0,31101.0,1.0,20.0,0.0,1.0,0.1,2.0,0.105947,0.0,0.0,2.0
26.0,5.0,0.0,0.0,0.0,0.0,0.0,0.0,0.0,0.0,0.0,0.0,-1.0,0.0,1.0,31101.0,1.0,20.0,0.0,1.0,0.1,2.0,0.105947,0.0,0.0,2.0
26.0,5.0,0.0,0.0,0.0,0.0,0.0,0.0,0.0,0.0,0.0,0.0,-1.0,0.0,1.0,31101.0,1.0,20.0,0.0,1.0,0.1,2.0,0.105947,0.0,0.0,2.0
26.0,5.0,0.0,0.0,0.0,0.0,0.0,0.0,0.0,0.0,0.0,0.0,-1.0,0.0,1.0,31101.0,1.0,20.0,0.0,1.0,0.1,2.0,0.105947,0.0,0.0,2.0
26.0,5.0,0.0,0.0,0.0,0.0,0.0,0.0,0.0,0.0,0.0,0.0,-1.0,0.0,1.0,31101.0,1.0,20.0,0.0,1.0,0.05,2.0,0.105947,0.0,0.0,2.0
26.0,5.0,0.0,0.0,0.0,0.0,0.0,0.0,0.0,0.0,0.0,0.0,-1.0,0.0,1.0,31101.0,1.0,20.0,0.0,1.0,0.05,2.0,0.105947,0.0,0.0,2.0
26.0,5.0,0.0,0.0,0.0,0.0,0.0,0.0,0.0,0.0,0.0,0.0,-1.0,0.0,1.0,31101.0,1.0,20.0,0.0,1.0,0.05,2.0,0.105947,0.0,0.0,2.0
26.0,5.0,0.0,0.0,0.0,0.0,0.0,0.0,0.0,0.0,0.0,0.0,-1.0,0.0,1.0,31101.0,1.0,20.0,0.0,1.0,0.05,2.0,0.107946,0.0,0.0,2.0
26.0,5.0,0.0,0.0,0.0,0.0,0.0,0.0,0.0,0.0,0.0,0.0,-1.0,0.0,1.0,31101.0,1.0,20.0,0.0,1.0,0.05,2.0,0.107946,0.0,0.0,2.0
56.0,10.0,0.0,0.0,0.0,0.0,0.0,0.0,0.0,0.0,0.0,0.0,0.0,0.0,1.0,31151.0,1.0,20.0,0.0,1.0,0.05,2.0,0.107946,0.0,0.0,0.0
26.0,5.0,0.0,0.0,0.0,0.0,0.0,0.0,0.0,0.0,0.0,0.0,-1.0,0.0,1.0,31101.0,1.0,20.0,0.0,1.0,0.1,2.0,0.0,0.0,0.0,2.0
26.0,5.0,0.0,0.0,0.0,0.0,0.0,0.0,0.0,0.0,0.0,0.0,-1.0,0.0,1.0,31101.0,1.0,20.0,0.0,1.0,0.1,2.0,0.0,0.0,0.0,2.0
26.0,5.0,0.0,0.0,0.0,0.0,0.0,0.0,0.0,0.0,0.0,0.0,-1.0,0.0,1.0,31101.0,1.0,20.0,0.0,1.0,0.1,2.0,0.0,0.0,0.0,2.0
26.0,5.0,0.0,0.0,0.0,0.0,0.0,0.0,0.0,0.0,0.0,0.0,-1.0,0.0,1.0,31101.0,1.0,20.0,0.0,1.0,0.1,2.0,0.0,0.0,0.0,2.0
26.0,5.0,0.0,0.0,0.0,0.0,0.0,0.0,0.0,0.0,0.0,0.0,-1.0,0.0,1.0,31101.0,1.0,20.0,0.0,1.0,0.1,2.0,0.0,0.0,0.0,2.0
26.0,5.0,0.0,0.0,0.0,0.0,0.0,0.0,0.0,0.0,0.0,0.0,-1.0,0.0,1.0,31101.0,1.0,20.0,0.0,1.0,0.1,2.0,0.0,0.0,0.0,2.0
26.0,5.0,0.0,0.0,0.0,0.0,0.0,0.0,0.0,0.0,0.0,0.0,-1.0,0.0,1.0,31101.0,1.0,20.0,0.0,1.0,0.1,2.0,0.0,0.0,0.0,2.0
26.0,5.0,0.0,0.0,0.0,0.0,0.0,0.0,0.0,0.0,0.0,0.0,-1.0,0.0,1.0,31101.0,1.0,20.0,0.0,1.0,0.05,2.0,0.002999,0.0,0.0,2.0
26.0,5.0,0.0,0.0,0.0,0.0,0.0,0.0,0.0,0.0,0.0,0.0,-1.0,0.0,1.0,31101.0,1.0,20.0,0.0,1.0,0.05,2.0,0.002999,0.0,0.0,2.0
26.0,5.0,0.0,0.0,0.0,0.0,0.0,0.0,0.0,0.0,0.0,0.0,-1.0,0.0,1.0,31101.0,1.0,20.0,0.0,1.0,0.05,2.0,0.002999,0.0,0.0,2.0
26.0,5.0,0.0,0.0,0.0,0.0,0.0,0.0,0.0,0.0,0.0,0.0,-1.0,0.0,1.0,31101.0,1.0,20.0,0.0,1.0,0.05,2.0,0.002999,0.0,0.0,2.0
26.0,5.0,0.0,0.0,0.0,0.0,0.0,0.0,0.0,0.0,0.0,0.0,-1.0,0.0,1.0,31101.0,1.0,20.0,0.0,1.0,0.05,2.0,0.002999,0.0,0.0,2.0
26.0,5.0,0.0,0.0,0.0,0.0,0.0,0.0,0.0,0.0,0.0,0.0,-1.0,0.0,1.0,31101.0,1.0,20.0,0.0,1.0,0.05,2.0,0.002999,0.0,0.0,2.0
56.0,10.0,0.0,0.0,0.0,0.0,0.0,0.0,0.0,0.0,0.0,0.0,0.0,0.0,1.0,31151.0,1.0,20.0,0.0,1.0,0.05,2.0,0.002999,0.0,0.0,0.0
26.0,5.0,0.0,0.0,0.0,0.0,0.0,0.0,0.0,0.0,0.0,0.0,-1.0,0.0,1.0,31101.0,1.0,20.0,0.0,1.0,0.1,2.0,0.0,0.0,0.0,2.0
26.0,5.0,0.0,0.0,0.0,0.0,0.0,0.0,0.0,0.0,0.0,0.0,-1.0,0.0,1.0,31101.0,1.0,20.0,0.0,1.0,0.1,2.0,0.0,0.0,0.0,2.0
26.0,5.0,0.0,0.0,0.0,0.0,0.0,0.0,0.0,0.0,0.0,0.0,-1.0,0.0,1.0,31101.0,1.0,20.0,0.0,1.0,0.1,2.0,0.0,0.0,0.0,2.0
26.0,5.0,0.0,0.0,0.0,0.0,0.0,0.0,0.0,0.0,0.0,0.0,-1.0,0.0,1.0,31101.0,1.0,20.0,0.0,1.0,0.1,2.0,0.0,0.0,0.0,2.0
26.0,5.0,0.0,0.0,0.0,0.0,0.0,0.0,0.0,0.0,0.0,0.0,-1.0,0.0,1.0,31101.0,1.0,20.0,0.0,1.0,0.1,2.0,0.0,0.0,0.0,2.0
26.0,5.0,0.0,0.0,0.0,0.0,0.0,0.0,0.0,0.0,0.0,0.0,-1.0,0.0,1.0,31101.0,1.0,20.0,0.0,1.0,0.1,2.0,0.0,0.0,0.0,2.0
26.0,5.0,0.0,0.0,0.0,0.0,0.0,0.0,0.0,0.0,0.0,0.0,-1.0,0.0,1.0,31101.0,1.0,20.0,0.0,1.0,0.05,2.0,0.0,0.0,0.0,2.0
26.0,5.0,0.0,0.0,0.0,0.0,0.0,0.0,0.0,0.0,0.0,0.0,-1.0,0.0,1.0,31101.0,1.0,20.0,0.0,1.0,0.05,2.0,0.0,0.0,0.0,2.0
26.0,5.0,0.0,0.0,0.0,0.0,0.0,0.0,0.0,0.0,0.0,0.0,-1.0,0.0,1.0,31101.0,1.0,20.0,0.0,1.0,0.05,2.0,0.064967,0.0,0.0,2.0
26.0,5.0,0.0,0.0,0.0,0.0,0.0,0.0,0.0,0.0,0.0,0.0,-1.0,0.0,1.0,31101.0,1.0,20.0,0.0,1.0,0.05,2.0,0.064967,0.0,0.0,2.0
26.0,5.0,0.0,0.0,0.0,0.0,0.0,0.0,0.0,0.0,0.0,0.0,-1.0,0.0,1.0,31101.0,1.0,20.0,0.0,1.0,0.05,2.0,0.064967,0.0,0.0,2.0
26.0,5.0,0.0,0.0,0.0,0.0,0.0,0.0,1.0,0.0,0.0,0.0,-1.0,0.0,1.0,31101.0,1.0,20.0,0.0,1.0,0.05,2.0,0.064967,0.0,0.0,2.0
26.0,5.0,0.0,0.0,0.0,0.0,0.0,0.0,0.0,0.0,0.0,0.0,-1.0,0.0,1.0,31101.0,1.0,20.0,0.0,1.0,0.05,2.0,0.11894,0.0,0.0,2.0
26.0,5.0,0.0,0.0,0.0,0.0,0.0,0.0,0.0,0.0,0.0,0.0,-1.0,0.0,1.0,31101.0,1.0,20.0,0.0,1.0,0.05,2.0,0.125937,0.0,0.0,2.0
26.0,5.0,0.0,0.0,0.0,0.0,0.0,0.0,0.0,0.0,0.0,0.0,-1.0,0.0,1.0,31101.0,1.0,20.0,0.0,1.0,0.05,2.0,0.125937,0.0,0.0,2.0
26.0,5.0,0.0,0.0,0.0,0.0,0.0,0.0,0.0,0.0,0.0,0.0,-1.0,0.0,1.0,31101.0,1.0,20.0,0.0,1.0,0.05,2.0,0.282858,0.0,0.0,2.0
26.0,5.0,0.0,0.0,0.0,0.0,0.0,0.0,0.0,0.0,0.0,0.0,-1.0,0.0,1.0,31101.0,1.0,20.0,0.0,1.0,0.05,2.0,0.285857,0.0,0.0,2.0
26.0,5.0,0.0,0.0,0.0,0.0,0.0,0.0,0.0,0.0,0.0,0.0,-1.0,0.0,1.0,31101.0,1.0,20.0,0.0,1.0,0.05,2.0,0.285857,0.0,0.0,2.0
26.0,5.0,0.0,0.0,0.0,0.0,0.0,0.0,0.0,0.0,0.0,0.0,-1.0,0.0,1.0,31101.0,1.0,20.0,0.0,1.0,0.05,2.0,0.285857,0.0,0.0,2.0
26.0,5.0,0.0,0.0,0.0,0.0,0.0,0.0,0.0,0.0,0.0,0.0,-1.0,0.0,1.0,31101.0,1.0,20.0,0.0,1.0,0.05,2.0,0.450774,0.0,0.0,2.0
26.0,5.0,0.0,0.0,0.0,0.0,0.0,0.0,0.0,0.0,0.0,0.0,-1.0,0.0,1.0,31101.0,1.0,20.0,0.0,1.0,0.0,1.0,999.0,0.0,0.0,2.0
26.0,5.0,0.0,0.0,0.0,0.0,0.0,0.0,0.0,0.0,0.0,0.0,-1.0,0.0,1.0,31101.0,1.0,20.0,0.0,1.0,0.0,1.0,999.0,0.0,0.0,2.0
26.0,5.0,0.0,0.0,0.0,0.0,1.0,0.0,0.0,0.0,0.0,0.0,-1.0,0.0,1.0,31101.0,1.0,20.0,0.0,1.0,0.0,1.0,999.0,0.0,0.0,2.0
56.0,10.0,0.0,0.0,0.0,0.0,0.0,0.0,0.0,0.0,0.0,0.0,0.0,0.0,1.0,31151.0,1.0,20.0,0.0,1.0,0.0,1.0,999.0,0.0,0.0,0.0
26.0,5.0,0.0,0.0,0.0,0.0,0.0,0.0,0.0,0.0,0.0,0.0,-1.0,0.0,1.0,31101.0,1.0,20.0,0.0,1.0,0.05,2.0,0.102948,0.0,0.0,2.0
26.0,5.0,0.0,0.0,0.0,0.0,0.0,0.0,0.0,0.0,0.0,0.0,-1.0,0.0,1.0,31101.0,1.0,20.0,0.0,1.0,0.05,2.0,0.103948,0.0,0.0,2.0
26.0,5.0,0.0,0.0,0.0,0.0,0.0,0.0,0.0,0.0,0.0,0.0,-1.0,0.0,1.0,31101.0,1.0,20.0,0.0,1.0,0.05,2.0,0.105947,0.0,0.0,2.0
26.0,5.0,0.0,0.0,0.0,0.0,0.0,0.0,0.0,0.0,0.0,0.0,-1.0,0.0,1.0,31101.0,1.0,20.0,0.0,1.0,0.05,2.0,0.106946,0.0,0.0,2.0
26.0,5.0,0.0,0.0,0.0,0.0,0.0,0.0,0.0,0.0,0.0,0.0,-1.0,0.0,1.0,31101.0,1.0,20.0,0.0,1.0,0.05,2.0,0.106946,0.0,0.0,2.0
48.0,5.0,1.0,1.0,1.0,0.0,0.0,0.0,0.0,1.0,0.0,0.0,7.0,1.0,0.0,5710.0,1.0,20.0,0.0,1.0,0.05,2.0,0.106946,0.0,0.0,3.0
48.0,5.0,1.0,1.0,1.0,0.0,0.0,0.0,0.0,1.0,0.0,0.0,7.0,1.0,0.0,5710.0,1.0,20.0,1.0,2.0,0.05,3.0,0.108945,1.0,1.0,3.0
48.0,5.0,1.0,1.0,1.0,0.0,0.0,0.0,0.0,1.0,0.0,0.0,7.0,1.0,0.0,5710.0,1.0,20.0,2.0,2.0,0.05,3.0,0.421789,1.0,1.0,3.0
48.0,5.0,1.0,1.0,1.0,0.0,0.0,0.0,0.0,1.0,0.0,0.0,7.0,1.0,0.0,5710.0,1.0,20.0,3.0,2.0,0.05,3.0,0.421789,1.0,1.0,3.0
48.0,5.0,1.0,1.0,1.0,0.0,0.0,0.0,0.0,1.0,0.0,0.0,7.0,1.0,0.0,5710.0,1.0,20.0,4.0,2.0,0.05,3.0,0.421789,1.0,1.0,3.0
48.0,5.0,1.0,1.0,1.0,0.0,0.0,0.0,0.0,1.0,0.0,0.0,7.0,1.0,0.0,5710.0,1.0,20.0,5.0,2.0,0.05,3.0,0.421789,1.0,1.0,3.0
48.0,5.0,1.0,1.0,1.0,0.0,0.0,0.0,0.0,1.0,0.0,0.0,7.0,1.0,0.0,5710.0,1.0,20.0,6.0,2.0,0.05,3.0,0.421789,1.0,1.0,3.0
72.0,10.0,0.0,1.0,1.0,0.0,0.0,0.0,0.0,0.0,0.0,0.0,7.0,1.0,0.0,5712.0,1.0,20.0,7.0,2.0,0.05,3.0,0.421789,1.0,1.0,3.0
48.0,5.0,1.0,1.0,1.0,0.0,0.0,0.0,0.0,1.0,0.0,0.0,7.0,1.0,0.0,5710.0,1.0,20.0,8.0,2.0,0.1,4.0,0.0,1.0,1.0,3.0
48.0,5.0,1.0,1.0,1.0,0.0,0.0,0.0,0.0,1.0,0.0,0.0,7.0,1.0,0.0,5710.0,1.0,20.0,9.0,2.0,0.1,4.0,0.0,1.0,1.0,3.0
48.0,5.0,1.0,1.0,1.0,0.0,0.0,0.0,0.0,1.0,0.0,0.0,7.0,1.0,0.0,5710.0,1.0,20.0,10.0,2.0,0.1,4.0,0.0,1.0,1.0,3.0
48.0,5.0,1.0,1.0,1.0,0.0,0.0,0.0,0.0,1.0,0.0,0.0,7.0,1.0,0.0,5710.0,1.0,20.0,11.0,2.0,0.1,4.0,0.0,1.0,1.0,3.0
48.0,5.0,1.0,1.0,1.0,0.0,0.0,0.0,0.0,1.0,0.0,0.0,7.0,1.0,0.0,5710.0,1.0,20.0,12.0,2.0,0.1,4.0,0.0,1.0,1.0,3.0
48.0,5.0,1.0,1.0,1.0,0.0,0.0,0.0,0.0,1.0,0.0,0.0,7.0,1.0,0.0,5710.0,1.0,20.0,13.0,2.0,0.1,4.0,0.053973,1.0,1.0,3.0
41.0,8.0,0.0,1.0,1.0,0.0,0.0,0.0,0.0,0.0,0.0,0.0,7.0,1.0,0.0,5758.0,1.0,20.0,14.0,2.0,0.1,4.0,0.053973,1.0,1.0,3.0
48.0,5.0,1.0,1.0,1.0,0.0,0.0,0.0,0.0,1.0,0.0,0.0,7.0,1.0,0.0,5710.0,1.0,20.0,15.0,2.0,0.1,4.0,0.053973,1.0,1.0,3.0
41.0,8.0,0.0,1.0,1.0,0.0,0.0,0.0,0.0,0.0,0.0,0.0,7.0,1.0,0.0,5758.0,1.0,20.0,16.0,2.0,0.1,4.0,0.931534,1.0,1.0,3.0
48.0,5.0,1.0,1.0,1.0,0.0,0.0,0.0,0.0,1.0,0.0,0.0,7.0,1.0,0.0,5710.0,1.0,20.0,17.0,2.0,0.15,4.0,0.931534,1.0,1.0,3.0
48.0,5.0,1.0,1.0,1.0,0.0,0.0,0.0,0.0,1.0,0.0,0.0,7.0,1.0,0.0,5710.0,1.0,20.0,18.0,2.0,0.15,4.0,27.247369,1.0,1.0,3.0
48.0,5.0,1.0,1.0,1.0,0.0,0.0,0.0,0.0,1.0,0.0,0.0,7.0,1.0,0.0,5710.0,1.0,20.0,19.0,2.0,0.15,4.0,27.247369,1.0,1.0,3.0
48.0,5.0,1.0,1.0,1.0,0.0,0.0,0.0,0.0,1.0,0.0,0.0,7.0,1.0,0.0,5710.0,1.0,20.0,20.0,1.0,0.15,3.0,27.247369,1.0,1.0,3.0
48.0,5.0,1.0,1.0,1.0,0.0,0.0,0.0,0.0,1.0,0.0,0.0,7.0,1.0,0.0,5710.0,1.0,20.0,20.0,1.0,0.15,3.0,27.560213,1.0,1.0,3.0
48.0,5.0,1.0,1.0,1.0,0.0,0.0,0.0,0.0,1.0,0.0,0.0,7.0,1.0,0.0,5710.0,1.0,20.0,20.0,1.0,0.15,3.0,27.561212,1.0,1.0,3.0
48.0,5.0,1.0,1.0,1.0,0.0,0.0,0.0,0.0,1.0,0.0,0.0,7.0,1.0,0.0,5710.0,1.0,20.0,20.0,1.0,0.15,3.0,27.561212,1.0,1.0,3.0
48.0,5.0,1.0,1.0,1.0,0.0,0.0,0.0,0.0,1.0,0.0,0.0,7.0,1.0,0.0,5710.0,1.0,20.0,20.0,1.0,0.15,3.0,27.817084,1.0,1.0,3.0
48.0,5.0,1.0,1.0,1.0,0.0,0.0,0.0,0.0,1.0,0.0,0.0,7.0,1.0,0.0,5710.0,1.0,20.0,20.0,1.0,0.15,3.0,27.818084,1.0,1.0,3.0
26.0,5.0,0.0,0.0,0.0,0.0,0.0,0.0,0.0,0.0,0.0,0.0,-1.0,0.0,1.0,31101.0,1.0,0.0,20.0,1.0,0.15,3.0,214.628632,1.0,1.0,2.0
26.0,5.0,0.0,0.0,0.0,0.0,0.0,0.0,0.0,0.0,0.0,0.0,-1.0,0.0,1.0,31101.0,1.0,1.0,19.0,2.0,0.15,4.0,214.628632,1.0,1.0,2.0
26.0,5.0,0.0,0.0,0.0,0.0,0.0,0.0,0.0,0.0,0.0,0.0,-1.0,0.0,1.0,31101.0,1.0,2.0,18.0,2.0,0.1,3.0,999.0,1.0,1.0,2.0
26.0,5.0,0.0,0.0,0.0,0.0,0.0,0.0,0.0,0.0,0.0,0.0,-1.0,0.0,1.0,31101.0,1.0,3.0,17.0,2.0,0.1,3.0,999.0,1.0,1.0,2.0
26.0,5.0,0.0,0.0,0.0,0.0,0.0,0.0,0.0,0.0,0.0,0.0,-1.0,0.0,1.0,31101.0,1.0,4.0,16.0,2.0,0.1,3.0,999.0,1.0,1.0,2.0
26.0,5.0,0.0,0.0,0.0,0.0,0.0,0.0,0.0,0.0,0.0,0.0,-1.0,0.0,1.0,31101.0,1.0,5.0,15.0,2.0,0.1,3.0,999.0,1.0,1.0,2.0
26.0,5.0,0.0,0.0,0.0,0.0,0.0,0.0,0.0,0.0,0.0,0.0,-1.0,0.0,1.0,31101.0,1.0,6.0,14.0,2.0,0.1,3.0,999.0,1.0,1.0,2.0
26.0,5.0,0.0,0.0,0.0,0.0,0.0,0.0,0.0,0.0,0.0,0.0,-1.0,0.0,1.0,31101.0,1.0,7.0,13.0,2.0,0.1,3.0,999.0,1.0,1.0,2.0
26.0,5.0,0.0,0.0,0.0,0.0,0.0,0.0,0.0,0.0,0.0,0.0,-1.0,0.0,1.0,31101.0,1.0,8.0,12.0,2.0,0.1,3.0,999.0,1.0,1.0,2.0
26.0,5.0,0.0,0.0,0.0,0.0,0.0,0.0,0.0,0.0,0.0,0.0,-1.0,0.0,1.0,31101.0,1.0,9.0,11.0,2.0,0.05,3.0,999.0,1.0,1.0,2.0
26.0,5.0,0.0,0.0,0.0,0.0,0.0,0.0,0.0,0.0,0.0,0.0,-1.0,0.0,1.0,31101.0,1.0,10.0,10.0,2.0,0.05,3.0,999.0,1.0,1.0,2.0
26.0,5.0,0.0,0.0,0.0,0.0,0.0,0.0,0.0,0.0,0.0,0.0,-1.0,0.0,1.0,31101.0,1.0,11.0,9.0,2.0,0.0,2.0,999.0,1.0,1.0,2.0
56.0,10.0,0.0,0.0,0.0,0.0,0.0,0.0,0.0,0.0,0.0,0.0,0.0,0.0,1.0,31151.0,1.0,12.0,8.0,2.0,0.0,2.0,999.0,1.0,1.0,0.0
26.0,5.0,0.0,0.0,0.0,0.0,0.0,0.0,0.0,0.0,0.0,0.0,-1.0,0.0,1.0,31101.0,1.0,13.0,7.0,2.0,0.05,3.0,0.0,1.0,1.0,2.0
26.0,5.0,0.0,0.0,0.0,0.0,0.0,0.0,0.0,0.0,0.0,0.0,-1.0,0.0,1.0,31101.0,1.0,14.0,6.0,2.0,0.05,3.0,0.005997,1.0,1.0,2.0
26.0,5.0,0.0,0.0,0.0,0.0,0.0,0.0,0.0,0.0,0.0,0.0,-1.0,0.0,1.0,31101.0,1.0,15.0,5.0,2.0,0.05,3.0,0.005997,1.0,1.0,2.0
26.0,5.0,0.0,0.0,0.0,0.0,0.0,0.0,0.0,0.0,0.0,0.0,-1.0,0.0,1.0,31101.0,1.0,16.0,4.0,2.0,0.05,3.0,0.007996,1.0,1.0,2.0
26.0,5.0,0.0,0.0,0.0,0.0,0.0,0.0,0.0,0.0,0.0,0.0,-1.0,0.0,1.0,31101.0,1.0,17.0,3.0,2.0,0.05,3.0,0.007996,1.0,1.0,2.0
26.0,5.0,0.0,0.0,0.0,0.0,0.0,0.0,0.0,0.0,0.0,0.0,-1.0,0.0,1.0,31101.0,1.0,18.0,2.0,2.0,0.05,3.0,0.008995,1.0,1.0,2.0
26.0,5.0,0.0,0.0,0.0,0.0,0.0,0.0,0.0,0.0,0.0,0.0,-1.0,0.0,1.0,31101.0,1.0,19.0,1.0,2.0,0.05,3.0,0.009995,1.0,1.0,2.0
26.0,5.0,0.0,0.0,0.0,0.0,0.0,0.0,0.0,0.0,0.0,0.0,-1.0,0.0,1.0,31101.0,1.0,20.0,0.0,1.0,0.05,2.0,0.010994,0.0,0.0,2.0
26.0,5.0,0.0,0.0,0.0,0.0,0.0,0.0,0.0,0.0,0.0,0.0,-1.0,0.0,1.0,31101.0,1.0,20.0,0.0,1.0,0.05,2.0,0.011994,0.0,0.0,2.0
26.0,5.0,0.0,0.0,0.0,0.0,0.0,0.0,0.0,0.0,0.0,0.0,-1.0,0.0,1.0,31101.0,1.0,20.0,0.0,1.0,0.05,2.0,0.012993,0.0,0.0,2.0
26.0,5.0,0.0,0.0,0.0,0.0,0.0,0.0,0.0,0.0,0.0,0.0,-1.0,0.0,1.0,31101.0,1.0,20.0,0.0,1.0,0.05,2.0,0.012993,0.0,0.0,2.0
26.0,5.0,0.0,0.0,0.0,0.0,0.0,0.0,0.0,0.0,0.0,0.0,-1.0,0.0,1.0,31101.0,1.0,20.0,0.0,1.0,0.05,2.0,0.013993,0.0,0.0,2.0
26.0,5.0,0.0,0.0,0.0,0.0,0.0,0.0,0.0,0.0,0.0,0.0,-1.0,0.0,1.0,31101.0,1.0,20.0,0.0,1.0,0.05,2.0,0.014992,0.0,0.0,2.0
56.0,10.0,0.0,0.0,0.0,0.0,0.0,0.0,0.0,0.0,0.0,0.0,0.0,0.0,1.0,31151.0,1.0,20.0,0.0,1.0,0.05,2.0,0.014992,0.0,0.0,0.0
26.0,5.0,0.0,0.0,0.0,0.0,0.0,0.0,0.0,0.0,0.0,0.0,-1.0,0.0,1.0,31101.0,1.0,20.0,0.0,1.0,0.1,2.0,0.001,0.0,0.0,2.0
26.0,5.0,0.0,0.0,0.0,0.0,0.0,0.0,0.0,0.0,0.0,0.0,-1.0,0.0,1.0,31101.0,1.0,20.0,0.0,1.0,0.1,2.0,0.001999,0.0,0.0,2.0
26.0,5.0,0.0,0.0,0.0,0.0,0.0,0.0,0.0,0.0,0.0,0.0,-1.0,0.0,1.0,31101.0,1.0,20.0,0.0,1.0,0.1,2.0,0.002999,0.0,0.0,2.0
26.0,5.0,0.0,0.0,0.0,0.0,0.0,0.0,0.0,0.0,0.0,0.0,-1.0,0.0,1.0,31101.0,1.0,20.0,0.0,1.0,0.1,2.0,0.002999,0.0,0.0,2.0
26.0,5.0,0.0,0.0,0.0,0.0,0.0,0.0,0.0,0.0,0.0,0.0,-1.0,0.0,1.0,31101.0,1.0,20.0,0.0,1.0,0.1,2.0,0.002999,0.0,0.0,2.0
26.0,5.0,0.0,0.0,0.0,0.0,0.0,0.0,0.0,0.0,0.0,0.0,-1.0,0.0,1.0,31101.0,1.0,20.0,0.0,1.0,0.1,2.0,0.002999,0.0,0.0,2.0
26.0,5.0,0.0,0.0,0.0,0.0,0.0,0.0,0.0,0.0,0.0,0.0,-1.0,0.0,1.0,31101.0,1.0,20.0,0.0,1.0,0.05,2.0,0.002999,0.0,0.0,2.0
26.0,5.0,0.0,0.0,0.0,0.0,0.0,0.0,0.0,0.0,0.0,0.0,-1.0,0.0,1.0,31101.0,1.0,20.0,0.0,1.0,0.05,2.0,0.002999,0.0,0.0,2.0
26.0,5.0,0.0,0.0,0.0,0.0,0.0,0.0,0.0,0.0,0.0,0.0,-1.0,0.0,1.0,31101.0,1.0,20.0,0.0,1.0,0.05,2.0,0.002999,0.0,0.0,2.0
26.0,5.0,0.0,0.0,0.0,0.0,0.0,0.0,0.0,0.0,0.0,0.0,-1.0,0.0,1.0,31101.0,1.0,20.0,0.0,1.0,0.05,2.0,0.002999,0.0,0.0,2.0
26.0,5.0,0.0,0.0,0.0,0.0,0.0,0.0,0.0,0.0,0.0,0.0,-1.0,0.0,1.0,31101.0,1.0,20.0,0.0,1.0,0.05,2.0,0.002999,0.0,0.0,2.0
26.0,5.0,0.0,0.0,0.0,0.0,0.0,0.0,0.0,0.0,0.0,0.0,-1.0,0.0,1.0,31101.0,1.0,20.0,0.0,1.0,0.05,2.0,0.054973,0.0,0.0,2.0
56.0,10.0,0.0,0.0,0.0,0.0,0.0,0.0,0.0,0.0,0.0,0.0,0.0,0.0,1.0,31151.0,1.0,20.0,0.0,1.0,0.05,2.0,0.054973,0.0,0.0,0.0
26.0,5.0,0.0,0.0,0.0,0.0,0.0,0.0,0.0,0.0,0.0,0.0,-1.0,0.0,1.0,31101.0,1.0,20.0,0.0,1.0,0.1,2.0,0.0,0.0,0.0,2.0
26.0,5.0,0.0,0.0,0.0,0.0,0.0,0.0,0.0,0.0,0.0,0.0,-1.0,0.0,1.0,31101.0,1.0,20.0,0.0,1.0,0.1,2.0,0.052973,0.0,0.0,2.0
26.0,5.0,0.0,0.0,0.0,0.0,0.0,0.0,0.0,0.0,0.0,0.0,-1.0,0.0,1.0,31101.0,1.0,20.0,0.0,1.0,0.1,2.0,0.052973,0.0,0.0,2.0
26.0,5.0,0.0,0.0,0.0,0.0,0.0,0.0,0.0,0.0,0.0,0.0,-1.0,0.0,1.0,31101.0,1.0,20.0,0.0,1.0,0.1,2.0,0.052973,0.0,0.0,2.0
26.0,5.0,0.0,0.0,0.0,0.0,0.0,0.0,0.0,0.0,0.0,0.0,-1.0,0.0,1.0,31101.0,1.0,20.0,0.0,1.0,0.1,2.0,0.052973,0.0,0.0,2.0
26.0,5.0,0.0,0.0,0.0,0.0,0.0,0.0,0.0,0.0,0.0,0.0,-1.0,0.0,1.0,31101.0,1.0,20.0,0.0,1.0,0.1,2.0,0.052973,0.0,0.0,2.0
26.0,5.0,0.0,0.0,0.0,0.0,0.0,0.0,0.0,0.0,0.0,0.0,-1.0,0.0,1.0,31101.0,1.0,20.0,0.0,1.0,0.1,2.0,0.052973,0.0,0.0,2.0
26.0,5.0,0.0,0.0,0.0,0.0,0.0,0.0,0.0,0.0,0.0,0.0,-1.0,0.0,1.0,31101.0,1.0,20.0,0.0,1.0,0.05,2.0,0.052973,0.0,0.0,2.0
26.0,5.0,0.0,0.0,0.0,0.0,0.0,0.0,0.0,0.0,0.0,0.0,-1.0,0.0,1.0,31101.0,1.0,20.0,0.0,1.0,0.05,2.0,0.052973,0.0,0.0,2.0
26.0,5.0,0.0,0.0,0.0,0.0,0.0,0.0,0.0,0.0,0.0,0.0,-1.0,0.0,1.0,31101.0,1.0,20.0,0.0,1.0,0.05,2.0,0.052973,0.0,0.0,2.0
26.0,5.0,0.0,0.0,0.0,0.0,0.0,0.0,0.0,0.0,0.0,0.0,-1.0,0.0,1.0,31101.0,1.0,20.0,0.0,1.0,0.05,2.0,0.052973,0.0,0.0,2.0
26.0,5.0,0.0,0.0,0.0,0.0,0.0,0.0,0.0,0.0,0.0,0.0,-1.0,0.0,1.0,31101.0,1.0,20.0,0.0,1.0,0.05,2.0,0.052973,0.0,0.0,2.0
56.0,10.0,0.0,0.0,0.0,0.0,0.0,0.0,0.0,0.0,0.0,0.0,0.0,0.0,1.0,31151.0,1.0,20.0,0.0,1.0,0.05,2.0,0.052973,0.0,0.0,0.0
26.0,5.0,0.0,0.0,0.0,0.0,0.0,0.0,0.0,0.0,0.0,0.0,-1.0,0.0,1.0,31101.0,1.0,20.0,0.0,1.0,0.1,2.0,0.0,0.0,0.0,2.0
26.0,5.0,0.0,0.0,0.0,0.0,0.0,0.0,0.0,0.0,0.0,0.0,-1.0,0.0,1.0,31101.0,1.0,20.0,0.0,1.0,0.1,2.0,0.052974,0.0,0.0,2.0
26.0,5.0,0.0,0.0,0.0,0.0,0.0,0.0,0.0,0.0,0.0,0.0,-1.0,0.0,1.0,31101.0,1.0,20.0,0.0,1.0,0.1,2.0,0.052974,0.0,0.0,2.0
26.0,5.0,0.0,0.0,0.0,0.0,0.0,0.0,0.0,0.0,0.0,0.0,-1.0,0.0,1.0,31101.0,1.0,20.0,0.0,1.0,0.1,2.0,0.052974,0.0,0.0,2.0
26.0,5.0,0.0,0.0,0.0,0.0,0.0,0.0,0.0,0.0,0.0,0.0,-1.0,0.0,1.0,31101.0,1.0,20.0,0.0,1.0,0.1,2.0,0.052974,0.0,0.0,2.0
26.0,5.0,0.0,0.0,0.0,0.0,0.0,0.0,0.0,0.0,0.0,0.0,-1.0,0.0,1.0,31101.0,1.0,20.0,0.0,1.0,0.1,2.0,0.104948,0.0,0.0,2.0
26.0,5.0,0.0,0.0,0.0,0.0,0.0,0.0,0.0,0.0,0.0,0.0,-1.0,0.0,1.0,31101.0,1.0,20.0,0.0,1.0,0.1,2.0,0.104948,0.0,0.0,2.0
26.0,5.0,0.0,0.0,0.0,0.0,0.0,0.0,0.0,0.0,0.0,0.0,-1.0,0.0,1.0,31101.0,1.0,20.0,0.0,1.0,0.05,2.0,0.104948,0.0,0.0,2.0
26.0,5.0,0.0,0.0,0.0,0.0,0.0,0.0,0.0,0.0,0.0,0.0,-1.0,0.0,1.0,31101.0,1.0,20.0,0.0,1.0,0.05,2.0,0.104948,0.0,0.0,2.0
26.0,5.0,0.0,0.0,0.0,0.0,0.0,0.0,0.0,0.0,0.0,0.0,-1.0,0.0,1.0,31101.0,1.0,20.0,0.0,1.0,0.05,2.0,0.104948,0.0,0.0,2.0
26.0,5.0,0.0,0.0,0.0,0.0,0.0,0.0,0.0,0.0,0.0,0.0,-1.0,0.0,1.0,31101.0,1.0,20.0,0.0,1.0,0.05,2.0,0.104948,0.0,0.0,2.0
56.0,10.0,0.0,0.0,0.0,0.0,0.0,0.0,1.0,0.0,0.0,0.0,0.0,0.0,1.0,31151.0,1.0,20.0,0.0,1.0,0.05,2.0,0.104948,0.0,0.0,0.0
26.0,5.0,0.0,0.0,0.0,0.0,0.0,0.0,0.0,0.0,0.0,0.0,-1.0,0.0,1.0,31101.0,1.0,20.0,0.0,1.0,0.1,2.0,0.0,0.0,0.0,2.0
26.0,5.0,0.0,0.0,0.0,0.0,0.0,0.0,0.0,0.0,0.0,0.0,-1.0,0.0,1.0,31101.0,1.0,20.0,0.0,1.0,0.1,2.0,0.052973,0.0,0.0,2.0
26.0,5.0,0.0,0.0,0.0,0.0,0.0,0.0,0.0,0.0,0.0,0.0,-1.0,0.0,1.0,31101.0,1.0,20.0,0.0,1.0,0.1,2.0,0.052973,0.0,0.0,2.0
26.0,5.0,0.0,0.0,0.0,0.0,0.0,0.0,0.0,0.0,0.0,0.0,-1.0,0.0,1.0,31101.0,1.0,20.0,0.0,1.0,0.1,2.0,0.052973,0.0,0.0,2.0
26.0,5.0,0.0,0.0,0.0,0.0,0.0,0.0,0.0,0.0,0.0,0.0,-1.0,0.0,1.0,31101.0,1.0,20.0,0.0,1.0,0.1,2.0,0.054972,0.0,0.0,2.0
26.0,5.0,0.0,0.0,0.0,0.0,0.0,0.0,0.0,0.0,0.0,0.0,-1.0,0.0,1.0,31101.0,1.0,20.0,0.0,1.0,0.1,2.0,0.054972,0.0,0.0,2.0
26.0,5.0,0.0,0.0,0.0,0.0,0.0,0.0,0.0,0.0,0.0,0.0,-1.0,0.0,1.0,31101.0,1.0,20.0,0.0,1.0,0.1,2.0,0.054972,0.0,0.0,2.0
26.0,5.0,0.0,0.0,0.0,0.0,0.0,0.0,0.0,0.0,0.0,0.0,-1.0,0.0,1.0,31101.0,1.0,20.0,0.0,1.0,0.1,2.0,0.054972,0.0,0.0,2.0
26.0,5.0,0.0,0.0,0.0,0.0,0.0,0.0,0.0,0.0,0.0,0.0,-1.0,0.0,1.0,31101.0,1.0,20.0,0.0,1.0,0.05,2.0,0.054972,0.0,0.0,2.0
26.0,5.0,0.0,0.0,0.0,0.0,0.0,0.0,0.0,0.0,0.0,0.0,-1.0,0.0,1.0,31101.0,1.0,20.0,0.0,1.0,0.05,2.0,0.054972,0.0,0.0,2.0
26.0,5.0,0.0,0.0,0.0,0.0,0.0,0.0,0.0,0.0,0.0,0.0,-1.0,0.0,1.0,31101.0,1.0,20.0,0.0,1.0,0.05,2.0,0.054972,0.0,0.0,2.0
26.0,5.0,0.0,0.0,0.0,0.0,0.0,0.0,0.0,0.0,0.0,0.0,-1.0,0.0,1.0,31101.0,1.0,20.0,0.0,1.0,0.05,2.0,0.056971,0.0,0.0,2.0
56.0,10.0,0.0,0.0,0.0,0.0,0.0,0.0,0.0,0.0,0.0,0.0,0.0,0.0,1.0,31151.0,1.0,20.0,0.0,1.0,0.05,2.0,0.056971,0.0,0.0,0.0
26.0,5.0,0.0,0.0,0.0,0.0,0.0,0.0,0.0,0.0,0.0,0.0,-1.0,0.0,1.0,31101.0,1.0,20.0,0.0,1.0,0.1,2.0,0.001,0.0,0.0,2.0
26.0,5.0,0.0,0.0,0.0,0.0,0.0,0.0,0.0,0.0,0.0,0.0,-1.0,0.0,1.0,31101.0,1.0,20.0,0.0,1.0,0.1,2.0,0.001999,0.0,0.0,2.0
26.0,5.0,0.0,0.0,0.0,0.0,0.0,0.0,0.0,0.0,0.0,0.0,-1.0,0.0,1.0,31101.0,1.0,20.0,0.0,1.0,0.1,2.0,0.001999,0.0,0.0,2.0
26.0,5.0,0.0,0.0,0.0,0.0,0.0,0.0,0.0,0.0,0.0,0.0,-1.0,0.0,1.0,31101.0,1.0,20.0,0.0,1.0,0.1,2.0,0.002999,0.0,0.0,2.0
26.0,5.0,0.0,0.0,0.0,0.0,0.0,0.0,0.0,0.0,0.0,0.0,-1.0,0.0,1.0,31101.0,1.0,20.0,0.0,1.0,0.1,2.0,0.002999,0.0,0.0,2.0
26.0,5.0,0.0,0.0,0.0,0.0,0.0,0.0,0.0,0.0,0.0,0.0,-1.0,0.0,1.0,31101.0,1.0,20.0,0.0,1.0,0.1,2.0,0.002999,0.0,0.0,2.0
26.0,5.0,0.0,0.0,0.0,0.0,0.0,0.0,0.0,0.0,0.0,0.0,-1.0,0.0,1.0,31101.0,1.0,20.0,0.0,1.0,0.1,2.0,0.003998,0.0,0.0,2.0
26.0,3.0,0.0,0.0,0.0,0.0,1.0,1.0,0.0,0.0,0.0,0.0,6.0,0.0,0.0,5501.0,1.0,20.0,0.0,1.0,0.05,3.0,0.053973,0.0,0.0,2.0
26.0,3.0,0.0,0.0,0.0,0.0,1.0,0.0,0.0,0.0,0.0,0.0,-1.0,0.0,0.0,5502.0,1.0,20.0,0.0,1.0,0.05,4.0,0.053973,0.0,0.0,2.0
26.0,3.0,0.0,0.0,0.0,0.0,1.0,1.0,0.0,0.0,0.0,0.0,6.0,0.0,0.0,5501.0,1.0,20.0,0.0,1.0,0.05,5.0,0.053973,0.0,0.0,2.0
26.0,3.0,0.0,0.0,0.0,0.0,1.0,0.0,0.0,0.0,0.0,0.0,-1.0,0.0,0.0,5502.0,1.0,20.0,0.0,1.0,0.05,5.0,0.053973,0.0,0.0,2.0
48.0,5.0,1.0,1.0,1.0,0.0,0.0,0.0,0.0,1.0,0.0,0.0,7.0,1.0,0.0,5710.0,1.0,20.0,0.0,1.0,0.05,5.0,0.053973,0.0,0.0,3.0
48.0,5.0,1.0,1.0,1.0,0.0,0.0,0.0,0.0,1.0,0.0,0.0,7.0,1.0,0.0,5710.0,1.0,20.0,1.0,2.0,0.05,6.0,0.053973,1.0,1.0,3.0
26.0,5.0,0.0,0.0,0.0,0.0,0.0,0.0,0.0,0.0,0.0,0.0,-1.0,0.0,1.0,31101.0,1.0,20.0,2.0,2.0,0.05,6.0,0.053973,1.0,1.0,2.0
26.0,5.0,0.0,0.0,0.0,0.0,0.0,0.0,0.0,0.0,0.0,0.0,-1.0,0.0,1.0,31101.0,1.0,20.0,2.0,2.0,0.05,6.0,0.053973,1.0,1.0,2.0
26.0,5.0,0.0,0.0,0.0,0.0,0.0,0.0,0.0,0.0,0.0,0.0,-1.0,0.0,1.0,31101.0,1.0,20.0,2.0,2.0,0.05,6.0,0.053973,1.0,1.0,2.0
26.0,5.0,0.0,0.0,0.0,0.0,0.0,0.0,0.0,0.0,0.0,0.0,-1.0,0.0,1.0,31101.0,1.0,20.0,2.0,2.0,0.05,6.0,0.053973,1.0,1.0,2.0
26.0,5.0,0.0,0.0,0.0,0.0,0.0,0.0,0.0,0.0,0.0,0.0,-1.0,0.0,1.0,31101.0,1.0,20.0,2.0,2.0,0.05,6.0,0.053973,1.0,1.0,2.0
26.0,5.0,0.0,0.0,0.0,0.0,0.0,0.0,0.0,0.0,0.0,0.0,-1.0,0.0,1.0,31101.0,1.0,20.0,2.0,2.0,0.0,5.0,999.0,1.0,1.0,2.0
26.0,5.0,0.0,0.0,0.0,0.0,0.0,0.0,0.0,0.0,0.0,0.0,-1.0,0.0,1.0,31101.0,1.0,20.0,2.0,2.0,0.0,5.0,999.0,1.0,1.0,2.0
26.0,5.0,0.0,0.0,0.0,0.0,0.0,0.0,0.0,0.0,0.0,0.0,-1.0,0.0,1.0,31101.0,1.0,20.0,2.0,2.0,0.0,5.0,999.0,1.0,1.0,2.0
26.0,5.0,0.0,0.0,0.0,0.0,0.0,0.0,0.0,0.0,0.0,0.0,-1.0,0.0,1.0,31101.0,1.0,20.0,2.0,2.0,0.0,5.0,999.0,1.0,1.0,2.0
26.0,5.0,0.0,0.0,0.0,0.0,0.0,0.0,0.0,0.0,0.0,0.0,-1.0,0.0,1.0,31101.0,1.0,20.0,2.0,2.0,0.0,5.0,999.0,1.0,1.0,2.0
26.0,5.0,0.0,0.0,0.0,0.0,0.0,0.0,0.0,0.0,0.0,0.0,-1.0,0.0,1.0,31101.0,1.0,20.0,2.0,2.0,0.0,5.0,999.0,1.0,1.0,2.0
26.0,5.0,0.0,0.0,0.0,0.0,0.0,0.0,0.0,0.0,0.0,0.0,-1.0,0.0,1.0,31101.0,1.0,20.0,2.0,2.0,0.0,5.0,999.0,1.0,1.0,2.0
26.0,5.0,0.0,0.0,0.0,0.0,0.0,0.0,0.0,0.0,0.0,0.0,-1.0,0.0,1.0,31101.0,1.0,20.0,2.0,2.0,0.0,5.0,999.0,1.0,1.0,2.0
26.0,5.0,0.0,0.0,0.0,0.0,0.0,0.0,0.0,0.0,0.0,0.0,-1.0,0.0,1.0,31101.0,1.0,20.0,2.0,2.0,0.0,5.0,999.0,1.0,1.0,2.0
26.0,5.0,0.0,0.0,0.0,0.0,0.0,0.0,0.0,0.0,0.0,0.0,-1.0,0.0,1.0,31101.0,1.0,20.0,2.0,2.0,0.0,5.0,999.0,1.0,1.0,2.0
26.0,5.0,0.0,0.0,0.0,0.0,0.0,0.0,0.0,0.0,0.0,0.0,-1.0,0.0,1.0,31101.0,1.0,20.0,2.0,2.0,0.0,5.0,999.0,1.0,1.0,2.0
26.0,5.0,0.0,0.0,0.0,0.0,0.0,0.0,0.0,0.0,0.0,0.0,-1.0,0.0,1.0,31101.0,1.0,20.0,2.0,2.0,0.0,4.0,999.0,1.0,1.0,2.0
26.0,5.0,0.0,0.0,0.0,0.0,0.0,0.0,0.0,0.0,0.0,0.0,-1.0,0.0,1.0,31101.0,1.0,20.0,2.0,2.0,0.0,3.0,999.0,1.0,1.0,2.0
56.0,10.0,0.0,0.0,0.0,0.0,0.0,0.0,0.0,0.0,0.0,0.0,0.0,0.0,1.0,31151.0,1.0,20.0,2.0,2.0,0.0,2.0,999.0,1.0,1.0,0.0
26.0,5.0,0.0,0.0,0.0,0.0,0.0,0.0,0.0,0.0,0.0,0.0,-1.0,0.0,1.0,31101.0,1.0,20.0,1.0,2.0,0.05,3.0,0.001,1.0,1.0,2.0
26.0,5.0,0.0,0.0,0.0,0.0,0.0,0.0,0.0,0.0,0.0,0.0,-1.0,0.0,1.0,31101.0,1.0,20.0,0.0,1.0,0.05,2.0,0.001,0.0,0.0,2.0
26.0,5.0,0.0,0.0,0.0,0.0,0.0,0.0,0.0,0.0,0.0,0.0,-1.0,0.0,1.0,31101.0,1.0,20.0,0.0,1.0,0.05,2.0,0.001,0.0,0.0,2.0
26.0,5.0,0.0,0.0,0.0,0.0,0.0,0.0,0.0,0.0,0.0,0.0,-1.0,0.0,1.0,31101.0,1.0,20.0,0.0,1.0,0.05,2.0,0.001999,0.0,0.0,2.0
26.0,5.0,0.0,0.0,0.0,0.0,0.0,0.0,0.0,0.0,0.0,0.0,-1.0,0.0,1.0,31101.0,1.0,20.0,0.0,1.0,0.05,2.0,0.001999,0.0,0.0,2.0
26.0,5.0,0.0,0.0,0.0,0.0,0.0,0.0,0.0,0.0,0.0,0.0,-1.0,0.0,1.0,31101.0,1.0,20.0,0.0,1.0,0.05,2.0,0.001999,0.0,0.0,2.0
26.0,5.0,0.0,0.0,0.0,0.0,0.0,0.0,0.0,0.0,0.0,0.0,-1.0,0.0,1.0,31101.0,1.0,20.0,0.0,1.0,0.05,2.0,0.002999,0.0,0.0,2.0
26.0,5.0,0.0,0.0,0.0,0.0,0.0,0.0,0.0,0.0,0.0,0.0,-1.0,0.0,1.0,31101.0,1.0,20.0,0.0,1.0,0.05,2.0,0.003998,0.0,0.0,2.0
26.0,5.0,0.0,0.0,0.0,0.0,0.0,0.0,0.0,0.0,0.0,0.0,-1.0,0.0,1.0,31101.0,1.0,20.0,0.0,1.0,0.05,2.0,0.003998,0.0,0.0,2.0
26.0,5.0,0.0,0.0,0.0,0.0,0.0,0.0,0.0,0.0,0.0,0.0,-1.0,0.0,1.0,31101.0,1.0,20.0,0.0,1.0,0.05,2.0,0.004998,0.0,0.0,2.0
26.0,5.0,0.0,0.0,0.0,0.0,0.0,0.0,0.0,0.0,0.0,0.0,-1.0,0.0,1.0,31101.0,1.0,20.0,0.0,1.0,0.05,2.0,0.004998,0.0,0.0,2.0
26.0,5.0,0.0,0.0,0.0,0.0,0.0,0.0,0.0,0.0,0.0,0.0,-1.0,0.0,1.0,31101.0,1.0,20.0,0.0,1.0,0.05,2.0,0.004998,0.0,0.0,2.0
26.0,5.0,0.0,0.0,0.0,0.0,0.0,0.0,0.0,0.0,0.0,0.0,-1.0,0.0,1.0,31101.0,1.0,20.0,0.0,1.0,0.05,2.0,0.005997,0.0,0.0,2.0
56.0,10.0,0.0,0.0,0.0,0.0,0.0,0.0,0.0,0.0,0.0,0.0,0.0,0.0,1.0,31151.0,1.0,20.0,0.0,1.0,0.05,2.0,0.005997,0.0,0.0,0.0
26.0,5.0,0.0,0.0,0.0,0.0,0.0,0.0,0.0,0.0,0.0,0.0,-1.0,0.0,1.0,31101.0,1.0,20.0,0.0,1.0,0.1,2.0,0.001,0.0,0.0,2.0
26.0,5.0,0.0,0.0,0.0,0.0,0.0,0.0,0.0,0.0,0.0,0.0,-1.0,0.0,1.0,31101.0,1.0,20.0,0.0,1.0,0.1,2.0,0.001,0.0,0.0,2.0
26.0,5.0,0.0,0.0,0.0,0.0,0.0,0.0,0.0,0.0,0.0,0.0,-1.0,0.0,1.0,31101.0,1.0,20.0,0.0,1.0,0.1,2.0,0.001,0.0,0.0,2.0
26.0,5.0,0.0,0.0,0.0,0.0,0.0,0.0,0.0,0.0,0.0,0.0,-1.0,0.0,1.0,31101.0,1.0,20.0,0.0,1.0,0.1,2.0,0.001,0.0,0.0,2.0
26.0,5.0,0.0,0.0,0.0,0.0,0.0,0.0,0.0,0.0,0.0,0.0,-1.0,0.0,1.0,31101.0,1.0,20.0,0.0,1.0,0.1,2.0,0.001999,0.0,0.0,2.0
26.0,5.0,0.0,0.0,0.0,0.0,0.0,0.0,0.0,0.0,0.0,0.0,-1.0,0.0,1.0,31101.0,1.0,20.0,0.0,1.0,0.1,2.0,0.003998,0.0,0.0,2.0
26.0,5.0,0.0,0.0,0.0,0.0,0.0,0.0,0.0,0.0,0.0,0.0,-1.0,0.0,1.0,31101.0,1.0,20.0,0.0,1.0,0.05,2.0,0.003998,0.0,0.0,2.0
26.0,5.0,0.0,0.0,0.0,0.0,0.0,0.0,0.0,0.0,0.0,0.0,-1.0,0.0,1.0,31101.0,1.0,20.0,0.0,1.0,0.05,2.0,0.004998,0.0,0.0,2.0
26.0,5.0,0.0,0.0,0.0,0.0,0.0,0.0,0.0,0.0,0.0,0.0,-1.0,0.0,1.0,31101.0,1.0,20.0,0.0,1.0,0.05,2.0,0.055972,0.0,0.0,2.0
26.0,5.0,0.0,0.0,0.0,0.0,0.0,0.0,0.0,0.0,0.0,0.0,-1.0,0.0,1.0,31101.0,1.0,20.0,0.0,1.0,0.05,2.0,0.055972,0.0,0.0,2.0
26.0,5.0,0.0,0.0,0.0,0.0,0.0,0.0,0.0,0.0,0.0,0.0,-1.0,0.0,1.0,31101.0,1.0,20.0,0.0,1.0,0.05,2.0,0.057971,0.0,0.0,2.0
26.0,5.0,0.0,0.0,0.0,0.0,0.0,0.0,0.0,0.0,0.0,0.0,-1.0,0.0,1.0,31101.0,1.0,20.0,0.0,1.0,0.05,2.0,0.058971,0.0,0.0,2.0
56.0,10.0,0.0,0.0,0.0,0.0,0.0,0.0,0.0,0.0,0.0,0.0,0.0,0.0,1.0,31151.0,1.0,20.0,0.0,1.0,0.05,2.0,0.05997,0.0,0.0,0.0
26.0,5.0,0.0,0.0,0.0,0.0,0.0,0.0,0.0,0.0,0.0,0.0,-1.0,0.0,1.0,31101.0,1.0,20.0,0.0,1.0,0.1,2.0,0.0,0.0,0.0,2.0
26.0,5.0,0.0,0.0,0.0,0.0,0.0,0.0,0.0,0.0,0.0,0.0,-1.0,0.0,1.0,31101.0,1.0,20.0,0.0,1.0,0.1,2.0,0.001,0.0,0.0,2.0
26.0,5.0,0.0,0.0,0.0,0.0,0.0,0.0,0.0,0.0,0.0,0.0,-1.0,0.0,1.0,31101.0,1.0,20.0,0.0,1.0,0.1,2.0,0.001999,0.0,0.0,2.0
26.0,5.0,0.0,0.0,0.0,0.0,0.0,0.0,0.0,0.0,0.0,0.0,-1.0,0.0,1.0,31101.0,1.0,20.0,0.0,1.0,0.1,2.0,0.001999,0.0,0.0,2.0
26.0,5.0,0.0,0.0,0.0,0.0,0.0,0.0,0.0,0.0,0.0,0.0,-1.0,0.0,1.0,31101.0,1.0,20.0,0.0,1.0,0.1,2.0,0.001999,0.0,0.0,2.0
26.0,5.0,0.0,0.0,0.0,0.0,0.0,0.0,0.0,0.0,0.0,0.0,-1.0,0.0,1.0,31101.0,1.0,20.0,0.0,1.0,0.1,2.0,0.003998,0.0,0.0,2.0
26.0,5.0,0.0,0.0,0.0,0.0,0.0,0.0,0.0,0.0,0.0,0.0,-1.0,0.0,1.0,31101.0,1.0,20.0,0.0,1.0,0.1,2.0,0.003998,0.0,0.0,2.0
26.0,5.0,0.0,0.0,0.0,0.0,0.0,0.0,0.0,0.0,0.0,0.0,-1.0,0.0,1.0,31101.0,1.0,20.0,0.0,1.0,0.05,2.0,0.005997,0.0,0.0,2.0
26.0,5.0,0.0,0.0,0.0,0.0,0.0,0.0,0.0,0.0,0.0,0.0,-1.0,0.0,1.0,31101.0,1.0,20.0,0.0,1.0,0.05,2.0,0.005997,0.0,0.0,2.0
26.0,5.0,0.0,0.0,0.0,0.0,0.0,0.0,0.0,0.0,0.0,0.0,-1.0,0.0,1.0,31101.0,1.0,20.0,0.0,1.0,0.05,2.0,0.006997,0.0,0.0,2.0
26.0,5.0,0.0,0.0,0.0,0.0,0.0,0.0,0.0,0.0,0.0,0.0,-1.0,0.0,1.0,31101.0,1.0,20.0,0.0,1.0,0.05,2.0,0.007996,0.0,0.0,2.0
26.0,5.0,0.0,0.0,0.0,0.0,0.0,0.0,0.0,0.0,0.0,0.0,-1.0,0.0,1.0,31101.0,1.0,20.0,0.0,1.0,0.05,2.0,0.009995,0.0,0.0,2.0
26.0,5.0,0.0,0.0,0.0,0.0,0.0,0.0,0.0,0.0,0.0,0.0,-1.0,0.0,1.0,31101.0,1.0,20.0,0.0,1.0,0.05,2.0,0.010995,0.0,0.0,2.0
56.0,10.0,0.0,0.0,0.0,0.0,0.0,0.0,0.0,0.0,0.0,0.0,0.0,0.0,1.0,31151.0,1.0,20.0,0.0,1.0,0.05,2.0,0.011994,0.0,0.0,0.0
26.0,5.0,0.0,0.0,0.0,0.0,0.0,0.0,0.0,0.0,0.0,0.0,-1.0,0.0,1.0,31101.0,1.0,20.0,0.0,1.0,0.1,2.0,0.0,0.0,0.0,2.0
26.0,5.0,0.0,0.0,0.0,0.0,0.0,0.0,0.0,0.0,0.0,0.0,-1.0,0.0,1.0,31101.0,1.0,20.0,0.0,1.0,0.1,2.0,0.0,0.0,0.0,2.0
26.0,5.0,0.0,0.0,0.0,0.0,0.0,0.0,0.0,0.0,0.0,0.0,-1.0,0.0,1.0,31101.0,1.0,20.0,0.0,1.0,0.1,2.0,0.0,0.0,0.0,2.0
26.0,5.0,0.0,0.0,0.0,0.0,0.0,0.0,0.0,0.0,0.0,0.0,-1.0,0.0,1.0,31101.0,1.0,20.0,0.0,1.0,0.1,2.0,0.001999,0.0,0.0,2.0
26.0,5.0,0.0,0.0,0.0,0.0,0.0,0.0,0.0,0.0,0.0,0.0,-1.0,0.0,1.0,31101.0,1.0,20.0,0.0,1.0,0.1,2.0,0.002999,0.0,0.0,2.0
26.0,5.0,0.0,0.0,0.0,0.0,0.0,0.0,0.0,0.0,0.0,0.0,-1.0,0.0,1.0,31101.0,1.0,20.0,0.0,1.0,0.1,2.0,0.003998,0.0,0.0,2.0
26.0,5.0,0.0,0.0,0.0,0.0,0.0,0.0,0.0,0.0,0.0,0.0,-1.0,0.0,1.0,31101.0,1.0,20.0,0.0,1.0,0.05,2.0,0.003998,0.0,0.0,2.0
26.0,5.0,0.0,0.0,0.0,0.0,0.0,0.0,0.0,0.0,0.0,0.0,-1.0,0.0,1.0,31101.0,1.0,20.0,0.0,1.0,0.05,2.0,0.004998,0.0,0.0,2.0
26.0,5.0,0.0,0.0,0.0,0.0,0.0,0.0,0.0,0.0,0.0,0.0,-1.0,0.0,1.0,31101.0,1.0,20.0,0.0,1.0,0.05,2.0,0.004998,0.0,0.0,2.0
26.0,5.0,0.0,0.0,0.0,0.0,0.0,0.0,0.0,0.0,0.0,0.0,-1.0,0.0,1.0,31101.0,1.0,20.0,0.0,1.0,0.05,2.0,0.005997,0.0,0.0,2.0
26.0,5.0,0.0,0.0,0.0,0.0,0.0,0.0,0.0,0.0,0.0,0.0,-1.0,0.0,1.0,31101.0,1.0,20.0,0.0,1.0,0.05,2.0,0.005997,0.0,0.0,2.0
26.0,5.0,0.0,0.0,0.0,0.0,0.0,0.0,0.0,0.0,0.0,0.0,-1.0,0.0,1.0,31101.0,1.0,20.0,0.0,1.0,0.05,2.0,0.005997,0.0,0.0,2.0
26.0,5.0,0.0,0.0,0.0,0.0,0.0,0.0,0.0,0.0,0.0,0.0,-1.0,0.0,1.0,31101.0,1.0,20.0,0.0,1.0,0.05,2.0,0.007996,0.0,0.0,2.0
56.0,10.0,0.0,0.0,0.0,0.0,0.0,0.0,0.0,0.0,0.0,0.0,0.0,0.0,1.0,31151.0,1.0,20.0,0.0,1.0,0.05,2.0,0.007996,0.0,0.0,0.0
26.0,5.0,0.0,0.0,0.0,0.0,0.0,0.0,0.0,0.0,0.0,0.0,-1.0,0.0,1.0,31101.0,1.0,20.0,0.0,1.0,0.1,2.0,0.001,0.0,0.0,2.0
26.0,5.0,0.0,0.0,0.0,0.0,0.0,0.0,0.0,0.0,0.0,0.0,-1.0,0.0,1.0,31101.0,1.0,20.0,0.0,1.0,0.1,2.0,0.001,0.0,0.0,2.0
26.0,5.0,0.0,0.0,0.0,0.0,0.0,0.0,0.0,0.0,0.0,0.0,-1.0,0.0,1.0,31101.0,1.0,20.0,0.0,1.0,0.1,2.0,0.001,0.0,0.0,2.0
26.0,5.0,0.0,0.0,0.0,0.0,0.0,0.0,0.0,0.0,0.0,0.0,-1.0,0.0,1.0,31101.0,1.0,20.0,0.0,1.0,0.1,2.0,0.001999,0.0,0.0,2.0
26.0,5.0,0.0,0.0,0.0,0.0,0.0,0.0,0.0,0.0,0.0,0.0,-1.0,0.0,1.0,31101.0,1.0,20.0,0.0,1.0,0.1,2.0,0.001999,0.0,0.0,2.0
26.0,5.0,0.0,0.0,0.0,0.0,0.0,0.0,0.0,0.0,0.0,0.0,-1.0,0.0,1.0,31101.0,1.0,20.0,0.0,1.0,0.1,2.0,0.001999,0.0,0.0,2.0
26.0,5.0,0.0,0.0,0.0,0.0,0.0,0.0,0.0,0.0,0.0,0.0,-1.0,0.0,1.0,31101.0,1.0,20.0,0.0,1.0,0.05,2.0,0.003998,0.0,0.0,2.0
26.0,5.0,0.0,0.0,0.0,0.0,0.0,0.0,0.0,0.0,0.0,0.0,-1.0,0.0,1.0,31101.0,1.0,20.0,0.0,1.0,0.05,2.0,0.003998,0.0,0.0,2.0
26.0,5.0,0.0,0.0,0.0,0.0,0.0,0.0,0.0,0.0,0.0,0.0,-1.0,0.0,1.0,31101.0,1.0,20.0,0.0,1.0,0.05,2.0,0.003998,0.0,0.0,2.0
26.0,5.0,0.0,0.0,0.0,0.0,0.0,0.0,0.0,0.0,0.0,0.0,-1.0,0.0,1.0,31101.0,1.0,20.0,0.0,1.0,0.05,2.0,0.003998,0.0,0.0,2.0
26.0,5.0,0.0,0.0,0.0,0.0,0.0,0.0,0.0,0.0,0.0,0.0,-1.0,0.0,1.0,31101.0,1.0,20.0,0.0,1.0,0.05,2.0,0.005997,0.0,0.0,2.0
26.0,5.0,0.0,0.0,0.0,0.0,0.0,0.0,0.0,0.0,0.0,0.0,-1.0,0.0,1.0,31101.0,1.0,20.0,0.0,1.0,0.05,2.0,0.006997,0.0,0.0,2.0
26.0,5.0,0.0,0.0,0.0,0.0,0.0,0.0,0.0,0.0,0.0,0.0,-1.0,0.0,1.0,31101.0,1.0,20.0,0.0,1.0,0.05,2.0,0.006997,0.0,0.0,2.0
56.0,10.0,0.0,0.0,0.0,0.0,0.0,0.0,0.0,0.0,0.0,0.0,0.0,0.0,1.0,31151.0,1.0,20.0,0.0,1.0,0.05,2.0,0.007996,0.0,0.0,0.0
26.0,5.0,0.0,0.0,0.0,0.0,0.0,0.0,0.0,0.0,0.0,0.0,-1.0,0.0,1.0,31101.0,1.0,20.0,0.0,1.0,0.1,2.0,0.0,0.0,0.0,2.0
26.0,5.0,0.0,0.0,0.0,0.0,0.0,0.0,0.0,0.0,0.0,0.0,-1.0,0.0,1.0,31101.0,1.0,20.0,0.0,1.0,0.1,2.0,0.0,0.0,0.0,2.0
26.0,5.0,0.0,0.0,0.0,0.0,0.0,0.0,0.0,0.0,0.0,0.0,-1.0,0.0,1.0,31101.0,1.0,20.0,0.0,1.0,0.1,2.0,0.0,0.0,0.0,2.0
26.0,5.0,0.0,0.0,0.0,0.0,0.0,0.0,0.0,0.0,0.0,0.0,-1.0,0.0,1.0,31101.0,1.0,20.0,0.0,1.0,0.1,2.0,0.001999,0.0,0.0,2.0
26.0,5.0,0.0,0.0,0.0,0.0,0.0,0.0,0.0,0.0,0.0,0.0,-1.0,0.0,1.0,31101.0,1.0,20.0,0.0,1.0,0.1,2.0,0.001999,0.0,0.0,2.0
26.0,5.0,0.0,0.0,0.0,0.0,0.0,0.0,0.0,0.0,0.0,0.0,-1.0,0.0,1.0,31101.0,1.0,20.0,0.0,1.0,0.1,2.0,0.001999,0.0,0.0,2.0
26.0,5.0,0.0,0.0,0.0,0.0,0.0,0.0,0.0,0.0,0.0,0.0,-1.0,0.0,1.0,31101.0,1.0,20.0,0.0,1.0,0.05,2.0,0.003998,0.0,0.0,2.0
26.0,5.0,0.0,0.0,0.0,0.0,0.0,0.0,0.0,0.0,0.0,0.0,-1.0,0.0,1.0,31101.0,1.0,20.0,0.0,1.0,0.05,2.0,0.003998,0.0,0.0,2.0
26.0,5.0,0.0,0.0,0.0,0.0,0.0,0.0,0.0,0.0,0.0,0.0,-1.0,0.0,1.0,31101.0,1.0,20.0,0.0,1.0,0.05,2.0,0.003998,0.0,0.0,2.0
26.0,5.0,0.0,0.0,0.0,0.0,0.0,0.0,0.0,0.0,0.0,0.0,-1.0,0.0,1.0,31101.0,1.0,20.0,0.0,1.0,0.05,2.0,0.003998,0.0,0.0,2.0
26.0,5.0,0.0,0.0,0.0,0.0,0.0,0.0,0.0,0.0,0.0,0.0,-1.0,0.0,1.0,31101.0,1.0,20.0,0.0,1.0,0.05,2.0,0.005997,0.0,0.0,2.0
26.0,5.0,0.0,0.0,0.0,0.0,0.0,0.0,0.0,0.0,0.0,0.0,-1.0,0.0,1.0,31101.0,1.0,20.0,0.0,1.0,0.05,2.0,0.006997,0.0,0.0,2.0
26.0,5.0,0.0,0.0,0.0,0.0,0.0,0.0,0.0,0.0,0.0,0.0,-1.0,0.0,1.0,31101.0,1.0,20.0,0.0,1.0,0.05,2.0,0.006997,0.0,0.0,2.0
26.0,5.0,0.0,0.0,0.0,0.0,0.0,0.0,0.0,0.0,0.0,0.0,-1.0,0.0,1.0,31101.0,1.0,20.0,0.0,1.0,0.05,2.0,0.05997,0.0,0.0,2.0
26.0,5.0,0.0,0.0,0.0,0.0,0.0,0.0,0.0,0.0,0.0,0.0,-1.0,0.0,1.0,31101.0,1.0,20.0,0.0,1.0,0.05,2.0,0.06097,0.0,0.0,2.0
26.0,5.0,0.0,0.0,0.0,0.0,0.0,0.0,0.0,0.0,0.0,0.0,-1.0,0.0,1.0,31101.0,1.0,20.0,0.0,1.0,0.05,2.0,0.061969,0.0,0.0,2.0
26.0,5.0,0.0,0.0,0.0,0.0,0.0,0.0,0.0,0.0,0.0,0.0,-1.0,0.0,1.0,31101.0,1.0,20.0,0.0,1.0,0.05,2.0,0.061969,0.0,0.0,2.0
26.0,5.0,0.0,0.0,0.0,0.0,0.0,0.0,0.0,0.0,0.0,0.0,-1.0,0.0,1.0,31101.0,1.0,20.0,0.0,1.0,0.05,2.0,0.061969,0.0,0.0,2.0
26.0,5.0,0.0,0.0,0.0,0.0,0.0,0.0,0.0,0.0,0.0,0.0,-1.0,0.0,1.0,31101.0,1.0,20.0,0.0,1.0,0.05,2.0,0.061969,0.0,0.0,2.0
26.0,5.0,0.0,0.0,0.0,0.0,0.0,0.0,0.0,0.0,0.0,0.0,-1.0,0.0,1.0,31101.0,1.0,20.0,0.0,1.0,0.05,2.0,0.067966,0.0,0.0,2.0
26.0,5.0,0.0,0.0,0.0,0.0,0.0,0.0,0.0,0.0,0.0,0.0,-1.0,0.0,1.0,31101.0,1.0,20.0,0.0,1.0,0.0,1.0,999.0,0.0,0.0,2.0
26.0,5.0,0.0,0.0,0.0,0.0,0.0,0.0,0.0,0.0,0.0,0.0,-1.0,0.0,1.0,31101.0,1.0,20.0,0.0,1.0,0.0,1.0,999.0,0.0,0.0,2.0
26.0,5.0,0.0,0.0,0.0,0.0,0.0,0.0,0.0,0.0,0.0,0.0,-1.0,0.0,1.0,31101.0,1.0,20.0,0.0,1.0,0.0,1.0,999.0,0.0,0.0,2.0
26.0,5.0,0.0,0.0,0.0,0.0,0.0,0.0,0.0,0.0,0.0,0.0,-1.0,0.0,1.0,31101.0,1.0,20.0,0.0,1.0,0.0,1.0,999.0,0.0,0.0,2.0
26.0,5.0,0.0,0.0,0.0,0.0,0.0,0.0,0.0,0.0,0.0,0.0,-1.0,0.0,1.0,31101.0,1.0,20.0,0.0,1.0,0.0,1.0,999.0,0.0,0.0,2.0
26.0,5.0,0.0,0.0,0.0,0.0,0.0,0.0,0.0,0.0,0.0,0.0,-1.0,0.0,1.0,31101.0,1.0,20.0,0.0,1.0,0.0,1.0,999.0,0.0,0.0,2.0
56.0,10.0,0.0,0.0,0.0,0.0,0.0,0.0,0.0,0.0,0.0,0.0,0.0,0.0,1.0,31151.0,1.0,20.0,0.0,1.0,0.0,1.0,999.0,0.0,0.0,0.0
26.0,5.0,0.0,0.0,0.0,0.0,0.0,0.0,0.0,0.0,0.0,0.0,-1.0,0.0,1.0,31101.0,1.0,20.0,0.0,1.0,0.05,2.0,0.001,0.0,0.0,2.0
26.0,5.0,0.0,0.0,0.0,0.0,0.0,0.0,0.0,0.0,0.0,0.0,-1.0,0.0,1.0,31101.0,1.0,20.0,0.0,1.0,0.05,2.0,0.001999,0.0,0.0,2.0
26.0,5.0,0.0,0.0,0.0,0.0,0.0,0.0,0.0,0.0,0.0,0.0,-1.0,0.0,1.0,31101.0,1.0,20.0,0.0,1.0,0.05,2.0,0.002999,0.0,0.0,2.0
26.0,5.0,0.0,0.0,0.0,0.0,0.0,0.0,0.0,0.0,0.0,0.0,-1.0,0.0,1.0,31101.0,1.0,20.0,0.0,1.0,0.05,2.0,0.003998,0.0,0.0,2.0
26.0,5.0,0.0,0.0,0.0,0.0,0.0,0.0,0.0,0.0,0.0,0.0,-1.0,0.0,1.0,31101.0,1.0,20.0,0.0,1.0,0.05,2.0,0.005997,0.0,0.0,2.0
26.0,5.0,0.0,0.0,0.0,0.0,0.0,0.0,0.0,0.0,0.0,0.0,-1.0,0.0,1.0,31101.0,1.0,20.0,0.0,1.0,0.05,2.0,0.005997,0.0,0.0,2.0
26.0,5.0,0.0,0.0,0.0,0.0,0.0,0.0,0.0,0.0,0.0,0.0,-1.0,0.0,1.0,31101.0,1.0,20.0,0.0,1.0,0.05,2.0,0.005997,0.0,0.0,2.0
26.0,5.0,0.0,0.0,0.0,0.0,0.0,0.0,0.0,0.0,0.0,0.0,-1.0,0.0,1.0,31101.0,1.0,20.0,0.0,1.0,0.05,2.0,0.007996,0.0,0.0,2.0
26.0,5.0,0.0,0.0,0.0,0.0,0.0,0.0,0.0,0.0,0.0,0.0,-1.0,0.0,1.0,31101.0,1.0,20.0,0.0,1.0,0.05,2.0,0.008996,0.0,0.0,2.0
26.0,5.0,0.0,0.0,0.0,0.0,0.0,0.0,0.0,0.0,0.0,0.0,-1.0,0.0,1.0,31101.0,1.0,20.0,0.0,1.0,0.05,2.0,0.011994,0.0,0.0,2.0
26.0,5.0,0.0,0.0,0.0,0.0,0.0,0.0,0.0,0.0,0.0,0.0,-1.0,0.0,1.0,31101.0,1.0,20.0,0.0,1.0,0.05,2.0,0.011994,0.0,0.0,2.0
26.0,5.0,0.0,0.0,0.0,0.0,0.0,0.0,0.0,0.0,0.0,0.0,-1.0,0.0,1.0,31101.0,1.0,20.0,0.0,1.0,0.05,2.0,0.011994,0.0,0.0,2.0
26.0,5.0,0.0,0.0,0.0,0.0,0.0,0.0,0.0,0.0,0.0,0.0,-1.0,0.0,1.0,31101.0,1.0,20.0,0.0,1.0,0.05,2.0,0.011994,0.0,0.0,2.0
56.0,10.0,0.0,0.0,0.0,0.0,0.0,0.0,0.0,0.0,0.0,0.0,0.0,0.0,1.0,31151.0,1.0,20.0,0.0,1.0,0.05,2.0,0.011994,0.0,0.0,0.0
26.0,5.0,0.0,0.0,0.0,0.0,0.0,0.0,0.0,0.0,0.0,0.0,-1.0,0.0,1.0,31101.0,1.0,20.0,0.0,1.0,0.1,2.0,0.0,0.0,0.0,2.0
26.0,5.0,0.0,0.0,0.0,0.0,0.0,0.0,0.0,0.0,0.0,0.0,-1.0,0.0,1.0,31101.0,1.0,20.0,0.0,1.0,0.1,2.0,0.0,0.0,0.0,2.0
26.0,5.0,0.0,0.0,0.0,0.0,0.0,0.0,0.0,0.0,0.0,0.0,-1.0,0.0,1.0,31101.0,1.0,20.0,0.0,1.0,0.1,2.0,0.0,0.0,0.0,2.0
26.0,5.0,0.0,0.0,0.0,0.0,0.0,0.0,0.0,0.0,0.0,0.0,-1.0,0.0,1.0,31101.0,1.0,20.0,0.0,1.0,0.1,2.0,0.0,0.0,0.0,2.0
26.0,5.0,0.0,0.0,0.0,0.0,0.0,0.0,0.0,0.0,0.0,0.0,-1.0,0.0,1.0,31101.0,1.0,20.0,0.0,1.0,0.1,2.0,0.0,0.0,0.0,2.0
26.0,5.0,0.0,0.0,0.0,0.0,0.0,0.0,0.0,0.0,0.0,0.0,-1.0,0.0,1.0,31101.0,1.0,20.0,0.0,1.0,0.1,2.0,0.0,0.0,0.0,2.0
26.0,5.0,0.0,0.0,0.0,0.0,0.0,0.0,0.0,0.0,0.0,0.0,-1.0,0.0,1.0,31101.0,1.0,20.0,0.0,1.0,0.05,2.0,0.0,0.0,0.0,2.0
26.0,5.0,0.0,0.0,0.0,0.0,0.0,0.0,0.0,0.0,0.0,0.0,-1.0,0.0,1.0,31101.0,1.0,20.0,0.0,1.0,0.05,2.0,0.0,0.0,0.0,2.0
26.0,5.0,0.0,0.0,0.0,0.0,0.0,0.0,0.0,0.0,0.0,0.0,-1.0,0.0,1.0,31101.0,1.0,20.0,0.0,1.0,0.05,2.0,0.0,0.0,0.0,2.0
26.0,5.0,0.0,0.0,0.0,0.0,0.0,0.0,0.0,0.0,0.0,0.0,-1.0,0.0,1.0,31101.0,1.0,20.0,0.0,1.0,0.05,2.0,0.0,0.0,0.0,2.0
26.0,5.0,0.0,0.0,0.0,0.0,0.0,0.0,0.0,0.0,0.0,0.0,-1.0,0.0,1.0,31101.0,1.0,20.0,0.0,1.0,0.05,2.0,0.0,0.0,0.0,2.0
26.0,5.0,0.0,0.0,0.0,0.0,0.0,0.0,0.0,0.0,0.0,0.0,-1.0,0.0,1.0,31101.0,1.0,20.0,0.0,1.0,0.05,2.0,0.0,0.0,0.0,2.0
26.0,5.0,0.0,0.0,0.0,0.0,0.0,0.0,0.0,0.0,0.0,0.0,-1.0,0.0,1.0,31101.0,1.0,20.0,0.0,1.0,0.05,2.0,0.0,0.0,0.0,2.0
56.0,10.0,0.0,0.0,0.0,0.0,0.0,0.0,0.0,0.0,0.0,0.0,0.0,0.0,1.0,31151.0,1.0,20.0,0.0,1.0,0.05,2.0,0.0,0.0,0.0,0.0
26.0,5.0,0.0,0.0,0.0,0.0,0.0,0.0,0.0,0.0,0.0,0.0,-1.0,0.0,1.0,31101.0,1.0,20.0,0.0,1.0,0.1,2.0,0.0,0.0,0.0,2.0
26.0,5.0,0.0,0.0,0.0,0.0,0.0,0.0,0.0,0.0,0.0,0.0,-1.0,0.0,1.0,31101.0,1.0,20.0,0.0,1.0,0.1,2.0,0.0,0.0,0.0,2.0
26.0,5.0,0.0,0.0,0.0,0.0,0.0,0.0,0.0,0.0,0.0,0.0,-1.0,0.0,1.0,31101.0,1.0,20.0,0.0,1.0,0.1,2.0,0.0,0.0,0.0,2.0
26.0,5.0,0.0,0.0,0.0,0.0,0.0,0.0,0.0,0.0,0.0,0.0,-1.0,0.0,1.0,31101.0,1.0,20.0,0.0,1.0,0.1,2.0,0.0,0.0,0.0,2.0
26.0,5.0,0.0,0.0,0.0,0.0,0.0,0.0,0.0,0.0,0.0,0.0,-1.0,0.0,1.0,31101.0,1.0,20.0,0.0,1.0,0.1,2.0,0.0,0.0,0.0,2.0
26.0,5.0,0.0,0.0,0.0,0.0,0.0,0.0,0.0,0.0,0.0,0.0,-1.0,0.0,1.0,31101.0,1.0,20.0,0.0,1.0,0.1,2.0,0.051974,0.0,0.0,2.0
26.0,5.0,0.0,0.0,0.0,0.0,0.0,0.0,0.0,0.0,0.0,0.0,-1.0,0.0,1.0,31101.0,1.0,20.0,0.0,1.0,0.05,2.0,0.052974,0.0,0.0,2.0
26.0,5.0,0.0,0.0,0.0,0.0,0.0,0.0,0.0,0.0,0.0,0.0,-1.0,0.0,1.0,31101.0,1.0,20.0,0.0,1.0,0.05,2.0,0.052974,0.0,0.0,2.0
26.0,5.0,0.0,0.0,0.0,0.0,0.0,0.0,0.0,0.0,0.0,0.0,-1.0,0.0,1.0,31101.0,1.0,20.0,0.0,1.0,0.05,2.0,0.055972,0.0,0.0,2.0
26.0,5.0,0.0,0.0,0.0,0.0,0.0,0.0,0.0,0.0,0.0,0.0,-1.0,0.0,1.0,31101.0,1.0,20.0,0.0,1.0,0.05,2.0,0.057971,0.0,0.0,2.0
26.0,5.0,0.0,0.0,0.0,0.0,0.0,0.0,0.0,0.0,0.0,0.0,-1.0,0.0,1.0,31101.0,1.0,20.0,0.0,1.0,0.05,2.0,0.05997,0.0,0.0,2.0
26.0,5.0,0.0,0.0,0.0,0.0,0.0,0.0,0.0,0.0,0.0,0.0,-1.0,0.0,1.0,31101.0,1.0,20.0,0.0,1.0,0.05,2.0,0.06097,0.0,0.0,2.0
56.0,10.0,0.0,0.0,0.0,0.0,0.0,0.0,0.0,0.0,0.0,0.0,0.0,0.0,1.0,31151.0,1.0,20.0,0.0,1.0,0.05,2.0,0.061969,0.0,0.0,0.0
26.0,5.0,0.0,0.0,0.0,0.0,0.0,0.0,0.0,0.0,0.0,0.0,-1.0,0.0,1.0,31101.0,1.0,20.0,0.0,1.0,0.1,2.0,0.001999,0.0,0.0,2.0
26.0,5.0,0.0,0.0,0.0,0.0,0.0,0.0,0.0,0.0,0.0,0.0,-1.0,0.0,1.0,31101.0,1.0,20.0,0.0,1.0,0.1,2.0,0.002999,0.0,0.0,2.0
26.0,5.0,0.0,0.0,0.0,0.0,0.0,0.0,0.0,0.0,0.0,0.0,-1.0,0.0,1.0,31101.0,1.0,20.0,0.0,1.0,0.1,2.0,0.004998,0.0,0.0,2.0
26.0,5.0,0.0,0.0,0.0,0.0,0.0,0.0,0.0,0.0,0.0,0.0,-1.0,0.0,1.0,31101.0,1.0,20.0,0.0,1.0,0.1,2.0,0.005997,0.0,0.0,2.0
26.0,5.0,0.0,0.0,0.0,0.0,0.0,0.0,0.0,0.0,0.0,0.0,-1.0,0.0,1.0,31101.0,1.0,20.0,0.0,1.0,0.1,2.0,0.005997,0.0,0.0,2.0
26.0,5.0,0.0,0.0,0.0,0.0,0.0,0.0,0.0,0.0,0.0,0.0,-1.0,0.0,1.0,31101.0,1.0,20.0,0.0,1.0,0.1,2.0,0.005997,0.0,0.0,2.0
26.0,5.0,0.0,0.0,0.0,0.0,0.0,0.0,0.0,0.0,0.0,0.0,-1.0,0.0,1.0,31101.0,1.0,20.0,0.0,1.0,0.1,2.0,0.005997,0.0,0.0,2.0
26.0,5.0,0.0,0.0,0.0,0.0,0.0,0.0,0.0,0.0,0.0,0.0,-1.0,0.0,1.0,31101.0,1.0,20.0,0.0,1.0,0.05,2.0,0.011994,0.0,0.0,2.0
26.0,5.0,0.0,0.0,0.0,0.0,0.0,0.0,0.0,0.0,0.0,0.0,-1.0,0.0,1.0,31101.0,1.0,20.0,0.0,1.0,0.05,2.0,0.011994,0.0,0.0,2.0
26.0,5.0,0.0,0.0,0.0,0.0,0.0,0.0,0.0,0.0,0.0,0.0,-1.0,0.0,1.0,31101.0,1.0,20.0,0.0,1.0,0.05,2.0,0.011994,0.0,0.0,2.0
26.0,5.0,0.0,0.0,0.0,0.0,0.0,0.0,0.0,0.0,0.0,0.0,-1.0,0.0,1.0,31101.0,1.0,20.0,0.0,1.0,0.05,2.0,0.011994,0.0,0.0,2.0
26.0,5.0,0.0,0.0,0.0,0.0,0.0,0.0,0.0,0.0,0.0,0.0,-1.0,0.0,1.0,31101.0,1.0,20.0,0.0,1.0,0.05,2.0,0.011994,0.0,0.0,2.0
26.0,5.0,0.0,0.0,0.0,0.0,0.0,0.0,0.0,0.0,0.0,0.0,-1.0,0.0,1.0,31101.0,1.0,20.0,0.0,1.0,0.05,2.0,0.016992,0.0,0.0,2.0
56.0,10.0,0.0,0.0,0.0,0.0,0.0,0.0,0.0,0.0,0.0,0.0,0.0,0.0,1.0,31151.0,1.0,20.0,0.0,1.0,0.05,2.0,0.016992,0.0,0.0,0.0
26.0,5.0,0.0,0.0,0.0,0.0,0.0,0.0,0.0,0.0,0.0,0.0,-1.0,0.0,1.0,31101.0,1.0,20.0,0.0,1.0,0.1,2.0,0.0,0.0,0.0,2.0
26.0,5.0,0.0,0.0,0.0,0.0,0.0,0.0,0.0,0.0,0.0,0.0,-1.0,0.0,1.0,31101.0,1.0,20.0,0.0,1.0,0.1,2.0,0.0,0.0,0.0,2.0
26.0,5.0,0.0,0.0,0.0,0.0,0.0,0.0,0.0,0.0,0.0,0.0,-1.0,0.0,1.0,31101.0,1.0,20.0,0.0,1.0,0.1,2.0,0.004997,0.0,0.0,2.0
26.0,5.0,0.0,0.0,0.0,0.0,0.0,0.0,0.0,0.0,0.0,0.0,-1.0,0.0,1.0,31101.0,1.0,20.0,0.0,1.0,0.1,2.0,0.005997,0.0,0.0,2.0
26.0,5.0,0.0,0.0,0.0,0.0,0.0,0.0,0.0,0.0,0.0,0.0,-1.0,0.0,1.0,31101.0,1.0,20.0,0.0,1.0,0.1,2.0,0.008995,0.0,0.0,2.0
26.0,5.0,0.0,0.0,0.0,0.0,0.0,0.0,0.0,0.0,0.0,0.0,-1.0,0.0,1.0,31101.0,1.0,20.0,0.0,1.0,0.1,2.0,0.008995,0.0,0.0,2.0
26.0,5.0,0.0,0.0,0.0,0.0,0.0,0.0,0.0,0.0,0.0,0.0,-1.0,0.0,1.0,31101.0,1.0,20.0,0.0,1.0,0.05,2.0,0.008995,0.0,0.0,2.0
26.0,5.0,0.0,0.0,0.0,0.0,0.0,0.0,0.0,0.0,0.0,0.0,-1.0,0.0,1.0,31101.0,1.0,20.0,0.0,1.0,0.05,2.0,0.008995,0.0,0.0,2.0
26.0,5.0,0.0,0.0,0.0,0.0,0.0,0.0,0.0,0.0,0.0,0.0,-1.0,0.0,1.0,31101.0,1.0,20.0,0.0,1.0,0.05,2.0,0.013993,0.0,0.0,2.0
26.0,5.0,0.0,0.0,0.0,0.0,0.0,0.0,0.0,0.0,0.0,0.0,-1.0,0.0,1.0,31101.0,1.0,20.0,0.0,1.0,0.05,2.0,0.014992,0.0,0.0,2.0
26.0,5.0,0.0,0.0,0.0,0.0,0.0,0.0,0.0,0.0,0.0,0.0,-1.0,0.0,1.0,31101.0,1.0,20.0,0.0,1.0,0.05,2.0,0.015992,0.0,0.0,2.0
26.0,5.0,0.0,0.0,0.0,0.0,0.0,0.0,0.0,0.0,0.0,0.0,-1.0,0.0,1.0,31101.0,1.0,20.0,0.0,1.0,0.05,2.0,0.015992,0.0,0.0,2.0
26.0,5.0,0.0,0.0,0.0,0.0,0.0,0.0,0.0,0.0,0.0,0.0,-1.0,0.0,1.0,31101.0,1.0,20.0,0.0,1.0,0.05,2.0,0.015992,0.0,0.0,2.0
56.0,10.0,0.0,0.0,0.0,0.0,0.0,0.0,0.0,0.0,0.0,0.0,0.0,0.0,1.0,31151.0,1.0,20.0,0.0,1.0,0.05,2.0,0.015992,0.0,0.0,0.0
26.0,5.0,0.0,0.0,0.0,0.0,0.0,0.0,0.0,0.0,0.0,0.0,-1.0,0.0,1.0,31101.0,1.0,20.0,0.0,1.0,0.1,2.0,0.0,0.0,0.0,2.0
26.0,5.0,0.0,0.0,0.0,0.0,0.0,0.0,0.0,0.0,0.0,0.0,-1.0,0.0,1.0,31101.0,1.0,20.0,0.0,1.0,0.1,2.0,0.0,0.0,0.0,2.0
26.0,5.0,0.0,0.0,0.0,0.0,0.0,0.0,0.0,0.0,0.0,0.0,-1.0,0.0,1.0,31101.0,1.0,20.0,0.0,1.0,0.1,2.0,0.005997,0.0,0.0,2.0
26.0,5.0,0.0,0.0,0.0,0.0,0.0,0.0,0.0,0.0,0.0,0.0,-1.0,0.0,1.0,31101.0,1.0,20.0,0.0,1.0,0.1,2.0,0.005997,0.0,0.0,2.0
26.0,5.0,0.0,0.0,0.0,0.0,0.0,0.0,0.0,0.0,0.0,0.0,-1.0,0.0,1.0,31101.0,1.0,20.0,0.0,1.0,0.1,2.0,0.005997,0.0,0.0,2.0
26.0,5.0,0.0,0.0,0.0,0.0,0.0,0.0,0.0,0.0,0.0,0.0,-1.0,0.0,1.0,31101.0,1.0,20.0,0.0,1.0,0.1,2.0,0.005997,0.0,0.0,2.0
26.0,5.0,0.0,0.0,0.0,0.0,0.0,0.0,0.0,0.0,0.0,0.0,-1.0,0.0,1.0,31101.0,1.0,20.0,0.0,1.0,0.05,2.0,0.010994,0.0,0.0,2.0
26.0,5.0,0.0,0.0,0.0,0.0,0.0,0.0,0.0,0.0,0.0,0.0,-1.0,0.0,1.0,31101.0,1.0,20.0,0.0,1.0,0.05,2.0,0.010994,0.0,0.0,2.0
26.0,5.0,0.0,0.0,0.0,0.0,0.0,0.0,0.0,0.0,0.0,0.0,-1.0,0.0,1.0,31101.0,1.0,20.0,0.0,1.0,0.05,2.0,0.010994,0.0,0.0,2.0
26.0,5.0,0.0,0.0,0.0,0.0,0.0,0.0,0.0,0.0,0.0,0.0,-1.0,0.0,1.0,31101.0,1.0,20.0,0.0,1.0,0.05,2.0,0.010994,0.0,0.0,2.0
26.0,5.0,0.0,0.0,0.0,0.0,0.0,0.0,0.0,0.0,0.0,0.0,-1.0,0.0,1.0,31101.0,1.0,20.0,0.0,1.0,0.05,2.0,0.010994,0.0,0.0,2.0
26.0,5.0,0.0,0.0,0.0,0.0,0.0,0.0,0.0,0.0,0.0,0.0,-1.0,0.0,1.0,31101.0,1.0,20.0,0.0,1.0,0.05,2.0,0.010994,0.0,0.0,2.0
26.0,5.0,0.0,0.0,0.0,0.0,0.0,0.0,0.0,0.0,0.0,0.0,-1.0,0.0,1.0,31101.0,1.0,20.0,0.0,1.0,0.05,2.0,0.015992,0.0,0.0,2.0
56.0,10.0,0.0,0.0,0.0,0.0,0.0,0.0,0.0,0.0,0.0,0.0,0.0,0.0,1.0,31151.0,1.0,20.0,0.0,1.0,0.05,2.0,0.015992,0.0,0.0,0.0
26.0,5.0,0.0,0.0,0.0,0.0,0.0,0.0,0.0,0.0,0.0,0.0,-1.0,0.0,1.0,31101.0,1.0,20.0,0.0,1.0,0.1,2.0,0.0,0.0,0.0,2.0
26.0,5.0,0.0,0.0,0.0,0.0,0.0,0.0,0.0,0.0,0.0,0.0,-1.0,0.0,1.0,31101.0,1.0,20.0,0.0,1.0,0.1,2.0,0.004997,0.0,0.0,2.0
26.0,5.0,0.0,0.0,0.0,0.0,0.0,0.0,0.0,0.0,0.0,0.0,-1.0,0.0,1.0,31101.0,1.0,20.0,0.0,1.0,0.1,2.0,0.004997,0.0,0.0,2.0
26.0,5.0,0.0,0.0,0.0,0.0,0.0,0.0,0.0,0.0,0.0,0.0,-1.0,0.0,1.0,31101.0,1.0,20.0,0.0,1.0,0.1,2.0,0.004997,0.0,0.0,2.0
26.0,5.0,0.0,0.0,0.0,0.0,0.0,0.0,0.0,0.0,0.0,0.0,-1.0,0.0,1.0,31101.0,1.0,20.0,0.0,1.0,0.1,2.0,0.004997,0.0,0.0,2.0
26.0,5.0,0.0,0.0,0.0,0.0,0.0,0.0,0.0,0.0,0.0,0.0,-1.0,0.0,1.0,31101.0,1.0,20.0,0.0,1.0,0.1,2.0,0.004997,0.0,0.0,2.0
26.0,5.0,0.0,0.0,0.0,0.0,0.0,0.0,0.0,0.0,0.0,0.0,-1.0,0.0,1.0,31101.0,1.0,20.0,0.0,1.0,0.05,2.0,0.004997,0.0,0.0,2.0
26.0,5.0,0.0,0.0,0.0,0.0,0.0,0.0,0.0,0.0,0.0,0.0,-1.0,0.0,1.0,31101.0,1.0,20.0,0.0,1.0,0.05,2.0,0.004997,0.0,0.0,2.0
26.0,5.0,0.0,0.0,0.0,0.0,0.0,0.0,0.0,0.0,0.0,0.0,-1.0,0.0,1.0,31101.0,1.0,20.0,0.0,1.0,0.05,2.0,0.010994,0.0,0.0,2.0
26.0,5.0,0.0,0.0,0.0,0.0,0.0,0.0,0.0,0.0,0.0,0.0,-1.0,0.0,1.0,31101.0,1.0,20.0,0.0,1.0,0.05,2.0,0.010994,0.0,0.0,2.0
26.0,5.0,0.0,0.0,0.0,0.0,0.0,0.0,0.0,0.0,0.0,0.0,-1.0,0.0,1.0,31101.0,1.0,20.0,0.0,1.0,0.05,2.0,0.012993,0.0,0.0,2.0
26.0,5.0,0.0,0.0,0.0,0.0,0.0,0.0,0.0,0.0,0.0,0.0,-1.0,0.0,1.0,31101.0,1.0,20.0,0.0,1.0,0.05,2.0,0.012993,0.0,0.0,2.0
26.0,5.0,0.0,0.0,0.0,0.0,0.0,0.0,0.0,0.0,0.0,0.0,-1.0,0.0,1.0,31101.0,1.0,20.0,0.0,1.0,0.05,2.0,0.014992,0.0,0.0,2.0
56.0,10.0,0.0,0.0,0.0,0.0,0.0,0.0,0.0,0.0,0.0,0.0,0.0,0.0,1.0,31151.0,1.0,20.0,0.0,1.0,0.05,2.0,0.016991,0.0,0.0,0.0
26.0,5.0,0.0,0.0,0.0,0.0,0.0,0.0,0.0,0.0,0.0,0.0,-1.0,0.0,1.0,31101.0,1.0,20.0,0.0,1.0,0.1,2.0,0.0,0.0,0.0,2.0
26.0,5.0,0.0,0.0,0.0,0.0,0.0,0.0,0.0,0.0,0.0,0.0,-1.0,0.0,1.0,31101.0,1.0,20.0,0.0,1.0,0.1,2.0,0.0,0.0,0.0,2.0
26.0,5.0,0.0,0.0,0.0,0.0,0.0,0.0,0.0,0.0,0.0,0.0,-1.0,0.0,1.0,31101.0,1.0,20.0,0.0,1.0,0.1,2.0,0.001999,0.0,0.0,2.0
26.0,5.0,0.0,0.0,0.0,0.0,0.0,0.0,0.0,0.0,0.0,0.0,-1.0,0.0,1.0,31101.0,1.0,20.0,0.0,1.0,0.1,2.0,0.003998,0.0,0.0,2.0
26.0,5.0,0.0,0.0,0.0,0.0,0.0,0.0,0.0,0.0,0.0,0.0,-1.0,0.0,1.0,31101.0,1.0,20.0,0.0,1.0,0.1,2.0,0.005997,0.0,0.0,2.0
26.0,5.0,0.0,0.0,0.0,0.0,0.0,0.0,0.0,0.0,0.0,0.0,-1.0,0.0,1.0,31101.0,1.0,20.0,0.0,1.0,0.1,2.0,0.006997,0.0,0.0,2.0
26.0,5.0,0.0,0.0,0.0,0.0,0.0,0.0,0.0,0.0,0.0,0.0,-1.0,0.0,1.0,31101.0,1.0,20.0,0.0,1.0,0.05,2.0,0.007996,0.0,0.0,2.0
26.0,5.0,0.0,0.0,0.0,0.0,0.0,0.0,0.0,0.0,0.0,0.0,-1.0,0.0,1.0,31101.0,1.0,20.0,0.0,1.0,0.05,2.0,0.008996,0.0,0.0,2.0
26.0,5.0,0.0,0.0,0.0,0.0,0.0,0.0,0.0,0.0,0.0,0.0,-1.0,0.0,1.0,31101.0,1.0,20.0,0.0,1.0,0.05,2.0,0.009995,0.0,0.0,2.0
26.0,5.0,0.0,0.0,0.0,0.0,0.0,0.0,0.0,0.0,0.0,0.0,-1.0,0.0,1.0,31101.0,1.0,20.0,0.0,1.0,0.05,2.0,0.011994,0.0,0.0,2.0
26.0,5.0,0.0,0.0,0.0,0.0,0.0,0.0,0.0,0.0,0.0,0.0,-1.0,0.0,1.0,31101.0,1.0,20.0,0.0,1.0,0.05,2.0,0.012994,0.0,0.0,2.0
26.0,5.0,0.0,0.0,0.0,0.0,0.0,0.0,0.0,0.0,0.0,0.0,-1.0,0.0,1.0,31101.0,1.0,20.0,0.0,1.0,0.05,2.0,0.013993,0.0,0.0,2.0
26.0,5.0,0.0,0.0,0.0,0.0,0.0,0.0,0.0,0.0,0.0,0.0,-1.0,0.0,1.0,31101.0,1.0,20.0,0.0,1.0,0.05,2.0,0.014993,0.0,0.0,2.0
56.0,10.0,0.0,0.0,0.0,0.0,0.0,0.0,0.0,0.0,0.0,0.0,0.0,0.0,1.0,31151.0,1.0,20.0,0.0,1.0,0.05,2.0,0.016992,0.0,0.0,0.0
26.0,5.0,0.0,0.0,0.0,0.0,0.0,0.0,0.0,0.0,0.0,0.0,-1.0,0.0,1.0,31101.0,1.0,20.0,0.0,1.0,0.1,2.0,0.000999,0.0,0.0,2.0
26.0,5.0,0.0,0.0,0.0,0.0,0.0,0.0,0.0,0.0,0.0,0.0,-1.0,0.0,1.0,31101.0,1.0,20.0,0.0,1.0,0.1,2.0,0.002998,0.0,0.0,2.0
26.0,5.0,0.0,0.0,0.0,0.0,0.0,0.0,0.0,0.0,0.0,0.0,-1.0,0.0,1.0,31101.0,1.0,20.0,0.0,1.0,0.1,2.0,0.002998,0.0,0.0,2.0
26.0,5.0,0.0,0.0,0.0,0.0,0.0,0.0,0.0,0.0,0.0,0.0,-1.0,0.0,1.0,31101.0,1.0,20.0,0.0,1.0,0.1,2.0,0.002998,0.0,0.0,2.0
26.0,5.0,0.0,0.0,0.0,0.0,0.0,0.0,0.0,0.0,0.0,0.0,-1.0,0.0,1.0,31101.0,1.0,20.0,0.0,1.0,0.1,2.0,0.004997,0.0,0.0,2.0
26.0,5.0,0.0,0.0,0.0,0.0,0.0,0.0,0.0,0.0,0.0,0.0,-1.0,0.0,1.0,31101.0,1.0,20.0,0.0,1.0,0.1,2.0,0.004997,0.0,0.0,2.0
26.0,5.0,0.0,0.0,0.0,0.0,0.0,0.0,0.0,0.0,0.0,0.0,-1.0,0.0,1.0,31101.0,1.0,20.0,0.0,1.0,0.05,2.0,0.007996,0.0,0.0,2.0
26.0,5.0,0.0,0.0,0.0,0.0,0.0,0.0,0.0,0.0,0.0,0.0,-1.0,0.0,1.0,31101.0,1.0,20.0,0.0,1.0,0.05,2.0,0.007996,0.0,0.0,2.0
26.0,5.0,0.0,0.0,0.0,0.0,0.0,0.0,0.0,0.0,0.0,0.0,-1.0,0.0,1.0,31101.0,1.0,20.0,0.0,1.0,0.05,2.0,0.008995,0.0,0.0,2.0
26.0,5.0,0.0,0.0,0.0,0.0,0.0,0.0,0.0,0.0,0.0,0.0,-1.0,0.0,1.0,31101.0,1.0,20.0,0.0,1.0,0.05,2.0,0.009995,0.0,0.0,2.0
26.0,5.0,0.0,0.0,0.0,0.0,0.0,0.0,0.0,0.0,0.0,0.0,-1.0,0.0,1.0,31101.0,1.0,20.0,0.0,1.0,0.05,2.0,0.010994,0.0,0.0,2.0
26.0,5.0,0.0,0.0,0.0,0.0,0.0,0.0,0.0,0.0,0.0,0.0,-1.0,0.0,1.0,31101.0,1.0,20.0,0.0,1.0,0.05,2.0,0.012993,0.0,0.0,2.0
26.0,5.0,0.0,0.0,0.0,0.0,0.0,0.0,0.0,0.0,0.0,0.0,-1.0,0.0,1.0,31101.0,1.0,20.0,0.0,1.0,0.05,2.0,0.012993,0.0,0.0,2.0
56.0,10.0,0.0,0.0,0.0,0.0,0.0,0.0,0.0,0.0,0.0,0.0,0.0,0.0,1.0,31151.0,1.0,20.0,0.0,1.0,0.05,2.0,0.012993,0.0,0.0,0.0
26.0,5.0,0.0,0.0,0.0,0.0,0.0,0.0,0.0,0.0,0.0,0.0,-1.0,0.0,1.0,31101.0,1.0,20.0,0.0,1.0,0.1,2.0,0.003998,0.0,0.0,2.0
26.0,5.0,0.0,0.0,0.0,0.0,0.0,0.0,0.0,0.0,0.0,0.0,-1.0,0.0,1.0,31101.0,1.0,20.0,0.0,1.0,0.1,2.0,0.003998,0.0,0.0,2.0
26.0,5.0,0.0,0.0,0.0,0.0,0.0,0.0,0.0,0.0,0.0,0.0,-1.0,0.0,1.0,31101.0,1.0,20.0,0.0,1.0,0.1,2.0,0.005997,0.0,0.0,2.0
26.0,5.0,0.0,0.0,0.0,0.0,0.0,0.0,0.0,0.0,0.0,0.0,-1.0,0.0,1.0,31101.0,1.0,20.0,0.0,1.0,0.1,2.0,0.005997,0.0,0.0,2.0
26.0,5.0,0.0,0.0,0.0,0.0,0.0,0.0,0.0,0.0,0.0,0.0,-1.0,0.0,1.0,31101.0,1.0,20.0,0.0,1.0,0.1,2.0,0.005997,0.0,0.0,2.0
26.0,5.0,0.0,0.0,0.0,0.0,0.0,0.0,0.0,0.0,0.0,0.0,-1.0,0.0,1.0,31101.0,1.0,20.0,0.0,1.0,0.1,2.0,0.005997,0.0,0.0,2.0
26.0,5.0,0.0,0.0,0.0,0.0,0.0,0.0,0.0,0.0,0.0,0.0,-1.0,0.0,1.0,31101.0,1.0,20.0,0.0,1.0,0.05,2.0,0.012994,0.0,0.0,2.0
26.0,5.0,0.0,0.0,0.0,0.0,0.0,0.0,0.0,0.0,0.0,0.0,-1.0,0.0,1.0,31101.0,1.0,20.0,0.0,1.0,0.05,2.0,0.013993,0.0,0.0,2.0
26.0,5.0,0.0,0.0,0.0,0.0,0.0,0.0,0.0,0.0,0.0,0.0,-1.0,0.0,1.0,31101.0,1.0,20.0,0.0,1.0,0.05,2.0,0.013993,0.0,0.0,2.0
26.0,5.0,0.0,0.0,0.0,0.0,0.0,0.0,0.0,0.0,0.0,0.0,-1.0,0.0,1.0,31101.0,1.0,20.0,0.0,1.0,0.05,2.0,0.014993,0.0,0.0,2.0
26.0,5.0,0.0,0.0,0.0,0.0,0.0,0.0,0.0,0.0,0.0,0.0,-1.0,0.0,1.0,31101.0,1.0,20.0,0.0,1.0,0.05,2.0,0.015992,0.0,0.0,2.0
26.0,5.0,0.0,0.0,0.0,0.0,0.0,0.0,0.0,0.0,0.0,0.0,-1.0,0.0,1.0,31101.0,1.0,20.0,0.0,1.0,0.05,2.0,0.015992,0.0,0.0,2.0
26.0,5.0,0.0,0.0,0.0,0.0,0.0,0.0,0.0,0.0,0.0,0.0,-1.0,0.0,1.0,31101.0,1.0,20.0,0.0,1.0,0.05,2.0,0.017991,0.0,0.0,2.0
56.0,10.0,0.0,0.0,0.0,0.0,0.0,0.0,0.0,0.0,0.0,0.0,0.0,0.0,1.0,31151.0,1.0,20.0,0.0,1.0,0.05,2.0,0.018991,0.0,0.0,0.0
26.0,5.0,0.0,0.0,0.0,0.0,0.0,0.0,0.0,0.0,0.0,0.0,-1.0,0.0,1.0,31101.0,1.0,20.0,0.0,1.0,0.1,2.0,0.0,0.0,0.0,2.0
26.0,5.0,0.0,0.0,0.0,0.0,0.0,0.0,0.0,0.0,0.0,0.0,-1.0,0.0,1.0,31101.0,1.0,20.0,0.0,1.0,0.1,2.0,0.005997,0.0,0.0,2.0
26.0,5.0,0.0,0.0,0.0,0.0,0.0,0.0,0.0,0.0,0.0,0.0,-1.0,0.0,1.0,31101.0,1.0,20.0,0.0,1.0,0.1,2.0,0.007996,0.0,0.0,2.0
26.0,5.0,0.0,0.0,0.0,0.0,0.0,0.0,0.0,0.0,0.0,0.0,-1.0,0.0,1.0,31101.0,1.0,20.0,0.0,1.0,0.1,2.0,0.007996,0.0,0.0,2.0
26.0,5.0,0.0,0.0,0.0,0.0,0.0,0.0,0.0,0.0,0.0,0.0,-1.0,0.0,1.0,31101.0,1.0,20.0,0.0,1.0,0.1,2.0,0.008995,0.0,0.0,2.0
26.0,5.0,0.0,0.0,0.0,0.0,0.0,0.0,0.0,0.0,0.0,0.0,-1.0,0.0,1.0,31101.0,1.0,20.0,0.0,1.0,0.1,2.0,0.008995,0.0,0.0,2.0
26.0,5.0,0.0,0.0,0.0,0.0,0.0,0.0,0.0,0.0,0.0,0.0,-1.0,0.0,1.0,31101.0,1.0,20.0,0.0,1.0,0.05,2.0,0.008995,0.0,0.0,2.0
26.0,5.0,0.0,0.0,0.0,0.0,0.0,0.0,0.0,0.0,0.0,0.0,-1.0,0.0,1.0,31101.0,1.0,20.0,0.0,1.0,0.05,2.0,0.008995,0.0,0.0,2.0
26.0,5.0,0.0,0.0,0.0,0.0,0.0,0.0,0.0,0.0,0.0,0.0,-1.0,0.0,1.0,31101.0,1.0,20.0,0.0,1.0,0.05,2.0,0.060969,0.0,0.0,2.0
26.0,5.0,0.0,0.0,0.0,0.0,0.0,0.0,0.0,0.0,0.0,0.0,-1.0,0.0,1.0,31101.0,1.0,20.0,0.0,1.0,0.05,2.0,0.060969,0.0,0.0,2.0
26.0,5.0,0.0,0.0,0.0,0.0,0.0,0.0,0.0,0.0,0.0,0.0,-1.0,0.0,1.0,31101.0,1.0,20.0,0.0,1.0,0.05,2.0,0.060969,0.0,0.0,2.0
26.0,5.0,0.0,0.0,0.0,0.0,0.0,0.0,0.0,0.0,0.0,0.0,-1.0,0.0,1.0,31101.0,1.0,20.0,0.0,1.0,0.05,2.0,0.060969,0.0,0.0,2.0
56.0,10.0,0.0,0.0,0.0,0.0,0.0,0.0,0.0,0.0,0.0,0.0,0.0,0.0,1.0,31151.0,1.0,20.0,0.0,1.0,0.05,2.0,0.062968,0.0,0.0,0.0
26.0,5.0,0.0,0.0,0.0,0.0,0.0,0.0,0.0,0.0,0.0,0.0,-1.0,0.0,1.0,31101.0,1.0,20.0,0.0,1.0,0.1,2.0,0.0,0.0,0.0,2.0
26.0,5.0,0.0,0.0,0.0,0.0,0.0,0.0,0.0,0.0,0.0,0.0,-1.0,0.0,1.0,31101.0,1.0,20.0,0.0,1.0,0.1,2.0,0.001,0.0,0.0,2.0
26.0,5.0,0.0,0.0,0.0,0.0,0.0,0.0,0.0,0.0,0.0,0.0,-1.0,0.0,1.0,31101.0,1.0,20.0,0.0,1.0,0.1,2.0,0.001,0.0,0.0,2.0
26.0,5.0,0.0,0.0,0.0,0.0,0.0,0.0,0.0,0.0,0.0,0.0,-1.0,0.0,1.0,31101.0,1.0,20.0,0.0,1.0,0.1,2.0,0.001,0.0,0.0,2.0
26.0,5.0,0.0,0.0,0.0,0.0,0.0,0.0,0.0,0.0,0.0,0.0,-1.0,0.0,1.0,31101.0,1.0,20.0,0.0,1.0,0.1,2.0,0.001999,0.0,0.0,2.0
26.0,5.0,0.0,0.0,0.0,0.0,0.0,0.0,0.0,0.0,0.0,0.0,-1.0,0.0,1.0,31101.0,1.0,20.0,0.0,1.0,0.1,2.0,0.001999,0.0,0.0,2.0
26.0,5.0,0.0,0.0,0.0,0.0,0.0,0.0,0.0,0.0,0.0,0.0,-1.0,0.0,1.0,31101.0,1.0,20.0,0.0,1.0,0.1,2.0,0.001999,0.0,0.0,2.0
26.0,5.0,0.0,0.0,0.0,0.0,0.0,0.0,0.0,0.0,0.0,0.0,-1.0,0.0,1.0,31101.0,1.0,20.0,0.0,1.0,0.05,2.0,0.003998,0.0,0.0,2.0
26.0,5.0,0.0,0.0,0.0,0.0,0.0,0.0,0.0,0.0,0.0,0.0,-1.0,0.0,1.0,31101.0,1.0,20.0,0.0,1.0,0.05,2.0,0.003998,0.0,0.0,2.0
26.0,5.0,0.0,0.0,0.0,0.0,0.0,0.0,0.0,0.0,0.0,0.0,-1.0,0.0,1.0,31101.0,1.0,20.0,0.0,1.0,0.05,2.0,0.003998,0.0,0.0,2.0
26.0,5.0,0.0,0.0,0.0,0.0,0.0,0.0,0.0,0.0,0.0,0.0,-1.0,0.0,1.0,31101.0,1.0,20.0,0.0,1.0,0.05,2.0,0.005997,0.0,0.0,2.0
26.0,5.0,0.0,0.0,0.0,0.0,0.0,0.0,0.0,0.0,0.0,0.0,-1.0,0.0,1.0,31101.0,1.0,20.0,0.0,1.0,0.05,2.0,0.005997,0.0,0.0,2.0
26.0,5.0,0.0,0.0,0.0,0.0,0.0,0.0,0.0,0.0,0.0,0.0,-1.0,0.0,1.0,31101.0,1.0,20.0,0.0,1.0,0.05,2.0,0.005997,0.0,0.0,2.0
56.0,10.0,0.0,0.0,0.0,0.0,0.0,0.0,0.0,0.0,0.0,0.0,0.0,0.0,1.0,31151.0,1.0,20.0,0.0,1.0,0.05,2.0,0.007996,0.0,0.0,0.0
26.0,5.0,0.0,0.0,0.0,0.0,0.0,0.0,0.0,0.0,0.0,0.0,-1.0,0.0,1.0,31101.0,1.0,20.0,0.0,1.0,0.1,2.0,0.0,0.0,0.0,2.0
26.0,5.0,0.0,0.0,0.0,0.0,0.0,0.0,0.0,0.0,0.0,0.0,-1.0,0.0,1.0,31101.0,1.0,20.0,0.0,1.0,0.1,2.0,0.0,0.0,0.0,2.0
26.0,5.0,0.0,0.0,0.0,0.0,0.0,0.0,0.0,0.0,0.0,0.0,-1.0,0.0,1.0,31101.0,1.0,20.0,0.0,1.0,0.1,2.0,0.0,0.0,0.0,2.0
26.0,5.0,0.0,0.0,0.0,0.0,0.0,0.0,0.0,0.0,0.0,0.0,-1.0,0.0,1.0,31101.0,1.0,20.0,0.0,1.0,0.1,2.0,0.001999,0.0,0.0,2.0
26.0,5.0,0.0,0.0,0.0,0.0,0.0,0.0,0.0,0.0,0.0,0.0,-1.0,0.0,1.0,31101.0,1.0,20.0,0.0,1.0,0.1,2.0,0.002999,0.0,0.0,2.0
26.0,5.0,0.0,0.0,0.0,0.0,0.0,0.0,0.0,0.0,0.0,0.0,-1.0,0.0,1.0,31101.0,1.0,20.0,0.0,1.0,0.1,2.0,0.002999,0.0,0.0,2.0
26.0,5.0,0.0,0.0,0.0,0.0,0.0,0.0,0.0,0.0,0.0,0.0,-1.0,0.0,1.0,31101.0,1.0,20.0,0.0,1.0,0.05,2.0,0.002999,0.0,0.0,2.0
26.0,5.0,0.0,0.0,0.0,0.0,0.0,0.0,0.0,0.0,0.0,0.0,-1.0,0.0,1.0,31101.0,1.0,20.0,0.0,1.0,0.05,2.0,0.002999,0.0,0.0,2.0
26.0,5.0,0.0,0.0,0.0,0.0,0.0,0.0,0.0,0.0,0.0,0.0,-1.0,0.0,1.0,31101.0,1.0,20.0,0.0,1.0,0.05,2.0,0.004998,0.0,0.0,2.0
26.0,5.0,0.0,0.0,0.0,0.0,0.0,0.0,0.0,0.0,0.0,0.0,-1.0,0.0,1.0,31101.0,1.0,20.0,0.0,1.0,0.05,2.0,0.004998,0.0,0.0,2.0
26.0,5.0,0.0,0.0,0.0,0.0,0.0,0.0,0.0,0.0,0.0,0.0,-1.0,0.0,1.0,31101.0,1.0,20.0,0.0,1.0,0.05,2.0,0.005997,0.0,0.0,2.0
26.0,5.0,0.0,0.0,0.0,0.0,0.0,0.0,0.0,0.0,0.0,0.0,-1.0,0.0,1.0,31101.0,1.0,20.0,0.0,1.0,0.05,2.0,0.005997,0.0,0.0,2.0
26.0,5.0,0.0,0.0,0.0,0.0,0.0,0.0,0.0,0.0,0.0,0.0,-1.0,0.0,1.0,31101.0,1.0,20.0,0.0,1.0,0.05,2.0,0.006997,0.0,0.0,2.0
56.0,10.0,0.0,0.0,0.0,0.0,0.0,0.0,0.0,0.0,0.0,0.0,0.0,0.0,1.0,31151.0,1.0,20.0,0.0,1.0,0.05,2.0,0.007996,0.0,0.0,0.0
26.0,5.0,0.0,0.0,0.0,0.0,0.0,0.0,0.0,0.0,0.0,0.0,-1.0,0.0,1.0,31101.0,1.0,20.0,0.0,1.0,0.1,2.0,0.0,0.0,0.0,2.0
26.0,5.0,0.0,0.0,0.0,0.0,0.0,0.0,0.0,0.0,0.0,0.0,-1.0,0.0,1.0,31101.0,1.0,20.0,0.0,1.0,0.1,2.0,0.0,0.0,0.0,2.0
26.0,5.0,0.0,0.0,0.0,0.0,0.0,0.0,0.0,0.0,0.0,0.0,-1.0,0.0,1.0,31101.0,1.0,20.0,0.0,1.0,0.1,2.0,0.001999,0.0,0.0,2.0
26.0,5.0,0.0,0.0,0.0,0.0,0.0,0.0,0.0,0.0,0.0,0.0,-1.0,0.0,1.0,31101.0,1.0,20.0,0.0,1.0,0.1,2.0,0.057971,0.0,0.0,2.0
26.0,5.0,0.0,0.0,0.0,0.0,0.0,0.0,0.0,0.0,0.0,0.0,-1.0,0.0,1.0,31101.0,1.0,20.0,0.0,1.0,0.1,2.0,0.057971,0.0,0.0,2.0
26.0,5.0,0.0,0.0,0.0,0.0,0.0,0.0,0.0,0.0,0.0,0.0,-1.0,0.0,1.0,31101.0,1.0,20.0,0.0,1.0,0.1,2.0,0.057971,0.0,0.0,2.0
26.0,5.0,0.0,0.0,0.0,0.0,0.0,0.0,0.0,0.0,0.0,0.0,-1.0,0.0,1.0,31101.0,1.0,20.0,0.0,1.0,0.05,2.0,0.057971,0.0,0.0,2.0
26.0,5.0,0.0,0.0,0.0,0.0,0.0,0.0,0.0,0.0,0.0,0.0,-1.0,0.0,1.0,31101.0,1.0,20.0,0.0,1.0,0.05,2.0,0.06097,0.0,0.0,2.0
26.0,5.0,0.0,0.0,0.0,0.0,0.0,0.0,0.0,0.0,0.0,0.0,-1.0,0.0,1.0,31101.0,1.0,20.0,0.0,1.0,0.05,2.0,0.061969,0.0,0.0,2.0
26.0,5.0,0.0,0.0,0.0,0.0,0.0,0.0,0.0,0.0,0.0,0.0,-1.0,0.0,1.0,31101.0,1.0,20.0,0.0,1.0,0.05,2.0,0.061969,0.0,0.0,2.0
26.0,5.0,0.0,0.0,0.0,0.0,0.0,0.0,0.0,0.0,0.0,0.0,-1.0,0.0,1.0,31101.0,1.0,20.0,0.0,1.0,0.05,2.0,0.061969,0.0,0.0,2.0
26.0,5.0,0.0,0.0,0.0,0.0,0.0,0.0,0.0,0.0,0.0,0.0,-1.0,0.0,1.0,31101.0,1.0,20.0,0.0,1.0,0.05,2.0,0.061969,0.0,0.0,2.0
56.0,10.0,0.0,0.0,0.0,0.0,0.0,0.0,0.0,0.0,0.0,0.0,0.0,0.0,1.0,31151.0,1.0,20.0,0.0,1.0,0.05,2.0,0.061969,0.0,0.0,0.0
26.0,5.0,0.0,0.0,0.0,0.0,0.0,0.0,0.0,0.0,0.0,0.0,-1.0,0.0,1.0,31101.0,1.0,20.0,0.0,1.0,0.1,2.0,0.0,0.0,0.0,2.0
26.0,5.0,0.0,0.0,0.0,0.0,0.0,0.0,0.0,0.0,0.0,0.0,-1.0,0.0,1.0,31101.0,1.0,20.0,0.0,1.0,0.1,2.0,0.0,0.0,0.0,2.0
26.0,5.0,0.0,0.0,0.0,0.0,0.0,0.0,0.0,0.0,0.0,0.0,-1.0,0.0,1.0,31101.0,1.0,20.0,0.0,1.0,0.1,2.0,0.0,0.0,0.0,2.0
26.0,5.0,0.0,0.0,0.0,0.0,0.0,0.0,0.0,0.0,0.0,0.0,-1.0,0.0,1.0,31101.0,1.0,20.0,0.0,1.0,0.1,2.0,0.0,0.0,0.0,2.0
26.0,5.0,0.0,0.0,0.0,0.0,0.0,0.0,0.0,0.0,0.0,0.0,-1.0,0.0,1.0,31101.0,1.0,20.0,0.0,1.0,0.1,2.0,0.0,0.0,0.0,2.0
26.0,5.0,0.0,0.0,0.0,0.0,0.0,0.0,0.0,0.0,0.0,0.0,-1.0,0.0,1.0,31101.0,1.0,20.0,0.0,1.0,0.1,2.0,0.0,0.0,0.0,2.0
26.0,5.0,0.0,0.0,0.0,0.0,0.0,0.0,0.0,0.0,0.0,0.0,-1.0,0.0,1.0,31101.0,1.0,20.0,0.0,1.0,0.1,2.0,0.0,0.0,0.0,2.0
26.0,5.0,0.0,0.0,0.0,0.0,0.0,0.0,0.0,0.0,0.0,0.0,-1.0,0.0,1.0,31101.0,1.0,20.0,0.0,1.0,0.05,2.0,0.0,0.0,0.0,2.0
26.0,5.0,0.0,0.0,0.0,0.0,0.0,0.0,0.0,0.0,0.0,0.0,-1.0,0.0,1.0,31101.0,1.0,20.0,0.0,1.0,0.05,2.0,0.0,0.0,0.0,2.0
26.0,5.0,0.0,0.0,0.0,0.0,0.0,0.0,0.0,0.0,0.0,0.0,-1.0,0.0,1.0,31101.0,1.0,20.0,0.0,1.0,0.05,2.0,0.0,0.0,0.0,2.0
26.0,5.0,0.0,0.0,0.0,0.0,0.0,0.0,0.0,0.0,0.0,0.0,-1.0,0.0,1.0,31101.0,1.0,20.0,0.0,1.0,0.05,2.0,0.0,0.0,0.0,2.0
26.0,5.0,0.0,0.0,0.0,0.0,0.0,0.0,0.0,0.0,0.0,0.0,-1.0,0.0,1.0,31101.0,1.0,20.0,0.0,1.0,0.05,2.0,0.0,0.0,0.0,2.0
26.0,5.0,0.0,0.0,0.0,0.0,0.0,0.0,0.0,0.0,0.0,0.0,-1.0,0.0,1.0,31101.0,1.0,20.0,0.0,1.0,0.05,2.0,0.0,0.0,0.0,2.0
26.0,5.0,0.0,0.0,0.0,0.0,0.0,0.0,0.0,0.0,0.0,0.0,-1.0,0.0,1.0,31101.0,1.0,20.0,0.0,1.0,0.05,2.0,0.053973,0.0,0.0,2.0
26.0,5.0,0.0,0.0,0.0,0.0,0.0,0.0,0.0,0.0,0.0,0.0,-1.0,0.0,1.0,31101.0,1.0,20.0,0.0,1.0,0.05,2.0,0.053973,0.0,0.0,2.0
26.0,5.0,0.0,0.0,0.0,0.0,0.0,0.0,0.0,0.0,0.0,0.0,-1.0,0.0,1.0,31101.0,1.0,20.0,0.0,1.0,0.05,2.0,0.053973,0.0,0.0,2.0
26.0,5.0,0.0,0.0,0.0,0.0,0.0,0.0,0.0,0.0,0.0,0.0,-1.0,0.0,1.0,31101.0,1.0,20.0,0.0,1.0,0.05,2.0,0.053973,0.0,0.0,2.0
26.0,5.0,0.0,0.0,0.0,0.0,0.0,0.0,0.0,0.0,0.0,0.0,-1.0,0.0,1.0,31101.0,1.0,20.0,0.0,1.0,0.05,2.0,0.053973,0.0,0.0,2.0
26.0,5.0,0.0,0.0,0.0,0.0,0.0,0.0,0.0,0.0,0.0,0.0,-1.0,0.0,1.0,31101.0,1.0,20.0,0.0,1.0,0.05,2.0,0.053973,0.0,0.0,2.0
26.0,5.0,0.0,0.0,0.0,0.0,0.0,0.0,0.0,0.0,0.0,0.0,-1.0,0.0,1.0,31101.0,1.0,20.0,0.0,1.0,0.05,2.0,0.053973,0.0,0.0,2.0
26.0,5.0,0.0,0.0,0.0,0.0,0.0,0.0,0.0,0.0,0.0,0.0,-1.0,0.0,1.0,31101.0,1.0,20.0,0.0,1.0,0.0,1.0,999.0,0.0,0.0,2.0
26.0,5.0,0.0,0.0,0.0,0.0,0.0,0.0,0.0,0.0,0.0,0.0,-1.0,0.0,1.0,31101.0,1.0,20.0,0.0,1.0,0.0,1.0,999.0,0.0,0.0,2.0
26.0,5.0,0.0,0.0,0.0,0.0,0.0,0.0,0.0,0.0,0.0,0.0,-1.0,0.0,1.0,31101.0,1.0,20.0,0.0,1.0,0.0,1.0,999.0,0.0,0.0,2.0
26.0,5.0,0.0,0.0,0.0,0.0,0.0,0.0,0.0,0.0,0.0,0.0,-1.0,0.0,1.0,31101.0,1.0,20.0,0.0,1.0,0.0,1.0,999.0,0.0,0.0,2.0
26.0,5.0,0.0,0.0,0.0,0.0,0.0,0.0,0.0,0.0,0.0,0.0,-1.0,0.0,1.0,31101.0,1.0,20.0,0.0,1.0,0.0,1.0,999.0,0.0,0.0,2.0
56.0,10.0,0.0,0.0,0.0,0.0,0.0,0.0,0.0,0.0,0.0,0.0,0.0,0.0,1.0,31151.0,1.0,20.0,0.0,1.0,0.0,1.0,999.0,0.0,0.0,0.0
26.0,5.0,0.0,0.0,0.0,0.0,0.0,0.0,0.0,0.0,0.0,0.0,-1.0,0.0,1.0,31101.0,1.0,20.0,0.0,1.0,0.05,2.0,0.001,0.0,0.0,2.0
26.0,5.0,0.0,0.0,0.0,0.0,0.0,0.0,0.0,0.0,0.0,0.0,-1.0,0.0,1.0,31101.0,1.0,20.0,0.0,1.0,0.05,2.0,0.001,0.0,0.0,2.0
26.0,5.0,0.0,0.0,0.0,0.0,0.0,0.0,0.0,0.0,0.0,0.0,-1.0,0.0,1.0,31101.0,1.0,20.0,0.0,1.0,0.05,2.0,0.001,0.0,0.0,2.0
26.0,5.0,0.0,0.0,0.0,0.0,0.0,0.0,0.0,0.0,0.0,0.0,-1.0,0.0,1.0,31101.0,1.0,20.0,0.0,1.0,0.05,2.0,0.001,0.0,0.0,2.0
26.0,5.0,0.0,0.0,0.0,0.0,0.0,0.0,0.0,0.0,0.0,0.0,-1.0,0.0,1.0,31101.0,1.0,20.0,0.0,1.0,0.05,2.0,0.002999,0.0,0.0,2.0
26.0,5.0,0.0,0.0,0.0,0.0,0.0,0.0,0.0,0.0,0.0,0.0,-1.0,0.0,1.0,31101.0,1.0,20.0,0.0,1.0,0.05,2.0,0.002999,0.0,0.0,2.0
26.0,5.0,0.0,0.0,0.0,0.0,0.0,0.0,0.0,0.0,0.0,0.0,-1.0,0.0,1.0,31101.0,1.0,20.0,0.0,1.0,0.05,2.0,0.003998,0.0,0.0,2.0
26.0,5.0,0.0,0.0,0.0,0.0,0.0,0.0,0.0,0.0,0.0,0.0,-1.0,0.0,1.0,31101.0,1.0,20.0,0.0,1.0,0.05,2.0,0.003998,0.0,0.0,2.0
26.0,5.0,0.0,0.0,0.0,0.0,0.0,0.0,0.0,0.0,0.0,0.0,-1.0,0.0,1.0,31101.0,1.0,20.0,0.0,1.0,0.05,2.0,0.003998,0.0,0.0,2.0
26.0,5.0,0.0,0.0,0.0,0.0,0.0,0.0,0.0,0.0,0.0,0.0,-1.0,0.0,1.0,31101.0,1.0,20.0,0.0,1.0,0.05,2.0,0.004998,0.0,0.0,2.0
26.0,5.0,0.0,0.0,0.0,0.0,0.0,0.0,0.0,0.0,0.0,0.0,-1.0,0.0,1.0,31101.0,1.0,20.0,0.0,1.0,0.05,2.0,0.004998,0.0,0.0,2.0
26.0,5.0,0.0,0.0,0.0,0.0,0.0,0.0,0.0,0.0,0.0,0.0,-1.0,0.0,1.0,31101.0,1.0,20.0,0.0,1.0,0.05,2.0,0.004998,0.0,0.0,2.0
26.0,5.0,0.0,0.0,0.0,0.0,0.0,0.0,0.0,0.0,0.0,0.0,-1.0,0.0,1.0,31101.0,1.0,20.0,0.0,1.0,0.05,2.0,0.004998,0.0,0.0,2.0
56.0,10.0,0.0,0.0,0.0,0.0,0.0,0.0,0.0,0.0,0.0,0.0,0.0,0.0,1.0,31151.0,1.0,20.0,0.0,1.0,0.05,2.0,0.006997,0.0,0.0,0.0
26.0,5.0,0.0,0.0,0.0,0.0,0.0,0.0,0.0,0.0,0.0,0.0,-1.0,0.0,1.0,31101.0,1.0,20.0,0.0,1.0,0.1,2.0,0.0,0.0,0.0,2.0
26.0,5.0,0.0,0.0,0.0,0.0,0.0,0.0,0.0,0.0,0.0,0.0,-1.0,0.0,1.0,31101.0,1.0,20.0,0.0,1.0,0.1,2.0,0.000999,0.0,0.0,2.0
26.0,5.0,0.0,0.0,0.0,0.0,0.0,0.0,0.0,0.0,0.0,0.0,-1.0,0.0,1.0,31101.0,1.0,20.0,0.0,1.0,0.1,2.0,0.000999,0.0,0.0,2.0
26.0,5.0,0.0,0.0,0.0,0.0,0.0,0.0,0.0,0.0,0.0,0.0,-1.0,0.0,1.0,31101.0,1.0,20.0,0.0,1.0,0.1,2.0,0.000999,0.0,0.0,2.0
26.0,5.0,0.0,0.0,0.0,0.0,0.0,0.0,0.0,0.0,0.0,0.0,-1.0,0.0,1.0,31101.0,1.0,20.0,0.0,1.0,0.1,2.0,0.052973,0.0,0.0,2.0
26.0,5.0,0.0,0.0,0.0,0.0,0.0,0.0,0.0,0.0,0.0,0.0,-1.0,0.0,1.0,31101.0,1.0,20.0,0.0,1.0,0.1,2.0,0.052973,0.0,0.0,2.0
26.0,5.0,0.0,0.0,0.0,0.0,0.0,0.0,0.0,0.0,0.0,0.0,-1.0,0.0,1.0,31101.0,1.0,20.0,0.0,1.0,0.05,2.0,0.052973,0.0,0.0,2.0
26.0,5.0,0.0,0.0,0.0,0.0,0.0,0.0,0.0,0.0,0.0,0.0,-1.0,0.0,1.0,31101.0,1.0,20.0,0.0,1.0,0.05,2.0,0.052973,0.0,0.0,2.0
26.0,5.0,0.0,0.0,0.0,0.0,0.0,0.0,0.0,0.0,0.0,0.0,-1.0,0.0,1.0,31101.0,1.0,20.0,0.0,1.0,0.05,2.0,0.052973,0.0,0.0,2.0
26.0,5.0,0.0,0.0,0.0,0.0,0.0,0.0,0.0,0.0,0.0,0.0,-1.0,0.0,1.0,31101.0,1.0,20.0,0.0,1.0,0.05,2.0,0.052973,0.0,0.0,2.0
26.0,5.0,0.0,0.0,0.0,0.0,0.0,0.0,0.0,0.0,0.0,0.0,-1.0,0.0,1.0,31101.0,1.0,20.0,0.0,1.0,0.05,2.0,0.052973,0.0,0.0,2.0
26.0,5.0,0.0,0.0,0.0,0.0,0.0,0.0,0.0,0.0,0.0,0.0,-1.0,0.0,1.0,31101.0,1.0,20.0,0.0,1.0,0.05,2.0,0.052973,0.0,0.0,2.0
26.0,5.0,0.0,0.0,0.0,0.0,0.0,0.0,0.0,0.0,0.0,0.0,-1.0,0.0,1.0,31101.0,1.0,20.0,0.0,1.0,0.05,2.0,0.325837,0.0,0.0,2.0
26.0,5.0,0.0,0.0,0.0,0.0,0.0,0.0,0.0,0.0,0.0,0.0,-1.0,0.0,1.0,31101.0,1.0,20.0,0.0,1.0,0.05,2.0,0.325837,0.0,0.0,2.0
26.0,5.0,0.0,0.0,0.0,0.0,0.0,0.0,0.0,0.0,0.0,0.0,-1.0,0.0,1.0,31101.0,1.0,20.0,0.0,1.0,0.05,2.0,0.325837,0.0,0.0,2.0
26.0,5.0,0.0,0.0,0.0,0.0,0.0,0.0,0.0,0.0,0.0,0.0,-1.0,0.0,1.0,31101.0,1.0,20.0,0.0,1.0,0.05,2.0,0.325837,0.0,0.0,2.0
26.0,5.0,0.0,0.0,0.0,0.0,0.0,0.0,0.0,0.0,0.0,0.0,-1.0,0.0,1.0,31101.0,1.0,20.0,0.0,1.0,0.05,2.0,0.325837,0.0,0.0,2.0
26.0,5.0,0.0,0.0,0.0,0.0,0.0,0.0,0.0,0.0,0.0,0.0,-1.0,0.0,1.0,31101.0,1.0,20.0,0.0,1.0,0.05,2.0,0.427786,0.0,0.0,2.0
26.0,5.0,0.0,0.0,0.0,0.0,0.0,0.0,0.0,0.0,0.0,0.0,-1.0,0.0,1.0,31101.0,1.0,20.0,0.0,1.0,0.05,2.0,0.427786,0.0,0.0,2.0
26.0,5.0,0.0,0.0,0.0,0.0,0.0,0.0,0.0,0.0,0.0,0.0,-1.0,0.0,1.0,31101.0,1.0,20.0,0.0,1.0,0.05,2.0,0.427786,0.0,0.0,2.0
26.0,5.0,0.0,0.0,0.0,0.0,0.0,0.0,0.0,0.0,0.0,0.0,-1.0,0.0,1.0,31101.0,1.0,20.0,0.0,1.0,0.0,1.0,999.0,0.0,0.0,2.0
26.0,5.0,0.0,0.0,0.0,0.0,0.0,0.0,0.0,0.0,0.0,0.0,-1.0,0.0,1.0,31101.0,1.0,20.0,0.0,1.0,0.0,1.0,999.0,0.0,0.0,2.0
26.0,5.0,0.0,0.0,0.0,0.0,0.0,0.0,0.0,0.0,0.0,0.0,-1.0,0.0,1.0,31101.0,1.0,20.0,0.0,1.0,0.0,1.0,999.0,0.0,0.0,2.0
26.0,5.0,0.0,0.0,0.0,0.0,0.0,0.0,0.0,0.0,0.0,0.0,-1.0,0.0,1.0,31101.0,1.0,20.0,0.0,1.0,0.0,1.0,999.0,0.0,0.0,2.0
26.0,5.0,0.0,0.0,0.0,0.0,0.0,0.0,0.0,0.0,0.0,0.0,-1.0,0.0,1.0,31101.0,1.0,20.0,0.0,1.0,0.0,1.0,999.0,0.0,0.0,2.0
26.0,5.0,0.0,0.0,0.0,0.0,0.0,0.0,0.0,0.0,0.0,0.0,-1.0,0.0,1.0,31101.0,1.0,20.0,0.0,1.0,0.0,1.0,999.0,0.0,0.0,2.0
26.0,5.0,0.0,0.0,0.0,0.0,0.0,0.0,0.0,0.0,0.0,0.0,-1.0,0.0,1.0,31101.0,1.0,20.0,0.0,1.0,0.0,1.0,999.0,0.0,0.0,2.0
26.0,5.0,0.0,0.0,0.0,0.0,0.0,0.0,0.0,0.0,0.0,0.0,-1.0,0.0,1.0,31101.0,1.0,20.0,0.0,1.0,0.0,1.0,999.0,0.0,0.0,2.0
26.0,5.0,0.0,0.0,0.0,0.0,0.0,0.0,0.0,0.0,0.0,0.0,-1.0,0.0,1.0,31101.0,1.0,20.0,0.0,1.0,0.0,1.0,999.0,0.0,0.0,2.0
26.0,5.0,0.0,0.0,0.0,0.0,0.0,0.0,0.0,0.0,0.0,0.0,-1.0,0.0,1.0,31101.0,1.0,20.0,0.0,1.0,0.0,1.0,999.0,0.0,0.0,2.0
26.0,5.0,0.0,0.0,0.0,0.0,0.0,0.0,0.0,0.0,0.0,0.0,-1.0,0.0,1.0,31101.0,1.0,20.0,0.0,1.0,0.0,1.0,999.0,0.0,0.0,2.0
26.0,5.0,0.0,0.0,0.0,0.0,0.0,0.0,0.0,0.0,0.0,0.0,-1.0,0.0,1.0,31101.0,1.0,20.0,0.0,1.0,0.0,1.0,999.0,0.0,0.0,2.0
26.0,5.0,0.0,0.0,0.0,0.0,0.0,0.0,0.0,0.0,0.0,0.0,-1.0,0.0,1.0,31101.0,1.0,20.0,0.0,1.0,0.0,1.0,999.0,0.0,0.0,2.0
26.0,5.0,0.0,0.0,0.0,0.0,0.0,0.0,0.0,0.0,0.0,0.0,-1.0,0.0,1.0,31101.0,1.0,20.0,0.0,1.0,0.0,1.0,999.0,0.0,0.0,2.0
26.0,5.0,0.0,0.0,0.0,0.0,0.0,0.0,0.0,0.0,0.0,0.0,-1.0,0.0,1.0,31101.0,1.0,20.0,0.0,1.0,0.0,1.0,999.0,0.0,0.0,2.0
26.0,5.0,0.0,0.0,0.0,0.0,0.0,0.0,0.0,0.0,0.0,0.0,-1.0,0.0,1.0,31101.0,1.0,20.0,0.0,1.0,0.0,1.0,999.0,0.0,0.0,2.0
26.0,5.0,0.0,0.0,0.0,0.0,0.0,0.0,0.0,0.0,0.0,0.0,-1.0,0.0,1.0,31101.0,1.0,20.0,0.0,1.0,0.0,1.0,999.0,0.0,0.0,2.0
56.0,10.0,0.0,0.0,0.0,0.0,0.0,0.0,0.0,0.0,0.0,0.0,0.0,0.0,1.0,31151.0,1.0,20.0,0.0,1.0,0.0,1.0,999.0,0.0,0.0,0.0
26.0,5.0,0.0,0.0,0.0,0.0,0.0,0.0,0.0,0.0,0.0,0.0,-1.0,0.0,1.0,31101.0,1.0,20.0,0.0,1.0,0.05,2.0,0.0,0.0,0.0,2.0
26.0,5.0,0.0,0.0,0.0,0.0,0.0,0.0,0.0,0.0,0.0,0.0,-1.0,0.0,1.0,31101.0,1.0,20.0,0.0,1.0,0.05,2.0,0.001,0.0,0.0,2.0
26.0,5.0,0.0,0.0,0.0,0.0,0.0,0.0,0.0,0.0,0.0,0.0,-1.0,0.0,1.0,31101.0,1.0,20.0,0.0,1.0,0.05,2.0,0.001,0.0,0.0,2.0
26.0,5.0,0.0,0.0,0.0,0.0,0.0,0.0,0.0,0.0,0.0,0.0,-1.0,0.0,1.0,31101.0,1.0,20.0,0.0,1.0,0.05,2.0,0.001,0.0,0.0,2.0
26.0,5.0,0.0,0.0,0.0,0.0,0.0,0.0,0.0,0.0,0.0,0.0,-1.0,0.0,1.0,31101.0,1.0,20.0,0.0,1.0,0.05,2.0,0.002999,0.0,0.0,2.0
26.0,5.0,0.0,0.0,0.0,0.0,0.0,0.0,0.0,0.0,0.0,0.0,-1.0,0.0,1.0,31101.0,1.0,20.0,0.0,1.0,0.05,2.0,0.067966,0.0,0.0,2.0
26.0,5.0,0.0,0.0,0.0,0.0,0.0,0.0,0.0,0.0,0.0,0.0,-1.0,0.0,1.0,31101.0,1.0,20.0,0.0,1.0,0.05,2.0,0.067966,0.0,0.0,2.0
26.0,5.0,0.0,0.0,0.0,0.0,0.0,0.0,0.0,0.0,0.0,0.0,-1.0,0.0,1.0,31101.0,1.0,20.0,0.0,1.0,0.05,2.0,0.067966,0.0,0.0,2.0
26.0,5.0,0.0,0.0,0.0,0.0,0.0,0.0,0.0,0.0,0.0,0.0,-1.0,0.0,1.0,31101.0,1.0,20.0,0.0,1.0,0.05,2.0,0.067966,0.0,0.0,2.0
26.0,5.0,0.0,0.0,0.0,0.0,0.0,0.0,0.0,0.0,0.0,0.0,-1.0,0.0,1.0,31101.0,1.0,20.0,0.0,1.0,0.05,2.0,0.067966,0.0,0.0,2.0
26.0,5.0,0.0,0.0,0.0,0.0,0.0,0.0,0.0,0.0,0.0,0.0,-1.0,0.0,1.0,31101.0,1.0,20.0,0.0,1.0,0.05,2.0,0.067966,0.0,0.0,2.0
26.0,5.0,0.0,0.0,0.0,0.0,0.0,0.0,0.0,0.0,0.0,0.0,-1.0,0.0,1.0,31101.0,1.0,20.0,0.0,1.0,0.05,2.0,0.067966,0.0,0.0,2.0
26.0,5.0,0.0,0.0,0.0,0.0,0.0,0.0,0.0,0.0,0.0,0.0,-1.0,0.0,1.0,31101.0,1.0,20.0,0.0,1.0,0.05,2.0,0.067966,0.0,0.0,2.0
56.0,10.0,0.0,0.0,0.0,0.0,0.0,0.0,0.0,0.0,0.0,0.0,0.0,0.0,1.0,31151.0,1.0,20.0,0.0,1.0,0.05,2.0,0.067966,0.0,0.0,0.0
26.0,5.0,0.0,0.0,0.0,0.0,0.0,0.0,0.0,0.0,0.0,0.0,-1.0,0.0,1.0,31101.0,1.0,20.0,0.0,1.0,0.1,2.0,0.052974,0.0,0.0,2.0
26.0,5.0,0.0,0.0,0.0,0.0,0.0,0.0,0.0,0.0,0.0,0.0,-1.0,0.0,1.0,31101.0,1.0,20.0,0.0,1.0,0.1,2.0,0.052974,0.0,0.0,2.0
26.0,5.0,0.0,0.0,0.0,0.0,0.0,0.0,0.0,0.0,0.0,0.0,-1.0,0.0,1.0,31101.0,1.0,20.0,0.0,1.0,0.1,2.0,0.052974,0.0,0.0,2.0
26.0,5.0,0.0,0.0,0.0,0.0,0.0,0.0,0.0,0.0,0.0,0.0,-1.0,0.0,1.0,31101.0,1.0,20.0,0.0,1.0,0.1,2.0,0.052974,0.0,0.0,2.0
26.0,5.0,0.0,0.0,0.0,0.0,0.0,0.0,0.0,0.0,0.0,0.0,-1.0,0.0,1.0,31101.0,1.0,20.0,0.0,1.0,0.1,2.0,0.104948,0.0,0.0,2.0
26.0,5.0,0.0,0.0,0.0,0.0,0.0,0.0,0.0,0.0,0.0,0.0,-1.0,0.0,1.0,31101.0,1.0,20.0,0.0,1.0,0.1,2.0,0.104948,0.0,0.0,2.0
26.0,5.0,0.0,0.0,0.0,0.0,0.0,0.0,0.0,0.0,0.0,0.0,-1.0,0.0,1.0,31101.0,1.0,20.0,0.0,1.0,0.05,2.0,0.106947,0.0,0.0,2.0
26.0,5.0,0.0,0.0,0.0,0.0,0.0,0.0,0.0,0.0,0.0,0.0,-1.0,0.0,1.0,31101.0,1.0,20.0,0.0,1.0,0.05,2.0,0.106947,0.0,0.0,2.0
26.0,5.0,0.0,0.0,0.0,0.0,0.0,0.0,0.0,0.0,0.0,0.0,-1.0,0.0,1.0,31101.0,1.0,20.0,0.0,1.0,0.05,2.0,0.106947,0.0,0.0,2.0
26.0,5.0,0.0,0.0,0.0,0.0,0.0,0.0,0.0,0.0,0.0,0.0,-1.0,0.0,1.0,31101.0,1.0,20.0,0.0,1.0,0.05,2.0,0.106947,0.0,0.0,2.0
26.0,5.0,0.0,0.0,0.0,0.0,0.0,0.0,0.0,0.0,0.0,0.0,-1.0,0.0,1.0,31101.0,1.0,20.0,0.0,1.0,0.05,2.0,0.106947,0.0,0.0,2.0
56.0,10.0,0.0,0.0,0.0,0.0,0.0,0.0,0.0,0.0,0.0,0.0,0.0,0.0,1.0,31151.0,1.0,20.0,0.0,1.0,0.05,2.0,0.106947,0.0,0.0,0.0
26.0,5.0,0.0,0.0,0.0,0.0,0.0,0.0,0.0,0.0,0.0,0.0,-1.0,0.0,1.0,31101.0,1.0,20.0,0.0,1.0,0.1,2.0,0.103948,0.0,0.0,2.0
26.0,5.0,0.0,0.0,0.0,0.0,0.0,0.0,0.0,0.0,0.0,0.0,-1.0,0.0,1.0,31101.0,1.0,20.0,0.0,1.0,0.1,2.0,0.103948,0.0,0.0,2.0
26.0,5.0,0.0,0.0,0.0,0.0,0.0,0.0,0.0,0.0,0.0,0.0,-1.0,0.0,1.0,31101.0,1.0,20.0,0.0,1.0,0.1,2.0,0.103948,0.0,0.0,2.0
26.0,5.0,0.0,0.0,0.0,0.0,0.0,0.0,0.0,0.0,0.0,0.0,-1.0,0.0,1.0,31101.0,1.0,20.0,0.0,1.0,0.1,2.0,0.103948,0.0,0.0,2.0
26.0,5.0,0.0,0.0,0.0,0.0,0.0,0.0,0.0,0.0,0.0,0.0,-1.0,0.0,1.0,31101.0,1.0,20.0,0.0,1.0,0.1,2.0,0.103948,0.0,0.0,2.0
26.0,5.0,0.0,0.0,0.0,0.0,0.0,0.0,0.0,0.0,0.0,0.0,-1.0,0.0,1.0,31101.0,1.0,20.0,0.0,1.0,0.1,2.0,0.103948,0.0,0.0,2.0
26.0,5.0,0.0,0.0,0.0,0.0,0.0,0.0,0.0,0.0,0.0,0.0,-1.0,0.0,1.0,31101.0,1.0,20.0,0.0,1.0,0.1,2.0,0.103948,0.0,0.0,2.0
26.0,5.0,0.0,0.0,0.0,0.0,0.0,0.0,0.0,0.0,0.0,0.0,-1.0,0.0,1.0,31101.0,1.0,20.0,0.0,1.0,0.1,2.0,0.106946,0.0,0.0,2.0
26.0,5.0,0.0,0.0,0.0,0.0,0.0,0.0,0.0,0.0,0.0,0.0,-1.0,0.0,1.0,31101.0,1.0,20.0,0.0,1.0,0.05,2.0,0.107946,0.0,0.0,2.0
26.0,5.0,0.0,0.0,0.0,0.0,0.0,0.0,0.0,0.0,0.0,0.0,-1.0,0.0,1.0,31101.0,1.0,20.0,0.0,1.0,0.05,2.0,0.107946,0.0,0.0,2.0
26.0,5.0,0.0,0.0,0.0,0.0,0.0,0.0,0.0,0.0,0.0,0.0,-1.0,0.0,1.0,31101.0,1.0,20.0,0.0,1.0,0.05,2.0,0.15892,0.0,0.0,2.0
56.0,10.0,0.0,0.0,0.0,0.0,0.0,0.0,0.0,0.0,0.0,0.0,0.0,0.0,1.0,31151.0,1.0,20.0,0.0,1.0,0.05,2.0,0.15892,0.0,0.0,0.0
26.0,5.0,0.0,0.0,0.0,0.0,0.0,0.0,0.0,0.0,0.0,0.0,-1.0,0.0,1.0,31101.0,1.0,20.0,0.0,1.0,0.1,2.0,0.0,0.0,0.0,2.0
26.0,5.0,0.0,0.0,0.0,0.0,0.0,0.0,0.0,0.0,0.0,0.0,-1.0,0.0,1.0,31101.0,1.0,20.0,0.0,1.0,0.1,2.0,0.051974,0.0,0.0,2.0
26.0,5.0,0.0,0.0,0.0,0.0,0.0,0.0,0.0,0.0,0.0,0.0,-1.0,0.0,1.0,31101.0,1.0,20.0,0.0,1.0,0.1,2.0,0.051974,0.0,0.0,2.0
26.0,5.0,0.0,0.0,0.0,0.0,0.0,0.0,0.0,0.0,0.0,0.0,-1.0,0.0,1.0,31101.0,1.0,20.0,0.0,1.0,0.1,2.0,0.051974,0.0,0.0,2.0
26.0,5.0,0.0,0.0,0.0,0.0,0.0,0.0,0.0,0.0,0.0,0.0,-1.0,0.0,1.0,31101.0,1.0,20.0,0.0,1.0,0.1,2.0,0.051974,0.0,0.0,2.0
26.0,5.0,0.0,0.0,0.0,0.0,0.0,0.0,0.0,0.0,0.0,0.0,-1.0,0.0,1.0,31101.0,1.0,20.0,0.0,1.0,0.1,2.0,0.051974,0.0,0.0,2.0
26.0,5.0,0.0,0.0,0.0,0.0,0.0,0.0,0.0,0.0,0.0,0.0,-1.0,0.0,1.0,31101.0,1.0,20.0,0.0,1.0,0.1,2.0,0.051974,0.0,0.0,2.0
26.0,5.0,0.0,0.0,0.0,0.0,0.0,0.0,0.0,0.0,0.0,0.0,-1.0,0.0,1.0,31101.0,1.0,20.0,0.0,1.0,0.1,2.0,0.105947,0.0,0.0,2.0
26.0,5.0,0.0,0.0,0.0,0.0,0.0,0.0,0.0,0.0,0.0,0.0,-1.0,0.0,1.0,31101.0,1.0,20.0,0.0,1.0,0.05,2.0,0.105947,0.0,0.0,2.0
26.0,5.0,0.0,0.0,0.0,0.0,0.0,0.0,0.0,0.0,0.0,0.0,-1.0,0.0,1.0,31101.0,1.0,20.0,0.0,1.0,0.05,2.0,0.105947,0.0,0.0,2.0
26.0,5.0,0.0,0.0,0.0,0.0,0.0,0.0,0.0,0.0,0.0,0.0,-1.0,0.0,1.0,31101.0,1.0,20.0,0.0,1.0,0.05,2.0,0.105947,0.0,0.0,2.0
26.0,5.0,0.0,0.0,0.0,0.0,0.0,0.0,0.0,0.0,0.0,0.0,-1.0,0.0,1.0,31101.0,1.0,20.0,0.0,1.0,0.05,2.0,0.157921,0.0,0.0,2.0
26.0,5.0,0.0,0.0,0.0,0.0,0.0,0.0,0.0,0.0,0.0,0.0,-1.0,0.0,1.0,31101.0,1.0,20.0,0.0,1.0,0.05,2.0,0.157921,0.0,0.0,2.0
26.0,5.0,0.0,0.0,0.0,0.0,0.0,0.0,0.0,0.0,0.0,0.0,-1.0,0.0,1.0,31101.0,1.0,20.0,0.0,1.0,0.05,2.0,0.157921,0.0,0.0,2.0
26.0,5.0,0.0,0.0,0.0,0.0,0.0,0.0,0.0,0.0,0.0,0.0,-1.0,0.0,1.0,31101.0,1.0,20.0,0.0,1.0,0.05,2.0,0.157921,0.0,0.0,2.0
26.0,5.0,0.0,0.0,0.0,0.0,0.0,0.0,0.0,0.0,0.0,0.0,-1.0,0.0,1.0,31101.0,1.0,20.0,0.0,1.0,0.05,2.0,0.157921,0.0,0.0,2.0
26.0,5.0,0.0,0.0,0.0,0.0,0.0,0.0,0.0,0.0,0.0,0.0,-1.0,0.0,1.0,31101.0,1.0,20.0,0.0,1.0,0.05,2.0,0.157921,0.0,0.0,2.0
26.0,5.0,0.0,0.0,0.0,0.0,0.0,0.0,1.0,0.0,0.0,0.0,-1.0,0.0,1.0,31101.0,1.0,20.0,0.0,1.0,0.05,2.0,0.157921,0.0,0.0,2.0
26.0,5.0,0.0,0.0,0.0,0.0,0.0,0.0,1.0,0.0,0.0,0.0,-1.0,0.0,1.0,31101.0,1.0,20.0,0.0,1.0,0.05,2.0,0.157921,0.0,0.0,2.0
26.0,5.0,0.0,0.0,0.0,0.0,0.0,0.0,0.0,0.0,0.0,0.0,-1.0,0.0,1.0,31101.0,1.0,20.0,0.0,1.0,0.05,2.0,0.442779,0.0,0.0,2.0
26.0,5.0,0.0,0.0,0.0,0.0,0.0,0.0,0.0,0.0,0.0,0.0,-1.0,0.0,1.0,31101.0,1.0,20.0,0.0,1.0,0.0,1.0,999.0,0.0,0.0,2.0
26.0,5.0,0.0,0.0,0.0,0.0,0.0,0.0,1.0,0.0,0.0,0.0,-1.0,0.0,1.0,31101.0,1.0,20.0,0.0,1.0,0.0,1.0,999.0,0.0,0.0,2.0
26.0,5.0,0.0,0.0,0.0,0.0,0.0,0.0,1.0,0.0,0.0,0.0,-1.0,0.0,1.0,31101.0,1.0,20.0,0.0,1.0,0.0,1.0,999.0,0.0,0.0,2.0
56.0,10.0,0.0,0.0,0.0,0.0,0.0,0.0,0.0,0.0,0.0,0.0,0.0,0.0,1.0,31151.0,1.0,20.0,0.0,1.0,0.0,1.0,999.0,0.0,0.0,0.0
26.0,5.0,0.0,0.0,0.0,0.0,0.0,0.0,0.0,0.0,0.0,0.0,-1.0,0.0,1.0,31101.0,1.0,20.0,0.0,1.0,0.05,2.0,0.0,0.0,0.0,2.0
26.0,5.0,0.0,0.0,0.0,0.0,0.0,0.0,0.0,0.0,0.0,0.0,-1.0,0.0,1.0,31101.0,1.0,20.0,0.0,1.0,0.05,2.0,0.0,0.0,0.0,2.0
26.0,5.0,0.0,0.0,0.0,0.0,0.0,0.0,0.0,0.0,0.0,0.0,-1.0,0.0,1.0,31101.0,1.0,20.0,0.0,1.0,0.05,2.0,0.0,0.0,0.0,2.0
26.0,5.0,0.0,0.0,0.0,0.0,0.0,0.0,0.0,0.0,0.0,0.0,-1.0,0.0,1.0,31101.0,1.0,20.0,0.0,1.0,0.05,2.0,0.0,0.0,0.0,2.0
26.0,5.0,0.0,0.0,0.0,0.0,0.0,0.0,0.0,0.0,0.0,0.0,-1.0,0.0,1.0,31101.0,1.0,20.0,0.0,1.0,0.05,2.0,0.0,0.0,0.0,2.0
26.0,5.0,0.0,0.0,0.0,0.0,0.0,0.0,0.0,0.0,0.0,0.0,-1.0,0.0,1.0,31101.0,1.0,20.0,0.0,1.0,0.05,2.0,0.0,0.0,0.0,2.0
26.0,5.0,0.0,0.0,0.0,0.0,0.0,0.0,0.0,0.0,0.0,0.0,-1.0,0.0,1.0,31101.0,1.0,20.0,0.0,1.0,0.05,2.0,0.0,0.0,0.0,2.0
26.0,5.0,0.0,0.0,0.0,0.0,0.0,0.0,0.0,0.0,0.0,0.0,-1.0,0.0,1.0,31101.0,1.0,20.0,0.0,1.0,0.05,2.0,0.052974,0.0,0.0,2.0
26.0,5.0,0.0,0.0,0.0,0.0,0.0,0.0,0.0,0.0,0.0,0.0,-1.0,0.0,1.0,31101.0,1.0,20.0,0.0,1.0,0.05,2.0,0.052974,0.0,0.0,2.0
26.0,5.0,0.0,0.0,0.0,0.0,0.0,0.0,0.0,0.0,0.0,0.0,-1.0,0.0,1.0,31101.0,1.0,20.0,0.0,1.0,0.05,2.0,0.052974,0.0,0.0,2.0
26.0,5.0,0.0,0.0,0.0,0.0,0.0,0.0,0.0,0.0,0.0,0.0,-1.0,0.0,1.0,31101.0,1.0,20.0,0.0,1.0,0.05,2.0,0.052974,0.0,0.0,2.0
26.0,5.0,0.0,0.0,0.0,0.0,0.0,0.0,0.0,0.0,0.0,0.0,-1.0,0.0,1.0,31101.0,1.0,20.0,0.0,1.0,0.05,2.0,0.052974,0.0,0.0,2.0
26.0,5.0,0.0,0.0,0.0,0.0,0.0,0.0,0.0,0.0,0.0,0.0,-1.0,0.0,1.0,31101.0,1.0,20.0,0.0,1.0,0.05,2.0,0.103948,0.0,0.0,2.0
26.0,5.0,0.0,0.0,0.0,0.0,0.0,0.0,0.0,0.0,0.0,0.0,-1.0,0.0,1.0,31101.0,1.0,20.0,0.0,1.0,0.05,2.0,0.103948,0.0,0.0,2.0
26.0,5.0,0.0,0.0,0.0,0.0,0.0,0.0,0.0,0.0,0.0,0.0,-1.0,0.0,1.0,31101.0,1.0,20.0,0.0,1.0,0.05,2.0,0.103948,0.0,0.0,2.0
26.0,5.0,0.0,0.0,0.0,0.0,0.0,0.0,0.0,0.0,0.0,0.0,-1.0,0.0,1.0,31101.0,1.0,20.0,0.0,1.0,0.05,2.0,0.103948,0.0,0.0,2.0
26.0,5.0,0.0,0.0,0.0,0.0,0.0,0.0,0.0,0.0,0.0,0.0,-1.0,0.0,1.0,31101.0,1.0,20.0,0.0,1.0,0.05,2.0,0.103948,0.0,0.0,2.0
26.0,5.0,0.0,0.0,0.0,0.0,0.0,0.0,0.0,0.0,0.0,0.0,-1.0,0.0,1.0,31101.0,1.0,20.0,0.0,1.0,0.05,2.0,0.103948,0.0,0.0,2.0
26.0,5.0,0.0,0.0,0.0,0.0,0.0,0.0,0.0,0.0,0.0,0.0,-1.0,0.0,1.0,31101.0,1.0,20.0,0.0,1.0,0.05,2.0,0.103948,0.0,0.0,2.0
26.0,5.0,0.0,0.0,0.0,0.0,0.0,0.0,0.0,0.0,0.0,0.0,-1.0,0.0,1.0,31101.0,1.0,20.0,0.0,1.0,0.05,2.0,0.103948,0.0,0.0,2.0
26.0,5.0,0.0,0.0,0.0,0.0,0.0,0.0,0.0,0.0,0.0,0.0,-1.0,0.0,1.0,31101.0,1.0,20.0,0.0,1.0,0.0,1.0,999.0,0.0,0.0,2.0
26.0,5.0,0.0,0.0,0.0,0.0,0.0,0.0,0.0,0.0,0.0,0.0,-1.0,0.0,1.0,31101.0,1.0,20.0,0.0,1.0,0.0,1.0,999.0,0.0,0.0,2.0
26.0,5.0,0.0,0.0,0.0,0.0,0.0,0.0,0.0,0.0,0.0,0.0,-1.0,0.0,1.0,31101.0,1.0,20.0,0.0,1.0,0.0,1.0,999.0,0.0,0.0,2.0
26.0,5.0,0.0,0.0,0.0,0.0,0.0,0.0,0.0,0.0,0.0,0.0,-1.0,0.0,1.0,31101.0,1.0,20.0,0.0,1.0,0.0,1.0,999.0,0.0,0.0,2.0
26.0,5.0,0.0,0.0,0.0,0.0,0.0,0.0,0.0,0.0,0.0,0.0,-1.0,0.0,1.0,31101.0,1.0,20.0,0.0,1.0,0.0,1.0,999.0,0.0,0.0,2.0
26.0,5.0,0.0,0.0,0.0,0.0,0.0,0.0,0.0,0.0,0.0,0.0,-1.0,0.0,1.0,31101.0,1.0,20.0,0.0,1.0,0.0,1.0,999.0,0.0,0.0,2.0
26.0,5.0,0.0,0.0,0.0,0.0,0.0,0.0,0.0,0.0,0.0,0.0,-1.0,0.0,1.0,31101.0,1.0,20.0,0.0,1.0,0.0,1.0,999.0,0.0,0.0,2.0
26.0,5.0,0.0,0.0,0.0,0.0,0.0,0.0,0.0,0.0,0.0,0.0,-1.0,0.0,1.0,31101.0,1.0,20.0,0.0,1.0,0.0,1.0,999.0,0.0,0.0,2.0
26.0,5.0,0.0,0.0,0.0,0.0,0.0,0.0,0.0,0.0,0.0,0.0,-1.0,0.0,1.0,31101.0,1.0,20.0,0.0,1.0,0.0,1.0,999.0,0.0,0.0,2.0
26.0,5.0,0.0,0.0,0.0,0.0,0.0,0.0,0.0,0.0,0.0,0.0,-1.0,0.0,1.0,31101.0,1.0,20.0,0.0,1.0,0.0,1.0,999.0,0.0,0.0,2.0
26.0,5.0,0.0,0.0,0.0,0.0,0.0,0.0,0.0,0.0,0.0,0.0,-1.0,0.0,1.0,31101.0,1.0,20.0,0.0,1.0,0.0,1.0,999.0,0.0,0.0,2.0
26.0,5.0,0.0,0.0,0.0,0.0,0.0,0.0,0.0,0.0,0.0,0.0,-1.0,0.0,1.0,31101.0,1.0,20.0,0.0,1.0,0.0,1.0,999.0,0.0,0.0,2.0
26.0,5.0,0.0,0.0,0.0,0.0,0.0,0.0,0.0,0.0,0.0,0.0,-1.0,0.0,1.0,31101.0,1.0,20.0,0.0,1.0,0.0,1.0,999.0,0.0,0.0,2.0
26.0,5.0,0.0,0.0,0.0,0.0,0.0,0.0,0.0,0.0,0.0,0.0,-1.0,0.0,1.0,31101.0,1.0,20.0,0.0,1.0,0.0,1.0,999.0,0.0,0.0,2.0
26.0,5.0,0.0,0.0,0.0,0.0,0.0,0.0,0.0,0.0,0.0,0.0,-1.0,0.0,1.0,31101.0,1.0,20.0,0.0,1.0,0.0,1.0,999.0,0.0,0.0,2.0
26.0,5.0,0.0,0.0,0.0,0.0,0.0,0.0,0.0,0.0,0.0,0.0,-1.0,0.0,1.0,31101.0,1.0,20.0,0.0,1.0,0.0,1.0,999.0,0.0,0.0,2.0
56.0,10.0,0.0,0.0,0.0,0.0,0.0,0.0,0.0,0.0,0.0,0.0,0.0,0.0,1.0,31151.0,1.0,20.0,0.0,1.0,0.0,1.0,999.0,0.0,0.0,0.0
26.0,5.0,0.0,0.0,0.0,0.0,0.0,0.0,0.0,0.0,0.0,0.0,-1.0,0.0,1.0,31101.0,1.0,20.0,0.0,1.0,0.05,2.0,0.0,0.0,0.0,2.0
26.0,5.0,0.0,0.0,0.0,0.0,0.0,0.0,0.0,0.0,0.0,0.0,-1.0,0.0,1.0,31101.0,1.0,20.0,0.0,1.0,0.05,2.0,0.0,0.0,0.0,2.0
26.0,5.0,0.0,0.0,0.0,0.0,0.0,0.0,0.0,0.0,0.0,0.0,-1.0,0.0,1.0,31101.0,1.0,20.0,0.0,1.0,0.05,2.0,0.0,0.0,0.0,2.0
26.0,5.0,0.0,0.0,0.0,0.0,0.0,0.0,0.0,0.0,0.0,0.0,-1.0,0.0,1.0,31101.0,1.0,20.0,0.0,1.0,0.05,2.0,0.050974,0.0,0.0,2.0
26.0,5.0,0.0,0.0,0.0,0.0,0.0,0.0,0.0,0.0,0.0,0.0,-1.0,0.0,1.0,31101.0,1.0,20.0,0.0,1.0,0.05,2.0,0.051974,0.0,0.0,2.0
26.0,5.0,0.0,0.0,0.0,0.0,0.0,0.0,0.0,0.0,0.0,0.0,-1.0,0.0,1.0,31101.0,1.0,20.0,0.0,1.0,0.05,2.0,0.051974,0.0,0.0,2.0
26.0,5.0,0.0,0.0,1.0,0.0,0.0,0.0,0.0,0.0,0.0,0.0,-1.0,0.0,1.0,31101.0,1.0,20.0,0.0,1.0,0.05,2.0,0.057971,0.0,0.0,2.0
26.0,5.0,0.0,0.0,0.0,0.0,0.0,0.0,0.0,0.0,0.0,0.0,-1.0,0.0,1.0,31101.0,1.0,20.0,0.0,1.0,0.05,2.0,0.109945,0.0,0.0,2.0
26.0,5.0,0.0,0.0,0.0,0.0,0.0,0.0,0.0,0.0,0.0,0.0,-1.0,0.0,1.0,31101.0,1.0,20.0,0.0,1.0,0.05,2.0,0.109945,0.0,0.0,2.0
26.0,5.0,0.0,0.0,0.0,0.0,0.0,0.0,0.0,0.0,0.0,0.0,-1.0,0.0,1.0,31101.0,1.0,20.0,0.0,1.0,0.05,2.0,0.109945,0.0,0.0,2.0
26.0,5.0,0.0,0.0,0.0,0.0,0.0,0.0,0.0,0.0,0.0,0.0,-1.0,0.0,1.0,31101.0,1.0,20.0,0.0,1.0,0.05,2.0,0.109945,0.0,0.0,2.0
56.0,10.0,0.0,0.0,0.0,0.0,0.0,0.0,0.0,0.0,0.0,0.0,0.0,0.0,1.0,31151.0,1.0,20.0,0.0,1.0,0.05,2.0,0.109945,0.0,0.0,0.0
26.0,5.0,0.0,0.0,0.0,0.0,0.0,0.0,0.0,0.0,0.0,0.0,-1.0,0.0,1.0,31101.0,1.0,20.0,0.0,1.0,0.1,2.0,0.0,0.0,0.0,2.0
26.0,5.0,0.0,0.0,0.0,0.0,0.0,0.0,1.0,0.0,0.0,0.0,-1.0,0.0,1.0,31101.0,1.0,20.0,0.0,1.0,0.1,2.0,0.0,0.0,0.0,2.0
26.0,5.0,0.0,0.0,0.0,0.0,0.0,0.0,0.0,0.0,0.0,0.0,-1.0,0.0,1.0,31101.0,1.0,20.0,0.0,1.0,0.1,2.0,0.0,0.0,0.0,2.0
26.0,5.0,0.0,0.0,0.0,0.0,0.0,0.0,0.0,0.0,0.0,0.0,-1.0,0.0,1.0,31101.0,1.0,20.0,0.0,1.0,0.1,2.0,0.0,0.0,0.0,2.0
26.0,5.0,0.0,0.0,0.0,0.0,0.0,0.0,0.0,0.0,0.0,0.0,-1.0,0.0,1.0,31101.0,1.0,20.0,0.0,1.0,0.1,2.0,0.0,0.0,0.0,2.0
26.0,5.0,0.0,0.0,0.0,0.0,0.0,0.0,0.0,0.0,0.0,0.0,-1.0,0.0,1.0,31101.0,1.0,20.0,0.0,1.0,0.1,2.0,0.0,0.0,0.0,2.0
26.0,5.0,0.0,0.0,0.0,0.0,0.0,0.0,0.0,0.0,0.0,0.0,-1.0,0.0,1.0,31101.0,1.0,20.0,0.0,1.0,0.1,2.0,0.0,0.0,0.0,2.0
26.0,5.0,0.0,0.0,0.0,0.0,0.0,0.0,0.0,0.0,0.0,0.0,-1.0,0.0,1.0,31101.0,1.0,20.0,0.0,1.0,0.1,2.0,0.0,0.0,0.0,2.0
26.0,5.0,0.0,0.0,0.0,0.0,0.0,0.0,0.0,0.0,0.0,0.0,-1.0,0.0,1.0,31101.0,1.0,20.0,0.0,1.0,0.05,2.0,0.0,0.0,0.0,2.0
26.0,5.0,0.0,0.0,0.0,0.0,0.0,0.0,0.0,0.0,0.0,0.0,-1.0,0.0,1.0,31101.0,1.0,20.0,0.0,1.0,0.05,2.0,0.223888,0.0,0.0,2.0
26.0,5.0,0.0,0.0,0.0,0.0,0.0,0.0,0.0,0.0,0.0,0.0,-1.0,0.0,1.0,31101.0,1.0,20.0,0.0,1.0,0.05,2.0,0.223888,0.0,0.0,2.0
26.0,5.0,0.0,0.0,0.0,0.0,0.0,0.0,0.0,0.0,0.0,0.0,-1.0,0.0,1.0,31101.0,1.0,20.0,0.0,1.0,0.05,2.0,0.223888,0.0,0.0,2.0
26.0,5.0,0.0,0.0,0.0,0.0,0.0,0.0,0.0,0.0,0.0,0.0,-1.0,0.0,1.0,31101.0,1.0,20.0,0.0,1.0,0.05,2.0,0.370814,0.0,0.0,2.0
26.0,5.0,0.0,0.0,0.0,0.0,0.0,0.0,0.0,0.0,0.0,0.0,-1.0,0.0,1.0,31101.0,1.0,20.0,0.0,1.0,0.05,2.0,0.370814,0.0,0.0,2.0
26.0,5.0,0.0,0.0,0.0,0.0,0.0,0.0,0.0,0.0,0.0,0.0,-1.0,0.0,1.0,31101.0,1.0,20.0,0.0,1.0,0.05,2.0,0.370814,0.0,0.0,2.0
26.0,5.0,0.0,0.0,0.0,0.0,0.0,0.0,0.0,0.0,0.0,0.0,-1.0,0.0,1.0,31101.0,1.0,20.0,0.0,1.0,0.05,2.0,0.370814,0.0,0.0,2.0
26.0,5.0,0.0,0.0,0.0,0.0,0.0,0.0,0.0,0.0,0.0,0.0,-1.0,0.0,1.0,31101.0,1.0,20.0,0.0,1.0,0.05,2.0,0.370814,0.0,0.0,2.0
26.0,5.0,0.0,0.0,0.0,0.0,0.0,0.0,0.0,0.0,0.0,0.0,-1.0,0.0,1.0,31101.0,1.0,20.0,0.0,1.0,0.05,2.0,0.370814,0.0,0.0,2.0
26.0,5.0,0.0,0.0,0.0,0.0,0.0,0.0,0.0,0.0,0.0,0.0,-1.0,0.0,1.0,31101.0,1.0,20.0,0.0,1.0,0.05,2.0,0.370814,0.0,0.0,2.0
26.0,5.0,0.0,0.0,0.0,0.0,0.0,0.0,0.0,0.0,0.0,0.0,-1.0,0.0,1.0,31101.0,1.0,20.0,0.0,1.0,0.05,2.0,0.373813,0.0,0.0,2.0
26.0,5.0,0.0,0.0,0.0,0.0,0.0,0.0,0.0,0.0,0.0,0.0,-1.0,0.0,1.0,31101.0,1.0,20.0,0.0,1.0,0.0,1.0,999.0,0.0,0.0,2.0
26.0,5.0,0.0,0.0,0.0,0.0,0.0,0.0,0.0,0.0,0.0,0.0,-1.0,0.0,1.0,31101.0,1.0,20.0,0.0,1.0,0.0,1.0,999.0,0.0,0.0,2.0
26.0,5.0,0.0,0.0,0.0,0.0,0.0,0.0,0.0,0.0,0.0,0.0,-1.0,0.0,1.0,31101.0,1.0,20.0,0.0,1.0,0.0,1.0,999.0,0.0,0.0,2.0
56.0,10.0,0.0,0.0,0.0,0.0,0.0,0.0,0.0,0.0,0.0,0.0,0.0,0.0,1.0,31151.0,1.0,20.0,0.0,1.0,0.0,1.0,999.0,0.0,0.0,0.0
26.0,5.0,0.0,0.0,0.0,0.0,0.0,0.0,0.0,0.0,0.0,0.0,-1.0,0.0,1.0,31101.0,1.0,20.0,0.0,1.0,0.05,2.0,0.0,0.0,0.0,2.0
26.0,5.0,0.0,0.0,0.0,0.0,0.0,0.0,0.0,0.0,0.0,0.0,-1.0,0.0,1.0,31101.0,1.0,20.0,0.0,1.0,0.05,2.0,0.162919,0.0,0.0,2.0
26.0,5.0,0.0,0.0,0.0,0.0,0.0,0.0,0.0,0.0,0.0,0.0,-1.0,0.0,1.0,31101.0,1.0,20.0,0.0,1.0,0.05,2.0,0.162919,0.0,0.0,2.0
26.0,5.0,0.0,0.0,0.0,0.0,0.0,0.0,0.0,0.0,0.0,0.0,-1.0,0.0,1.0,31101.0,1.0,20.0,0.0,1.0,0.05,2.0,0.162919,0.0,0.0,2.0
26.0,5.0,0.0,0.0,0.0,0.0,0.0,0.0,0.0,0.0,0.0,0.0,-1.0,0.0,1.0,31101.0,1.0,20.0,0.0,1.0,0.05,2.0,0.162919,0.0,0.0,2.0
26.0,5.0,0.0,0.0,0.0,0.0,0.0,0.0,0.0,0.0,0.0,0.0,-1.0,0.0,1.0,31101.0,1.0,20.0,0.0,1.0,0.05,2.0,0.162919,0.0,0.0,2.0
26.0,5.0,0.0,0.0,0.0,0.0,0.0,0.0,0.0,0.0,0.0,0.0,-1.0,0.0,1.0,31101.0,1.0,20.0,0.0,1.0,0.05,2.0,0.162919,0.0,0.0,2.0
26.0,5.0,0.0,0.0,0.0,0.0,0.0,0.0,0.0,0.0,0.0,0.0,-1.0,0.0,1.0,31101.0,1.0,20.0,0.0,1.0,0.05,2.0,0.162919,0.0,0.0,2.0
26.0,5.0,0.0,0.0,0.0,0.0,0.0,0.0,0.0,0.0,0.0,0.0,-1.0,0.0,1.0,31101.0,1.0,20.0,0.0,1.0,0.05,2.0,0.433783,0.0,0.0,2.0
26.0,5.0,0.0,0.0,0.0,0.0,0.0,0.0,0.0,0.0,0.0,0.0,-1.0,0.0,1.0,31101.0,1.0,20.0,0.0,1.0,0.05,2.0,0.433783,0.0,0.0,2.0
26.0,5.0,0.0,0.0,0.0,0.0,0.0,0.0,0.0,0.0,0.0,0.0,-1.0,0.0,1.0,31101.0,1.0,20.0,0.0,1.0,0.05,2.0,0.433783,0.0,0.0,2.0
26.0,5.0,0.0,0.0,0.0,0.0,0.0,0.0,0.0,0.0,0.0,0.0,-1.0,0.0,1.0,31101.0,1.0,20.0,0.0,1.0,0.05,2.0,0.433783,0.0,0.0,2.0
26.0,5.0,0.0,0.0,0.0,0.0,0.0,0.0,0.0,0.0,0.0,0.0,-1.0,0.0,1.0,31101.0,1.0,20.0,0.0,1.0,0.05,2.0,0.875562,0.0,0.0,2.0
26.0,5.0,0.0,0.0,0.0,0.0,0.0,0.0,0.0,0.0,0.0,0.0,-1.0,0.0,1.0,31101.0,1.0,20.0,0.0,1.0,0.05,2.0,0.875562,0.0,0.0,2.0
26.0,5.0,0.0,0.0,0.0,0.0,0.0,0.0,0.0,0.0,0.0,0.0,-1.0,0.0,1.0,31101.0,1.0,20.0,0.0,1.0,0.05,2.0,0.875562,0.0,0.0,2.0
26.0,5.0,0.0,0.0,0.0,0.0,0.0,0.0,0.0,0.0,0.0,0.0,-1.0,0.0,1.0,31101.0,1.0,20.0,0.0,1.0,0.05,2.0,0.98051,0.0,0.0,2.0
26.0,5.0,0.0,0.0,0.0,0.0,0.0,0.0,0.0,0.0,0.0,0.0,-1.0,0.0,1.0,31101.0,1.0,20.0,0.0,1.0,0.05,2.0,0.98051,0.0,0.0,2.0
26.0,5.0,0.0,0.0,0.0,0.0,0.0,0.0,0.0,0.0,0.0,0.0,-1.0,0.0,1.0,31101.0,1.0,20.0,0.0,1.0,0.05,2.0,0.98051,0.0,0.0,2.0
26.0,5.0,0.0,0.0,0.0,0.0,0.0,0.0,0.0,0.0,0.0,0.0,-1.0,0.0,1.0,31101.0,1.0,20.0,0.0,1.0,0.05,2.0,0.98051,0.0,0.0,2.0
26.0,5.0,0.0,0.0,0.0,0.0,0.0,0.0,0.0,0.0,0.0,0.0,-1.0,0.0,1.0,31101.0,1.0,20.0,0.0,1.0,0.05,2.0,0.98051,0.0,0.0,2.0
26.0,5.0,0.0,0.0,0.0,0.0,0.0,0.0,0.0,0.0,0.0,0.0,-1.0,0.0,1.0,31101.0,1.0,20.0,0.0,1.0,0.0,1.0,999.0,0.0,0.0,2.0
26.0,5.0,0.0,0.0,0.0,0.0,0.0,0.0,0.0,0.0,0.0,0.0,-1.0,0.0,1.0,31101.0,1.0,20.0,0.0,1.0,0.0,1.0,999.0,0.0,0.0,2.0
26.0,5.0,0.0,0.0,0.0,0.0,0.0,0.0,0.0,0.0,0.0,0.0,-1.0,0.0,1.0,31101.0,1.0,20.0,0.0,1.0,0.0,1.0,999.0,0.0,0.0,2.0
26.0,5.0,0.0,0.0,0.0,0.0,0.0,0.0,0.0,0.0,0.0,0.0,-1.0,0.0,1.0,31101.0,1.0,20.0,0.0,1.0,0.0,1.0,999.0,0.0,0.0,2.0
26.0,5.0,0.0,0.0,0.0,0.0,0.0,0.0,0.0,0.0,0.0,0.0,-1.0,0.0,1.0,31101.0,1.0,20.0,0.0,1.0,0.0,1.0,999.0,0.0,0.0,2.0
26.0,5.0,0.0,0.0,0.0,0.0,0.0,0.0,0.0,0.0,0.0,0.0,-1.0,0.0,1.0,31101.0,1.0,20.0,0.0,1.0,0.0,1.0,999.0,0.0,0.0,2.0
26.0,5.0,0.0,0.0,0.0,0.0,0.0,0.0,0.0,0.0,0.0,0.0,-1.0,0.0,1.0,31101.0,1.0,20.0,0.0,1.0,0.0,1.0,999.0,0.0,0.0,2.0
26.0,5.0,0.0,0.0,0.0,0.0,0.0,0.0,0.0,0.0,0.0,0.0,-1.0,0.0,1.0,31101.0,1.0,20.0,0.0,1.0,0.0,1.0,999.0,0.0,0.0,2.0
26.0,5.0,0.0,0.0,0.0,0.0,0.0,0.0,0.0,0.0,0.0,0.0,-1.0,0.0,1.0,31101.0,1.0,20.0,0.0,1.0,0.0,1.0,999.0,0.0,0.0,2.0
26.0,5.0,0.0,0.0,0.0,0.0,0.0,0.0,0.0,0.0,0.0,0.0,-1.0,0.0,1.0,31101.0,1.0,20.0,0.0,1.0,0.0,1.0,999.0,0.0,0.0,2.0
26.0,5.0,0.0,0.0,0.0,0.0,0.0,0.0,0.0,0.0,0.0,0.0,-1.0,0.0,1.0,31101.0,1.0,20.0,0.0,1.0,0.0,1.0,999.0,0.0,0.0,2.0
26.0,5.0,0.0,0.0,0.0,0.0,0.0,0.0,0.0,0.0,0.0,0.0,-1.0,0.0,1.0,31101.0,1.0,20.0,0.0,1.0,0.0,1.0,999.0,0.0,0.0,2.0
26.0,5.0,0.0,0.0,0.0,0.0,0.0,0.0,0.0,0.0,0.0,0.0,-1.0,0.0,1.0,31101.0,1.0,20.0,0.0,1.0,0.0,1.0,999.0,0.0,0.0,2.0
26.0,5.0,0.0,0.0,0.0,0.0,0.0,0.0,0.0,0.0,0.0,0.0,-1.0,0.0,1.0,31101.0,1.0,20.0,0.0,1.0,0.0,1.0,999.0,0.0,0.0,2.0
26.0,5.0,0.0,0.0,0.0,0.0,0.0,0.0,0.0,0.0,0.0,0.0,-1.0,0.0,1.0,31101.0,1.0,20.0,0.0,1.0,0.0,1.0,999.0,0.0,0.0,2.0
26.0,5.0,0.0,0.0,0.0,0.0,0.0,0.0,0.0,0.0,0.0,0.0,-1.0,0.0,1.0,31101.0,1.0,20.0,0.0,1.0,0.0,1.0,999.0,0.0,0.0,2.0
56.0,10.0,0.0,0.0,0.0,0.0,0.0,0.0,0.0,0.0,0.0,0.0,0.0,0.0,1.0,31151.0,1.0,20.0,0.0,1.0,0.0,1.0,999.0,0.0,0.0,0.0
26.0,5.0,0.0,0.0,0.0,0.0,0.0,0.0,0.0,0.0,0.0,0.0,-1.0,0.0,1.0,31101.0,1.0,20.0,0.0,1.0,0.05,2.0,0.001999,0.0,0.0,2.0
26.0,5.0,0.0,0.0,0.0,0.0,0.0,0.0,0.0,0.0,0.0,0.0,-1.0,0.0,1.0,31101.0,1.0,20.0,0.0,1.0,0.05,2.0,0.001999,0.0,0.0,2.0
26.0,5.0,0.0,0.0,0.0,0.0,0.0,0.0,0.0,0.0,0.0,0.0,-1.0,0.0,1.0,31101.0,1.0,20.0,0.0,1.0,0.05,2.0,0.001999,0.0,0.0,2.0
26.0,5.0,0.0,0.0,0.0,0.0,0.0,0.0,0.0,0.0,0.0,0.0,-1.0,0.0,1.0,31101.0,1.0,20.0,0.0,1.0,0.05,2.0,0.001999,0.0,0.0,2.0
26.0,5.0,0.0,0.0,0.0,0.0,0.0,0.0,0.0,0.0,0.0,0.0,-1.0,0.0,1.0,31101.0,1.0,20.0,0.0,1.0,0.05,2.0,0.001999,0.0,0.0,2.0
26.0,5.0,0.0,0.0,0.0,0.0,0.0,0.0,0.0,0.0,0.0,0.0,-1.0,0.0,1.0,31101.0,1.0,20.0,0.0,1.0,0.05,2.0,0.053973,0.0,0.0,2.0
26.0,5.0,0.0,0.0,0.0,0.0,0.0,0.0,0.0,0.0,0.0,0.0,-1.0,0.0,1.0,31101.0,1.0,20.0,0.0,1.0,0.05,2.0,0.053973,0.0,0.0,2.0
26.0,5.0,0.0,0.0,0.0,0.0,0.0,0.0,0.0,0.0,0.0,0.0,-1.0,0.0,1.0,31101.0,1.0,20.0,0.0,1.0,0.05,2.0,0.055972,0.0,0.0,2.0
26.0,5.0,0.0,0.0,0.0,0.0,0.0,0.0,0.0,0.0,0.0,0.0,-1.0,0.0,1.0,31101.0,1.0,20.0,0.0,1.0,0.05,2.0,0.055972,0.0,0.0,2.0
26.0,5.0,0.0,0.0,0.0,0.0,0.0,0.0,0.0,0.0,0.0,0.0,-1.0,0.0,1.0,31101.0,1.0,20.0,0.0,1.0,0.05,2.0,0.055972,0.0,0.0,2.0
26.0,5.0,0.0,0.0,0.0,0.0,0.0,0.0,0.0,0.0,0.0,0.0,-1.0,0.0,1.0,31101.0,1.0,20.0,0.0,1.0,0.05,2.0,0.055972,0.0,0.0,2.0
26.0,5.0,0.0,0.0,0.0,0.0,0.0,0.0,0.0,0.0,0.0,0.0,-1.0,0.0,1.0,31101.0,1.0,20.0,0.0,1.0,0.05,2.0,0.055972,0.0,0.0,2.0
56.0,10.0,0.0,0.0,0.0,0.0,0.0,0.0,0.0,0.0,0.0,0.0,0.0,0.0,1.0,31151.0,1.0,20.0,0.0,1.0,0.05,2.0,0.055972,0.0,0.0,0.0
26.0,5.0,0.0,0.0,0.0,0.0,0.0,0.0,0.0,0.0,0.0,0.0,-1.0,0.0,1.0,31101.0,1.0,20.0,0.0,1.0,0.1,2.0,0.0,0.0,0.0,2.0
26.0,5.0,0.0,0.0,0.0,0.0,0.0,0.0,0.0,0.0,0.0,0.0,-1.0,0.0,1.0,31101.0,1.0,20.0,0.0,1.0,0.1,2.0,0.0,0.0,0.0,2.0
26.0,5.0,0.0,0.0,0.0,0.0,0.0,0.0,0.0,0.0,0.0,0.0,-1.0,0.0,1.0,31101.0,1.0,20.0,0.0,1.0,0.1,2.0,0.0,0.0,0.0,2.0
26.0,5.0,0.0,0.0,0.0,0.0,0.0,0.0,0.0,0.0,0.0,0.0,-1.0,0.0,1.0,31101.0,1.0,20.0,0.0,1.0,0.1,2.0,0.0,0.0,0.0,2.0
26.0,5.0,0.0,0.0,0.0,0.0,0.0,0.0,0.0,0.0,0.0,0.0,-1.0,0.0,1.0,31101.0,1.0,20.0,0.0,1.0,0.1,2.0,0.0,0.0,0.0,2.0
26.0,5.0,0.0,0.0,0.0,0.0,1.0,0.0,0.0,0.0,0.0,0.0,-1.0,0.0,1.0,31101.0,1.0,20.0,0.0,1.0,0.1,2.0,0.0,0.0,0.0,2.0
26.0,5.0,0.0,0.0,0.0,0.0,0.0,0.0,0.0,0.0,0.0,0.0,-1.0,0.0,1.0,31101.0,1.0,20.0,0.0,1.0,0.1,2.0,0.0,0.0,0.0,2.0
26.0,5.0,0.0,0.0,0.0,0.0,0.0,0.0,0.0,0.0,0.0,0.0,-1.0,0.0,1.0,31101.0,1.0,20.0,0.0,1.0,0.05,2.0,0.0,0.0,0.0,2.0
26.0,5.0,0.0,0.0,0.0,0.0,0.0,0.0,0.0,0.0,0.0,0.0,-1.0,0.0,1.0,31101.0,1.0,20.0,0.0,1.0,0.05,2.0,0.003998,0.0,0.0,2.0
26.0,5.0,0.0,0.0,0.0,0.0,0.0,0.0,0.0,0.0,0.0,0.0,-1.0,0.0,1.0,31101.0,1.0,20.0,0.0,1.0,0.05,2.0,0.003998,0.0,0.0,2.0
26.0,5.0,0.0,0.0,0.0,0.0,0.0,0.0,0.0,0.0,0.0,0.0,-1.0,0.0,1.0,31101.0,1.0,20.0,0.0,1.0,0.05,2.0,0.003998,0.0,0.0,2.0
26.0,5.0,0.0,0.0,0.0,0.0,0.0,0.0,0.0,0.0,0.0,0.0,-1.0,0.0,1.0,31101.0,1.0,20.0,0.0,1.0,0.05,2.0,0.003998,0.0,0.0,2.0
26.0,5.0,0.0,0.0,0.0,0.0,0.0,0.0,0.0,0.0,0.0,0.0,-1.0,0.0,1.0,31101.0,1.0,20.0,0.0,1.0,0.05,2.0,0.003998,0.0,0.0,2.0
56.0,10.0,0.0,0.0,0.0,0.0,0.0,0.0,0.0,0.0,0.0,0.0,0.0,0.0,1.0,31151.0,1.0,20.0,0.0,1.0,0.05,2.0,0.003998,0.0,0.0,0.0
26.0,5.0,0.0,0.0,0.0,0.0,0.0,0.0,0.0,0.0,0.0,0.0,-1.0,0.0,1.0,31101.0,1.0,20.0,0.0,1.0,0.1,2.0,0.052974,0.0,0.0,2.0
26.0,5.0,0.0,0.0,0.0,0.0,0.0,0.0,0.0,0.0,0.0,0.0,-1.0,0.0,1.0,31101.0,1.0,20.0,0.0,1.0,0.1,2.0,0.052974,0.0,0.0,2.0
26.0,5.0,0.0,0.0,0.0,0.0,0.0,0.0,0.0,0.0,0.0,0.0,-1.0,0.0,1.0,31101.0,1.0,20.0,0.0,1.0,0.1,2.0,0.052974,0.0,0.0,2.0
26.0,5.0,0.0,0.0,0.0,0.0,0.0,0.0,0.0,0.0,0.0,0.0,-1.0,0.0,1.0,31101.0,1.0,20.0,0.0,1.0,0.1,2.0,0.052974,0.0,0.0,2.0
26.0,5.0,0.0,0.0,0.0,0.0,0.0,0.0,0.0,0.0,0.0,0.0,-1.0,0.0,1.0,31101.0,1.0,20.0,0.0,1.0,0.1,2.0,0.052974,0.0,0.0,2.0
26.0,5.0,0.0,0.0,0.0,0.0,0.0,0.0,0.0,0.0,0.0,0.0,-1.0,0.0,1.0,31101.0,1.0,20.0,0.0,1.0,0.1,2.0,0.052974,0.0,0.0,2.0
26.0,5.0,0.0,0.0,0.0,0.0,0.0,0.0,0.0,0.0,0.0,0.0,-1.0,0.0,1.0,31101.0,1.0,20.0,0.0,1.0,0.05,2.0,0.052974,0.0,0.0,2.0
26.0,5.0,0.0,0.0,0.0,0.0,0.0,0.0,0.0,0.0,0.0,0.0,-1.0,0.0,1.0,31101.0,1.0,20.0,0.0,1.0,0.05,2.0,0.052974,0.0,0.0,2.0
26.0,5.0,0.0,0.0,0.0,0.0,0.0,0.0,0.0,0.0,0.0,0.0,-1.0,0.0,1.0,31101.0,1.0,20.0,0.0,1.0,0.05,2.0,0.052974,0.0,0.0,2.0
26.0,5.0,0.0,0.0,0.0,0.0,0.0,0.0,0.0,0.0,0.0,0.0,-1.0,0.0,1.0,31101.0,1.0,20.0,0.0,1.0,0.05,2.0,0.052974,0.0,0.0,2.0
26.0,5.0,0.0,0.0,0.0,0.0,0.0,0.0,0.0,0.0,0.0,0.0,-1.0,0.0,1.0,31101.0,1.0,20.0,0.0,1.0,0.05,2.0,0.052974,0.0,0.0,2.0
26.0,5.0,0.0,0.0,0.0,0.0,0.0,0.0,0.0,0.0,0.0,0.0,-1.0,0.0,1.0,31101.0,1.0,20.0,0.0,1.0,0.05,2.0,0.052974,0.0,0.0,2.0
56.0,10.0,0.0,0.0,0.0,0.0,0.0,0.0,0.0,0.0,0.0,0.0,0.0,0.0,1.0,31151.0,1.0,20.0,0.0,1.0,0.05,2.0,0.052974,0.0,0.0,0.0
26.0,5.0,0.0,0.0,0.0,0.0,0.0,0.0,0.0,0.0,0.0,0.0,-1.0,0.0,1.0,31101.0,1.0,20.0,0.0,1.0,0.1,2.0,0.09895,0.0,0.0,2.0
26.0,5.0,0.0,0.0,0.0,0.0,0.0,0.0,0.0,0.0,0.0,0.0,-1.0,0.0,1.0,31101.0,1.0,20.0,0.0,1.0,0.1,2.0,0.09895,0.0,0.0,2.0
26.0,5.0,0.0,0.0,0.0,0.0,0.0,0.0,0.0,0.0,0.0,0.0,-1.0,0.0,1.0,31101.0,1.0,20.0,0.0,1.0,0.1,2.0,0.09895,0.0,0.0,2.0
26.0,5.0,0.0,0.0,0.0,0.0,0.0,0.0,0.0,0.0,0.0,0.0,-1.0,0.0,1.0,31101.0,1.0,20.0,0.0,1.0,0.1,2.0,0.09895,0.0,0.0,2.0
26.0,5.0,0.0,0.0,0.0,0.0,0.0,0.0,0.0,0.0,0.0,0.0,-1.0,0.0,1.0,31101.0,1.0,20.0,0.0,1.0,0.1,2.0,0.09895,0.0,0.0,2.0
26.0,5.0,0.0,0.0,0.0,0.0,0.0,0.0,0.0,0.0,0.0,0.0,-1.0,0.0,1.0,31101.0,1.0,20.0,0.0,1.0,0.1,2.0,0.173913,0.0,0.0,2.0
26.0,5.0,0.0,0.0,0.0,0.0,0.0,0.0,0.0,0.0,0.0,0.0,-1.0,0.0,1.0,31101.0,1.0,20.0,0.0,1.0,0.1,2.0,0.173913,0.0,0.0,2.0
26.0,5.0,0.0,0.0,0.0,0.0,0.0,0.0,0.0,0.0,0.0,0.0,-1.0,0.0,1.0,31101.0,1.0,20.0,0.0,1.0,0.05,2.0,0.173913,0.0,0.0,2.0
26.0,5.0,0.0,0.0,0.0,0.0,0.0,0.0,0.0,0.0,0.0,0.0,-1.0,0.0,1.0,31101.0,1.0,20.0,0.0,1.0,0.05,2.0,0.173913,0.0,0.0,2.0
26.0,5.0,0.0,0.0,0.0,0.0,0.0,0.0,0.0,0.0,0.0,0.0,-1.0,0.0,1.0,31101.0,1.0,20.0,0.0,1.0,0.05,2.0,0.173913,0.0,0.0,2.0
26.0,5.0,0.0,0.0,0.0,0.0,0.0,0.0,0.0,0.0,0.0,0.0,-1.0,0.0,1.0,31101.0,1.0,20.0,0.0,1.0,0.05,2.0,0.173913,0.0,0.0,2.0
56.0,10.0,0.0,0.0,0.0,0.0,0.0,0.0,0.0,0.0,0.0,0.0,0.0,0.0,1.0,31151.0,1.0,20.0,0.0,1.0,0.05,2.0,0.173913,0.0,0.0,0.0
26.0,5.0,0.0,0.0,0.0,0.0,0.0,0.0,0.0,0.0,0.0,0.0,-1.0,0.0,1.0,31101.0,1.0,20.0,0.0,1.0,0.1,2.0,0.053973,0.0,0.0,2.0
26.0,5.0,0.0,0.0,0.0,0.0,0.0,0.0,0.0,0.0,0.0,0.0,-1.0,0.0,1.0,31101.0,1.0,20.0,0.0,1.0,0.1,2.0,0.054972,0.0,0.0,2.0
26.0,5.0,0.0,0.0,0.0,0.0,0.0,0.0,0.0,0.0,0.0,0.0,-1.0,0.0,1.0,31101.0,1.0,20.0,0.0,1.0,0.1,2.0,0.054972,0.0,0.0,2.0
26.0,5.0,0.0,0.0,0.0,0.0,0.0,0.0,0.0,0.0,0.0,0.0,-1.0,0.0,1.0,31101.0,1.0,20.0,0.0,1.0,0.1,2.0,0.054972,0.0,0.0,2.0
26.0,5.0,0.0,0.0,0.0,0.0,0.0,0.0,0.0,0.0,0.0,0.0,-1.0,0.0,1.0,31101.0,1.0,20.0,0.0,1.0,0.1,2.0,0.054972,0.0,0.0,2.0
26.0,5.0,0.0,0.0,0.0,0.0,0.0,0.0,0.0,0.0,0.0,0.0,-1.0,0.0,1.0,31101.0,1.0,20.0,0.0,1.0,0.1,2.0,0.054972,0.0,0.0,2.0
26.0,5.0,0.0,0.0,0.0,0.0,0.0,0.0,0.0,0.0,0.0,0.0,-1.0,0.0,1.0,31101.0,1.0,20.0,0.0,1.0,0.1,2.0,0.054972,0.0,0.0,2.0
26.0,5.0,0.0,0.0,0.0,0.0,0.0,0.0,0.0,0.0,0.0,0.0,-1.0,0.0,1.0,31101.0,1.0,20.0,0.0,1.0,0.1,2.0,0.054972,0.0,0.0,2.0
26.0,5.0,0.0,0.0,0.0,0.0,0.0,0.0,0.0,0.0,0.0,0.0,-1.0,0.0,1.0,31101.0,1.0,20.0,0.0,1.0,0.05,2.0,0.109945,0.0,0.0,2.0
26.0,5.0,0.0,0.0,0.0,0.0,0.0,0.0,0.0,1.0,0.0,0.0,-1.0,0.0,1.0,31101.0,1.0,20.0,0.0,1.0,0.05,2.0,0.109945,0.0,0.0,2.0
26.0,5.0,0.0,0.0,0.0,0.0,0.0,0.0,0.0,0.0,0.0,0.0,-1.0,0.0,1.0,31101.0,1.0,20.0,0.0,1.0,0.05,2.0,0.109945,0.0,0.0,2.0
26.0,5.0,0.0,0.0,0.0,0.0,0.0,0.0,0.0,0.0,0.0,0.0,-1.0,0.0,1.0,31101.0,1.0,20.0,0.0,1.0,0.05,2.0,0.167916,0.0,0.0,2.0
26.0,5.0,0.0,0.0,0.0,0.0,0.0,0.0,0.0,0.0,0.0,0.0,-1.0,0.0,1.0,31101.0,1.0,20.0,0.0,1.0,0.05,2.0,0.167916,0.0,0.0,2.0
26.0,5.0,0.0,0.0,0.0,0.0,0.0,0.0,0.0,0.0,0.0,0.0,-1.0,0.0,1.0,31101.0,1.0,20.0,0.0,1.0,0.05,2.0,0.167916,0.0,0.0,2.0
26.0,5.0,0.0,0.0,0.0,0.0,0.0,0.0,0.0,0.0,0.0,0.0,-1.0,0.0,1.0,31101.0,1.0,20.0,0.0,1.0,0.05,2.0,0.167916,0.0,0.0,2.0
26.0,5.0,0.0,0.0,0.0,0.0,0.0,0.0,0.0,0.0,0.0,0.0,-1.0,0.0,1.0,31101.0,1.0,20.0,0.0,1.0,0.05,2.0,0.171914,0.0,0.0,2.0
26.0,5.0,0.0,0.0,0.0,0.0,0.0,0.0,0.0,0.0,0.0,0.0,-1.0,0.0,1.0,31101.0,1.0,20.0,0.0,1.0,0.05,2.0,0.171914,0.0,0.0,2.0
26.0,5.0,0.0,0.0,0.0,0.0,0.0,0.0,0.0,0.0,0.0,0.0,-1.0,0.0,1.0,31101.0,1.0,20.0,0.0,1.0,0.05,2.0,0.171914,0.0,0.0,2.0
26.0,5.0,0.0,0.0,0.0,0.0,0.0,0.0,0.0,0.0,0.0,0.0,-1.0,0.0,1.0,31101.0,1.0,20.0,0.0,1.0,0.05,2.0,0.176911,0.0,0.0,2.0
26.0,5.0,0.0,0.0,0.0,0.0,0.0,0.0,0.0,0.0,0.0,0.0,-1.0,0.0,1.0,31101.0,1.0,20.0,0.0,1.0,0.05,2.0,0.176911,0.0,0.0,2.0
26.0,5.0,0.0,0.0,0.0,0.0,0.0,0.0,0.0,0.0,0.0,0.0,-1.0,0.0,1.0,31101.0,1.0,20.0,0.0,1.0,0.0,1.0,999.0,0.0,0.0,2.0
26.0,5.0,0.0,0.0,0.0,0.0,0.0,0.0,0.0,0.0,0.0,0.0,-1.0,0.0,1.0,31101.0,1.0,20.0,0.0,1.0,0.0,1.0,999.0,0.0,0.0,2.0
26.0,5.0,0.0,0.0,0.0,0.0,0.0,0.0,0.0,0.0,0.0,0.0,-1.0,0.0,1.0,31101.0,1.0,20.0,0.0,1.0,0.0,1.0,999.0,0.0,0.0,2.0
26.0,5.0,0.0,0.0,0.0,0.0,0.0,0.0,0.0,0.0,0.0,0.0,-1.0,0.0,1.0,31101.0,1.0,20.0,0.0,1.0,0.0,1.0,999.0,0.0,0.0,2.0
26.0,5.0,0.0,0.0,0.0,0.0,0.0,0.0,0.0,0.0,0.0,0.0,-1.0,0.0,1.0,31101.0,1.0,20.0,0.0,1.0,0.0,1.0,999.0,0.0,0.0,2.0
26.0,5.0,0.0,0.0,0.0,0.0,0.0,0.0,0.0,0.0,0.0,0.0,-1.0,0.0,1.0,31101.0,1.0,20.0,0.0,1.0,0.0,1.0,999.0,0.0,0.0,2.0
26.0,5.0,0.0,0.0,0.0,0.0,0.0,0.0,0.0,0.0,0.0,0.0,-1.0,0.0,1.0,31101.0,1.0,20.0,0.0,1.0,0.0,1.0,999.0,0.0,0.0,2.0
26.0,5.0,0.0,0.0,0.0,0.0,0.0,0.0,0.0,0.0,0.0,0.0,-1.0,0.0,1.0,31101.0,1.0,20.0,0.0,1.0,0.0,1.0,999.0,0.0,0.0,2.0
26.0,5.0,0.0,0.0,0.0,0.0,0.0,0.0,0.0,0.0,0.0,0.0,-1.0,0.0,1.0,31101.0,1.0,20.0,0.0,1.0,0.0,1.0,999.0,0.0,0.0,2.0
26.0,5.0,0.0,0.0,0.0,0.0,0.0,0.0,0.0,0.0,0.0,0.0,-1.0,0.0,1.0,31101.0,1.0,20.0,0.0,1.0,0.0,1.0,999.0,0.0,0.0,2.0
26.0,5.0,0.0,0.0,0.0,0.0,0.0,0.0,0.0,0.0,0.0,0.0,-1.0,0.0,1.0,31101.0,1.0,20.0,0.0,1.0,0.0,1.0,999.0,0.0,0.0,2.0
26.0,5.0,0.0,0.0,0.0,0.0,0.0,0.0,0.0,0.0,0.0,0.0,-1.0,0.0,1.0,31101.0,1.0,20.0,0.0,1.0,0.0,1.0,999.0,0.0,0.0,2.0
26.0,5.0,0.0,0.0,0.0,0.0,0.0,0.0,0.0,0.0,0.0,0.0,-1.0,0.0,1.0,31101.0,1.0,20.0,0.0,1.0,0.0,1.0,999.0,0.0,0.0,2.0
26.0,5.0,0.0,0.0,0.0,0.0,0.0,0.0,1.0,0.0,0.0,0.0,-1.0,0.0,1.0,31101.0,1.0,20.0,0.0,1.0,0.0,1.0,999.0,0.0,0.0,2.0
26.0,5.0,0.0,0.0,0.0,0.0,0.0,0.0,1.0,0.0,0.0,0.0,-1.0,0.0,1.0,31101.0,1.0,20.0,0.0,1.0,0.0,1.0,999.0,0.0,0.0,2.0
26.0,5.0,0.0,0.0,0.0,0.0,0.0,0.0,0.0,0.0,0.0,0.0,-1.0,0.0,1.0,31101.0,1.0,20.0,0.0,1.0,0.0,1.0,999.0,0.0,0.0,2.0
26.0,5.0,0.0,0.0,0.0,0.0,0.0,0.0,0.0,0.0,0.0,0.0,-1.0,0.0,1.0,31101.0,1.0,20.0,0.0,1.0,0.0,1.0,999.0,0.0,0.0,2.0
26.0,5.0,0.0,0.0,0.0,0.0,0.0,0.0,0.0,0.0,0.0,0.0,-1.0,0.0,1.0,31101.0,1.0,20.0,0.0,1.0,0.0,1.0,999.0,0.0,0.0,2.0
26.0,5.0,0.0,0.0,0.0,0.0,0.0,0.0,0.0,0.0,0.0,0.0,-1.0,0.0,1.0,31101.0,1.0,20.0,0.0,1.0,0.0,1.0,999.0,0.0,0.0,2.0
26.0,5.0,0.0,0.0,0.0,0.0,0.0,0.0,0.0,0.0,0.0,0.0,-1.0,0.0,1.0,31101.0,1.0,20.0,0.0,1.0,0.0,1.0,999.0,0.0,0.0,2.0
26.0,5.0,0.0,0.0,0.0,0.0,0.0,0.0,0.0,0.0,0.0,0.0,-1.0,0.0,1.0,31101.0,1.0,20.0,0.0,1.0,0.0,1.0,999.0,0.0,0.0,2.0
26.0,5.0,0.0,0.0,0.0,0.0,0.0,0.0,0.0,0.0,0.0,0.0,-1.0,0.0,1.0,31101.0,1.0,20.0,0.0,1.0,0.0,1.0,999.0,0.0,0.0,2.0
26.0,5.0,0.0,0.0,0.0,0.0,0.0,0.0,0.0,0.0,0.0,0.0,-1.0,0.0,1.0,31101.0,1.0,20.0,0.0,1.0,0.0,1.0,999.0,0.0,0.0,2.0
26.0,5.0,0.0,0.0,0.0,0.0,0.0,0.0,0.0,0.0,0.0,0.0,-1.0,0.0,1.0,31101.0,1.0,20.0,0.0,1.0,0.0,1.0,999.0,0.0,0.0,2.0
26.0,5.0,0.0,0.0,0.0,0.0,0.0,0.0,0.0,0.0,0.0,0.0,-1.0,0.0,1.0,31101.0,1.0,20.0,0.0,1.0,0.0,1.0,999.0,0.0,0.0,2.0
26.0,5.0,0.0,0.0,0.0,0.0,0.0,0.0,0.0,0.0,0.0,0.0,-1.0,0.0,1.0,31101.0,1.0,20.0,0.0,1.0,0.0,1.0,999.0,0.0,0.0,2.0
26.0,5.0,0.0,0.0,0.0,0.0,0.0,0.0,0.0,0.0,0.0,0.0,-1.0,0.0,1.0,31101.0,1.0,20.0,0.0,1.0,0.0,1.0,999.0,0.0,0.0,2.0
26.0,5.0,0.0,0.0,0.0,0.0,0.0,0.0,0.0,0.0,0.0,0.0,-1.0,0.0,1.0,31101.0,1.0,20.0,0.0,1.0,0.0,1.0,999.0,0.0,0.0,2.0
26.0,5.0,0.0,0.0,0.0,0.0,0.0,0.0,0.0,0.0,0.0,0.0,-1.0,0.0,1.0,31101.0,1.0,20.0,0.0,1.0,0.0,1.0,999.0,0.0,0.0,2.0
26.0,5.0,0.0,0.0,0.0,0.0,0.0,0.0,0.0,0.0,0.0,0.0,-1.0,0.0,1.0,31101.0,1.0,20.0,0.0,1.0,0.0,1.0,999.0,0.0,0.0,2.0
26.0,5.0,0.0,0.0,0.0,0.0,0.0,0.0,0.0,0.0,0.0,0.0,-1.0,0.0,1.0,31101.0,1.0,20.0,0.0,1.0,0.0,1.0,999.0,0.0,0.0,2.0
26.0,5.0,0.0,0.0,0.0,0.0,0.0,0.0,0.0,0.0,0.0,0.0,-1.0,0.0,1.0,31101.0,1.0,20.0,0.0,1.0,0.0,1.0,999.0,0.0,0.0,2.0
26.0,5.0,0.0,0.0,0.0,0.0,0.0,0.0,0.0,0.0,0.0,0.0,-1.0,0.0,1.0,31101.0,1.0,20.0,0.0,1.0,0.0,1.0,999.0,0.0,0.0,2.0
26.0,5.0,0.0,0.0,0.0,0.0,0.0,0.0,0.0,0.0,0.0,0.0,-1.0,0.0,1.0,31101.0,1.0,20.0,0.0,1.0,0.0,1.0,999.0,0.0,0.0,2.0
26.0,5.0,0.0,0.0,0.0,0.0,0.0,0.0,0.0,0.0,0.0,0.0,-1.0,0.0,1.0,31101.0,1.0,20.0,0.0,1.0,0.0,1.0,999.0,0.0,0.0,2.0
26.0,5.0,0.0,0.0,0.0,0.0,0.0,0.0,0.0,0.0,0.0,0.0,-1.0,0.0,1.0,31101.0,1.0,20.0,0.0,1.0,0.0,1.0,999.0,0.0,0.0,2.0
26.0,5.0,0.0,0.0,0.0,0.0,0.0,0.0,0.0,0.0,0.0,0.0,-1.0,0.0,1.0,31101.0,1.0,20.0,0.0,1.0,0.0,1.0,999.0,0.0,0.0,2.0
26.0,5.0,0.0,0.0,0.0,0.0,0.0,0.0,0.0,0.0,0.0,0.0,-1.0,0.0,1.0,31101.0,1.0,20.0,0.0,1.0,0.0,1.0,999.0,0.0,0.0,2.0
26.0,5.0,0.0,0.0,0.0,0.0,0.0,0.0,0.0,0.0,0.0,0.0,-1.0,0.0,1.0,31101.0,1.0,20.0,0.0,1.0,0.0,1.0,999.0,0.0,0.0,2.0
26.0,5.0,0.0,0.0,0.0,0.0,0.0,0.0,0.0,0.0,0.0,0.0,-1.0,0.0,1.0,31101.0,1.0,20.0,0.0,1.0,0.0,1.0,999.0,0.0,0.0,2.0
26.0,5.0,0.0,0.0,0.0,0.0,0.0,0.0,0.0,0.0,0.0,0.0,-1.0,0.0,1.0,31101.0,1.0,20.0,0.0,1.0,0.0,1.0,999.0,0.0,0.0,2.0
26.0,5.0,0.0,0.0,0.0,0.0,0.0,0.0,0.0,0.0,0.0,0.0,-1.0,0.0,1.0,31101.0,1.0,20.0,0.0,1.0,0.0,1.0,999.0,0.0,0.0,2.0
26.0,5.0,0.0,0.0,0.0,0.0,0.0,0.0,0.0,0.0,0.0,0.0,-1.0,0.0,1.0,31101.0,1.0,20.0,0.0,1.0,0.0,1.0,999.0,0.0,0.0,2.0
26.0,5.0,0.0,0.0,0.0,0.0,0.0,0.0,0.0,0.0,0.0,0.0,-1.0,0.0,1.0,31101.0,1.0,20.0,0.0,1.0,0.0,1.0,999.0,0.0,0.0,2.0
26.0,5.0,0.0,0.0,0.0,0.0,0.0,0.0,0.0,0.0,0.0,0.0,-1.0,0.0,1.0,31101.0,1.0,20.0,0.0,1.0,0.0,1.0,999.0,0.0,0.0,2.0
26.0,5.0,0.0,0.0,0.0,0.0,0.0,0.0,0.0,0.0,0.0,0.0,-1.0,0.0,1.0,31101.0,1.0,20.0,0.0,1.0,0.0,1.0,999.0,0.0,0.0,2.0
26.0,5.0,0.0,0.0,0.0,0.0,0.0,0.0,0.0,0.0,0.0,0.0,-1.0,0.0,1.0,31101.0,1.0,20.0,0.0,1.0,0.0,1.0,999.0,0.0,0.0,2.0
26.0,5.0,0.0,0.0,0.0,0.0,0.0,0.0,0.0,0.0,0.0,0.0,-1.0,0.0,1.0,31101.0,1.0,20.0,0.0,1.0,0.0,1.0,999.0,0.0,0.0,2.0
26.0,5.0,0.0,0.0,0.0,0.0,0.0,0.0,0.0,0.0,0.0,0.0,-1.0,0.0,1.0,31101.0,1.0,20.0,0.0,1.0,0.0,1.0,999.0,0.0,0.0,2.0
26.0,5.0,0.0,0.0,0.0,0.0,0.0,0.0,0.0,0.0,0.0,0.0,-1.0,0.0,1.0,31101.0,1.0,20.0,0.0,1.0,0.0,1.0,999.0,0.0,0.0,2.0
26.0,5.0,0.0,0.0,0.0,0.0,0.0,0.0,0.0,0.0,0.0,0.0,-1.0,0.0,1.0,31101.0,1.0,20.0,0.0,1.0,0.0,1.0,999.0,0.0,0.0,2.0
26.0,5.0,0.0,0.0,0.0,0.0,0.0,0.0,0.0,0.0,0.0,0.0,-1.0,0.0,1.0,31101.0,1.0,20.0,0.0,1.0,0.0,1.0,999.0,0.0,0.0,2.0
26.0,5.0,0.0,0.0,0.0,0.0,0.0,0.0,0.0,0.0,0.0,0.0,-1.0,0.0,1.0,31101.0,1.0,20.0,0.0,1.0,0.0,1.0,999.0,0.0,0.0,2.0
56.0,10.0,0.0,0.0,0.0,0.0,0.0,0.0,0.0,0.0,0.0,0.0,0.0,0.0,1.0,31151.0,1.0,20.0,0.0,1.0,0.0,1.0,999.0,0.0,0.0,0.0
26.0,5.0,0.0,0.0,0.0,0.0,0.0,0.0,0.0,0.0,0.0,0.0,-1.0,0.0,1.0,31101.0,1.0,20.0,0.0,1.0,0.05,2.0,0.0,0.0,0.0,2.0
26.0,5.0,0.0,0.0,0.0,0.0,0.0,0.0,0.0,0.0,0.0,0.0,-1.0,0.0,1.0,31101.0,1.0,20.0,0.0,1.0,0.05,2.0,0.0,0.0,0.0,2.0
26.0,5.0,0.0,0.0,0.0,0.0,0.0,0.0,0.0,0.0,0.0,0.0,-1.0,0.0,1.0,31101.0,1.0,20.0,0.0,1.0,0.05,2.0,0.0,0.0,0.0,2.0
26.0,5.0,0.0,0.0,0.0,0.0,0.0,0.0,0.0,0.0,0.0,0.0,-1.0,0.0,1.0,31101.0,1.0,20.0,0.0,1.0,0.05,2.0,0.0,0.0,0.0,2.0
26.0,5.0,0.0,0.0,0.0,0.0,0.0,0.0,0.0,0.0,0.0,0.0,-1.0,0.0,1.0,31101.0,1.0,20.0,0.0,1.0,0.05,2.0,0.0,0.0,0.0,2.0
26.0,5.0,0.0,0.0,0.0,0.0,0.0,0.0,0.0,0.0,0.0,0.0,-1.0,0.0,1.0,31101.0,1.0,20.0,0.0,1.0,0.05,2.0,0.052974,0.0,0.0,2.0
26.0,5.0,0.0,0.0,0.0,0.0,0.0,0.0,0.0,0.0,0.0,0.0,-1.0,0.0,1.0,31101.0,1.0,20.0,0.0,1.0,0.05,2.0,0.052974,0.0,0.0,2.0
26.0,5.0,0.0,0.0,0.0,0.0,0.0,0.0,0.0,0.0,0.0,0.0,-1.0,0.0,1.0,31101.0,1.0,20.0,0.0,1.0,0.05,2.0,0.052974,0.0,0.0,2.0
26.0,5.0,0.0,0.0,0.0,0.0,0.0,0.0,0.0,0.0,0.0,0.0,-1.0,0.0,1.0,31101.0,1.0,20.0,0.0,1.0,0.05,2.0,0.052974,0.0,0.0,2.0
26.0,5.0,0.0,0.0,0.0,0.0,0.0,0.0,0.0,0.0,0.0,0.0,-1.0,0.0,1.0,31101.0,1.0,20.0,0.0,1.0,0.05,2.0,0.052974,0.0,0.0,2.0
26.0,5.0,0.0,0.0,0.0,0.0,0.0,0.0,0.0,0.0,0.0,0.0,-1.0,0.0,1.0,31101.0,1.0,20.0,0.0,1.0,0.05,2.0,0.052974,0.0,0.0,2.0
26.0,5.0,0.0,0.0,0.0,0.0,0.0,0.0,0.0,0.0,0.0,0.0,-1.0,0.0,1.0,31101.0,1.0,20.0,0.0,1.0,0.05,2.0,0.052974,0.0,0.0,2.0
56.0,10.0,0.0,0.0,0.0,0.0,0.0,0.0,0.0,0.0,0.0,0.0,0.0,0.0,1.0,31151.0,1.0,20.0,0.0,1.0,0.05,2.0,0.052974,0.0,0.0,0.0
26.0,5.0,0.0,0.0,0.0,0.0,0.0,0.0,0.0,0.0,0.0,0.0,-1.0,0.0,1.0,31101.0,1.0,20.0,0.0,1.0,0.1,2.0,0.004997,0.0,0.0,2.0
26.0,5.0,0.0,0.0,0.0,0.0,0.0,0.0,0.0,0.0,0.0,0.0,-1.0,0.0,1.0,31101.0,1.0,20.0,0.0,1.0,0.1,2.0,0.004997,0.0,0.0,2.0
26.0,5.0,0.0,0.0,0.0,0.0,0.0,0.0,0.0,0.0,0.0,0.0,-1.0,0.0,1.0,31101.0,1.0,20.0,0.0,1.0,0.1,2.0,0.004997,0.0,0.0,2.0
26.0,5.0,0.0,0.0,0.0,0.0,0.0,0.0,0.0,0.0,0.0,0.0,-1.0,0.0,1.0,31101.0,1.0,20.0,0.0,1.0,0.1,2.0,0.004997,0.0,0.0,2.0
26.0,5.0,0.0,0.0,0.0,0.0,0.0,0.0,0.0,0.0,0.0,0.0,-1.0,0.0,1.0,31101.0,1.0,20.0,0.0,1.0,0.1,2.0,0.004997,0.0,0.0,2.0
26.0,5.0,0.0,0.0,0.0,0.0,0.0,0.0,0.0,0.0,0.0,0.0,-1.0,0.0,1.0,31101.0,1.0,20.0,0.0,1.0,0.1,2.0,0.055972,0.0,0.0,2.0
26.0,5.0,0.0,0.0,0.0,0.0,0.0,0.0,0.0,0.0,0.0,0.0,-1.0,0.0,1.0,31101.0,1.0,20.0,0.0,1.0,0.1,2.0,0.056971,0.0,0.0,2.0
26.0,5.0,0.0,0.0,0.0,0.0,0.0,0.0,0.0,0.0,0.0,0.0,-1.0,0.0,1.0,31101.0,1.0,20.0,0.0,1.0,0.05,2.0,0.056971,0.0,0.0,2.0
26.0,5.0,0.0,0.0,0.0,0.0,0.0,0.0,0.0,0.0,0.0,0.0,-1.0,0.0,1.0,31101.0,1.0,20.0,0.0,1.0,0.05,2.0,0.056971,0.0,0.0,2.0
26.0,5.0,0.0,0.0,0.0,0.0,0.0,0.0,0.0,0.0,0.0,0.0,-1.0,0.0,1.0,31101.0,1.0,20.0,0.0,1.0,0.05,2.0,0.056971,0.0,0.0,2.0
26.0,5.0,0.0,0.0,0.0,0.0,0.0,0.0,0.0,0.0,0.0,0.0,-1.0,0.0,1.0,31101.0,1.0,20.0,0.0,1.0,0.05,2.0,0.056971,0.0,0.0,2.0
26.0,5.0,0.0,0.0,0.0,0.0,0.0,0.0,0.0,0.0,0.0,0.0,-1.0,0.0,1.0,31101.0,1.0,20.0,0.0,1.0,0.05,2.0,0.056971,0.0,0.0,2.0
56.0,10.0,0.0,0.0,0.0,0.0,0.0,0.0,0.0,0.0,0.0,0.0,0.0,0.0,1.0,31151.0,1.0,20.0,0.0,1.0,0.05,2.0,0.056971,0.0,0.0,0.0
26.0,5.0,0.0,0.0,0.0,0.0,0.0,0.0,0.0,0.0,0.0,0.0,-1.0,0.0,1.0,31101.0,1.0,20.0,0.0,1.0,0.1,2.0,0.0,0.0,0.0,2.0
26.0,5.0,0.0,0.0,0.0,0.0,0.0,0.0,0.0,0.0,0.0,0.0,-1.0,0.0,1.0,31101.0,1.0,20.0,0.0,1.0,0.1,2.0,0.0,0.0,0.0,2.0
26.0,5.0,0.0,0.0,0.0,0.0,0.0,0.0,0.0,0.0,0.0,0.0,-1.0,0.0,1.0,31101.0,1.0,20.0,0.0,1.0,0.1,2.0,0.0,0.0,0.0,2.0
26.0,5.0,0.0,0.0,0.0,0.0,0.0,0.0,0.0,0.0,0.0,0.0,-1.0,0.0,1.0,31101.0,1.0,20.0,0.0,1.0,0.1,2.0,0.0,0.0,0.0,2.0
26.0,5.0,0.0,0.0,0.0,0.0,0.0,0.0,0.0,0.0,0.0,0.0,-1.0,0.0,1.0,31101.0,1.0,20.0,0.0,1.0,0.1,2.0,0.0,0.0,0.0,2.0
26.0,5.0,0.0,0.0,0.0,0.0,0.0,0.0,0.0,0.0,0.0,0.0,-1.0,0.0,1.0,31101.0,1.0,20.0,0.0,1.0,0.1,2.0,0.052974,0.0,0.0,2.0
26.0,5.0,0.0,0.0,0.0,0.0,0.0,0.0,0.0,0.0,0.0,0.0,-1.0,0.0,1.0,31101.0,1.0,20.0,0.0,1.0,0.1,2.0,0.052974,0.0,0.0,2.0
26.0,5.0,0.0,0.0,0.0,0.0,0.0,0.0,0.0,0.0,0.0,0.0,-1.0,0.0,1.0,31101.0,1.0,20.0,0.0,1.0,0.05,2.0,0.052974,0.0,0.0,2.0
26.0,5.0,0.0,0.0,0.0,0.0,0.0,0.0,0.0,0.0,0.0,0.0,-1.0,0.0,1.0,31101.0,1.0,20.0,0.0,1.0,0.05,2.0,0.052974,0.0,0.0,2.0
26.0,5.0,0.0,0.0,0.0,0.0,0.0,0.0,0.0,0.0,0.0,0.0,-1.0,0.0,1.0,31101.0,1.0,20.0,0.0,1.0,0.05,2.0,0.052974,0.0,0.0,2.0
26.0,5.0,0.0,0.0,0.0,0.0,0.0,0.0,0.0,0.0,0.0,0.0,-1.0,0.0,1.0,31101.0,1.0,20.0,0.0,1.0,0.05,2.0,0.052974,0.0,0.0,2.0
26.0,5.0,0.0,0.0,0.0,0.0,0.0,0.0,0.0,0.0,0.0,0.0,-1.0,0.0,1.0,31101.0,1.0,20.0,0.0,1.0,0.05,2.0,0.052974,0.0,0.0,2.0
56.0,10.0,0.0,0.0,0.0,0.0,0.0,0.0,0.0,0.0,0.0,0.0,0.0,0.0,1.0,31151.0,1.0,20.0,0.0,1.0,0.05,2.0,0.052974,0.0,0.0,0.0
26.0,5.0,0.0,0.0,0.0,0.0,0.0,0.0,0.0,0.0,0.0,0.0,-1.0,0.0,1.0,31101.0,1.0,20.0,0.0,1.0,0.1,2.0,0.051974,0.0,0.0,2.0
26.0,5.0,0.0,0.0,0.0,0.0,0.0,0.0,0.0,0.0,0.0,0.0,-1.0,0.0,1.0,31101.0,1.0,20.0,0.0,1.0,0.1,2.0,0.051974,0.0,0.0,2.0
26.0,5.0,0.0,0.0,0.0,0.0,0.0,0.0,0.0,0.0,0.0,0.0,-1.0,0.0,1.0,31101.0,1.0,20.0,0.0,1.0,0.1,2.0,0.051974,0.0,0.0,2.0
26.0,5.0,0.0,0.0,0.0,0.0,0.0,0.0,0.0,0.0,0.0,0.0,-1.0,0.0,1.0,31101.0,1.0,20.0,0.0,1.0,0.1,2.0,0.051974,0.0,0.0,2.0
26.0,5.0,0.0,0.0,0.0,0.0,0.0,0.0,0.0,0.0,0.0,0.0,-1.0,0.0,1.0,31101.0,1.0,20.0,0.0,1.0,0.1,2.0,0.053973,0.0,0.0,2.0
26.0,5.0,0.0,0.0,0.0,0.0,0.0,0.0,0.0,0.0,0.0,0.0,-1.0,0.0,1.0,31101.0,1.0,20.0,0.0,1.0,0.1,2.0,0.105947,0.0,0.0,2.0
26.0,5.0,0.0,0.0,0.0,0.0,0.0,0.0,0.0,0.0,0.0,0.0,-1.0,0.0,1.0,31101.0,1.0,20.0,0.0,1.0,0.1,2.0,0.105947,0.0,0.0,2.0
26.0,5.0,0.0,0.0,0.0,0.0,0.0,0.0,0.0,0.0,0.0,0.0,-1.0,0.0,1.0,31101.0,1.0,20.0,0.0,1.0,0.05,2.0,0.105947,0.0,0.0,2.0
26.0,5.0,0.0,0.0,0.0,0.0,0.0,0.0,0.0,0.0,0.0,0.0,-1.0,0.0,1.0,31101.0,1.0,20.0,0.0,1.0,0.05,2.0,0.290854,0.0,0.0,2.0
26.0,5.0,0.0,0.0,0.0,0.0,0.0,0.0,0.0,0.0,0.0,0.0,-1.0,0.0,1.0,31101.0,1.0,20.0,0.0,1.0,0.05,2.0,0.290854,0.0,0.0,2.0
26.0,5.0,0.0,0.0,0.0,0.0,0.0,0.0,0.0,0.0,0.0,0.0,-1.0,0.0,1.0,31101.0,1.0,20.0,0.0,1.0,0.05,2.0,0.290854,0.0,0.0,2.0
56.0,10.0,0.0,0.0,0.0,0.0,0.0,0.0,0.0,0.0,0.0,0.0,0.0,0.0,1.0,31151.0,1.0,20.0,0.0,1.0,0.05,2.0,0.290854,0.0,0.0,0.0
26.0,5.0,0.0,0.0,0.0,0.0,0.0,0.0,0.0,0.0,0.0,0.0,-1.0,0.0,1.0,31101.0,1.0,20.0,0.0,1.0,0.1,2.0,0.0,0.0,0.0,2.0
26.0,5.0,0.0,0.0,0.0,0.0,0.0,0.0,0.0,0.0,0.0,0.0,-1.0,0.0,1.0,31101.0,1.0,20.0,0.0,1.0,0.1,2.0,0.0,0.0,0.0,2.0
26.0,5.0,0.0,0.0,0.0,0.0,0.0,0.0,0.0,0.0,0.0,0.0,-1.0,0.0,1.0,31101.0,1.0,20.0,0.0,1.0,0.1,2.0,0.0,0.0,0.0,2.0
26.0,5.0,0.0,0.0,0.0,0.0,0.0,0.0,0.0,0.0,0.0,0.0,-1.0,0.0,1.0,31101.0,1.0,20.0,0.0,1.0,0.1,2.0,0.0,0.0,0.0,2.0
26.0,5.0,0.0,0.0,0.0,0.0,0.0,0.0,0.0,0.0,0.0,0.0,-1.0,0.0,1.0,31101.0,1.0,20.0,0.0,1.0,0.1,2.0,0.0,0.0,0.0,2.0
26.0,5.0,0.0,0.0,0.0,0.0,0.0,0.0,0.0,0.0,0.0,0.0,-1.0,0.0,1.0,31101.0,1.0,20.0,0.0,1.0,0.1,2.0,0.0,0.0,0.0,2.0
26.0,5.0,0.0,0.0,0.0,0.0,0.0,0.0,0.0,0.0,0.0,0.0,-1.0,0.0,1.0,31101.0,1.0,20.0,0.0,1.0,0.1,2.0,0.0,0.0,0.0,2.0
26.0,5.0,0.0,0.0,0.0,0.0,0.0,0.0,0.0,0.0,0.0,0.0,-1.0,0.0,1.0,31101.0,1.0,20.0,0.0,1.0,0.1,2.0,0.0,0.0,0.0,2.0
26.0,5.0,0.0,0.0,0.0,0.0,0.0,0.0,0.0,0.0,0.0,0.0,-1.0,0.0,1.0,31101.0,1.0,20.0,0.0,1.0,0.05,2.0,0.0,0.0,0.0,2.0
26.0,5.0,0.0,0.0,0.0,0.0,0.0,0.0,0.0,0.0,0.0,0.0,-1.0,0.0,1.0,31101.0,1.0,20.0,0.0,1.0,0.05,2.0,0.0,0.0,0.0,2.0
26.0,5.0,0.0,0.0,0.0,0.0,0.0,0.0,0.0,0.0,0.0,0.0,-1.0,0.0,1.0,31101.0,1.0,20.0,0.0,1.0,0.05,2.0,0.0,0.0,0.0,2.0
26.0,5.0,0.0,0.0,0.0,0.0,0.0,0.0,0.0,0.0,0.0,0.0,-1.0,0.0,1.0,31101.0,1.0,20.0,0.0,1.0,0.05,2.0,0.0,0.0,0.0,2.0
26.0,5.0,0.0,0.0,0.0,0.0,0.0,0.0,0.0,0.0,0.0,0.0,-1.0,0.0,1.0,31101.0,1.0,20.0,0.0,1.0,0.05,2.0,0.0,0.0,0.0,2.0
56.0,10.0,0.0,0.0,0.0,0.0,0.0,0.0,0.0,0.0,0.0,0.0,0.0,0.0,1.0,31151.0,1.0,20.0,0.0,1.0,0.05,2.0,0.0,0.0,0.0,0.0
26.0,5.0,0.0,0.0,0.0,0.0,0.0,0.0,0.0,0.0,0.0,0.0,-1.0,0.0,1.0,31101.0,1.0,20.0,0.0,1.0,0.1,2.0,0.0,0.0,0.0,2.0
26.0,5.0,0.0,0.0,0.0,0.0,0.0,0.0,0.0,0.0,0.0,0.0,-1.0,0.0,1.0,31101.0,1.0,20.0,0.0,1.0,0.1,2.0,0.0,0.0,0.0,2.0
26.0,5.0,0.0,0.0,0.0,0.0,0.0,0.0,0.0,0.0,0.0,0.0,-1.0,0.0,1.0,31101.0,1.0,20.0,0.0,1.0,0.1,2.0,0.0,0.0,0.0,2.0
26.0,5.0,0.0,0.0,0.0,0.0,0.0,0.0,0.0,0.0,0.0,0.0,-1.0,0.0,1.0,31101.0,1.0,20.0,0.0,1.0,0.1,2.0,0.0,0.0,0.0,2.0
26.0,5.0,0.0,0.0,0.0,0.0,0.0,0.0,0.0,0.0,0.0,0.0,-1.0,0.0,1.0,31101.0,1.0,20.0,0.0,1.0,0.1,2.0,0.0,0.0,0.0,2.0
26.0,5.0,0.0,0.0,0.0,0.0,0.0,0.0,0.0,0.0,0.0,0.0,-1.0,0.0,1.0,31101.0,1.0,20.0,0.0,1.0,0.1,2.0,0.050975,0.0,0.0,2.0
26.0,5.0,0.0,0.0,0.0,0.0,0.0,0.0,0.0,0.0,0.0,0.0,-1.0,0.0,1.0,31101.0,1.0,20.0,0.0,1.0,0.05,2.0,0.050975,0.0,0.0,2.0
26.0,5.0,0.0,0.0,0.0,0.0,0.0,0.0,0.0,0.0,0.0,0.0,-1.0,0.0,1.0,31101.0,1.0,20.0,0.0,1.0,0.05,2.0,0.050975,0.0,0.0,2.0
26.0,5.0,0.0,0.0,0.0,0.0,0.0,0.0,0.0,0.0,0.0,0.0,-1.0,0.0,1.0,31101.0,1.0,20.0,0.0,1.0,0.05,2.0,0.050975,0.0,0.0,2.0
26.0,5.0,0.0,0.0,0.0,0.0,0.0,0.0,0.0,0.0,0.0,0.0,-1.0,0.0,1.0,31101.0,1.0,20.0,0.0,1.0,0.05,2.0,0.103948,0.0,0.0,2.0
26.0,5.0,0.0,0.0,0.0,0.0,0.0,0.0,0.0,0.0,0.0,0.0,-1.0,0.0,1.0,31101.0,1.0,20.0,0.0,1.0,0.05,2.0,0.103948,0.0,0.0,2.0
26.0,5.0,0.0,0.0,0.0,0.0,0.0,0.0,0.0,0.0,0.0,0.0,-1.0,0.0,1.0,31101.0,1.0,20.0,0.0,1.0,0.05,2.0,0.104948,0.0,0.0,2.0
56.0,10.0,0.0,0.0,0.0,0.0,0.0,0.0,0.0,0.0,0.0,0.0,0.0,0.0,1.0,31151.0,1.0,20.0,0.0,1.0,0.05,2.0,0.104948,0.0,0.0,0.0
26.0,5.0,0.0,0.0,0.0,0.0,0.0,0.0,0.0,0.0,0.0,0.0,-1.0,0.0,1.0,31101.0,1.0,20.0,0.0,1.0,0.1,2.0,0.002998,0.0,0.0,2.0
26.0,5.0,0.0,0.0,0.0,0.0,0.0,0.0,0.0,0.0,0.0,0.0,-1.0,0.0,1.0,31101.0,1.0,20.0,0.0,1.0,0.1,2.0,0.002998,0.0,0.0,2.0
26.0,5.0,0.0,0.0,0.0,0.0,0.0,0.0,0.0,0.0,0.0,0.0,-1.0,0.0,1.0,31101.0,1.0,20.0,0.0,1.0,0.1,2.0,0.003998,0.0,0.0,2.0
26.0,5.0,0.0,0.0,0.0,0.0,0.0,0.0,0.0,0.0,0.0,0.0,-1.0,0.0,1.0,31101.0,1.0,20.0,0.0,1.0,0.1,2.0,0.003998,0.0,0.0,2.0
26.0,5.0,0.0,0.0,0.0,0.0,0.0,0.0,0.0,0.0,0.0,0.0,-1.0,0.0,1.0,31101.0,1.0,20.0,0.0,1.0,0.1,2.0,0.005997,0.0,0.0,2.0
26.0,5.0,0.0,0.0,0.0,0.0,0.0,0.0,0.0,0.0,0.0,0.0,-1.0,0.0,1.0,31101.0,1.0,20.0,0.0,1.0,0.1,2.0,0.005997,0.0,0.0,2.0
26.0,5.0,0.0,0.0,0.0,0.0,0.0,0.0,0.0,0.0,0.0,0.0,-1.0,0.0,1.0,31101.0,1.0,20.0,0.0,1.0,0.1,2.0,0.007996,0.0,0.0,2.0
26.0,5.0,0.0,0.0,0.0,0.0,0.0,0.0,0.0,0.0,0.0,0.0,-1.0,0.0,1.0,31101.0,1.0,20.0,0.0,1.0,0.05,2.0,0.007996,0.0,0.0,2.0
26.0,5.0,0.0,0.0,0.0,0.0,0.0,0.0,0.0,0.0,0.0,0.0,-1.0,0.0,1.0,31101.0,1.0,20.0,0.0,1.0,0.05,2.0,0.007996,0.0,0.0,2.0
26.0,5.0,0.0,0.0,0.0,0.0,0.0,0.0,0.0,0.0,0.0,0.0,-1.0,0.0,1.0,31101.0,1.0,20.0,0.0,1.0,0.05,2.0,0.010994,0.0,0.0,2.0
26.0,5.0,0.0,0.0,0.0,0.0,0.0,0.0,0.0,0.0,0.0,0.0,-1.0,0.0,1.0,31101.0,1.0,20.0,0.0,1.0,0.05,2.0,0.010994,0.0,0.0,2.0
26.0,5.0,0.0,0.0,0.0,0.0,0.0,0.0,0.0,0.0,0.0,0.0,-1.0,0.0,1.0,31101.0,1.0,20.0,0.0,1.0,0.05,2.0,0.010994,0.0,0.0,2.0
26.0,5.0,0.0,0.0,0.0,0.0,0.0,0.0,0.0,0.0,0.0,0.0,-1.0,0.0,1.0,31101.0,1.0,20.0,0.0,1.0,0.05,2.0,0.012993,0.0,0.0,2.0
56.0,10.0,0.0,0.0,0.0,0.0,0.0,0.0,0.0,0.0,0.0,0.0,0.0,0.0,1.0,31151.0,1.0,20.0,0.0,1.0,0.05,2.0,0.012993,0.0,0.0,0.0
26.0,5.0,0.0,0.0,0.0,0.0,0.0,0.0,0.0,0.0,0.0,0.0,-1.0,0.0,1.0,31101.0,1.0,20.0,0.0,1.0,0.1,2.0,0.0,0.0,0.0,2.0
26.0,5.0,0.0,0.0,0.0,0.0,0.0,0.0,0.0,0.0,0.0,0.0,-1.0,0.0,1.0,31101.0,1.0,20.0,0.0,1.0,0.1,2.0,0.0,0.0,0.0,2.0
26.0,5.0,0.0,0.0,0.0,0.0,0.0,0.0,0.0,0.0,0.0,0.0,-1.0,0.0,1.0,31101.0,1.0,20.0,0.0,1.0,0.1,2.0,0.053973,0.0,0.0,2.0
26.0,5.0,0.0,0.0,0.0,0.0,0.0,0.0,0.0,0.0,0.0,0.0,-1.0,0.0,1.0,31101.0,1.0,20.0,0.0,1.0,0.1,2.0,0.054973,0.0,0.0,2.0
26.0,5.0,0.0,0.0,0.0,0.0,0.0,0.0,0.0,0.0,0.0,0.0,-1.0,0.0,1.0,31101.0,1.0,20.0,0.0,1.0,0.1,2.0,0.056972,0.0,0.0,2.0
26.0,5.0,0.0,0.0,0.0,0.0,0.0,0.0,0.0,0.0,0.0,0.0,-1.0,0.0,1.0,31101.0,1.0,20.0,0.0,1.0,0.1,2.0,0.058971,0.0,0.0,2.0
26.0,5.0,0.0,0.0,0.0,0.0,0.0,0.0,0.0,0.0,0.0,0.0,-1.0,0.0,1.0,31101.0,1.0,20.0,0.0,1.0,0.05,2.0,0.058971,0.0,0.0,2.0
26.0,5.0,0.0,0.0,0.0,0.0,0.0,0.0,0.0,0.0,0.0,0.0,-1.0,0.0,1.0,31101.0,1.0,20.0,0.0,1.0,0.05,2.0,0.06097,0.0,0.0,2.0
26.0,5.0,0.0,0.0,0.0,0.0,0.0,0.0,0.0,0.0,0.0,0.0,-1.0,0.0,1.0,31101.0,1.0,20.0,0.0,1.0,0.05,2.0,0.06097,0.0,0.0,2.0
26.0,5.0,0.0,0.0,0.0,0.0,0.0,0.0,0.0,0.0,0.0,0.0,-1.0,0.0,1.0,31101.0,1.0,20.0,0.0,1.0,0.05,2.0,0.063968,0.0,0.0,2.0
26.0,5.0,0.0,0.0,0.0,0.0,0.0,0.0,0.0,0.0,0.0,0.0,-1.0,0.0,1.0,31101.0,1.0,20.0,0.0,1.0,0.05,2.0,0.065967,0.0,0.0,2.0
26.0,5.0,0.0,0.0,0.0,0.0,0.0,0.0,0.0,0.0,0.0,0.0,-1.0,0.0,1.0,31101.0,1.0,20.0,0.0,1.0,0.05,2.0,0.065967,0.0,0.0,2.0
56.0,10.0,0.0,0.0,0.0,0.0,0.0,0.0,0.0,0.0,0.0,0.0,0.0,0.0,1.0,31151.0,1.0,20.0,0.0,1.0,0.05,2.0,0.068966,0.0,0.0,0.0
26.0,5.0,0.0,0.0,0.0,0.0,0.0,0.0,0.0,0.0,0.0,0.0,-1.0,0.0,1.0,31101.0,1.0,20.0,0.0,1.0,0.1,2.0,0.003998,0.0,0.0,2.0
26.0,5.0,0.0,0.0,0.0,0.0,0.0,0.0,1.0,0.0,0.0,0.0,-1.0,0.0,1.0,31101.0,1.0,20.0,0.0,1.0,0.1,2.0,0.003998,0.0,0.0,2.0
26.0,5.0,0.0,0.0,0.0,0.0,0.0,0.0,0.0,0.0,0.0,0.0,-1.0,0.0,1.0,31101.0,1.0,20.0,0.0,1.0,0.1,2.0,0.004997,0.0,0.0,2.0
26.0,5.0,0.0,0.0,0.0,0.0,0.0,0.0,0.0,0.0,0.0,0.0,-1.0,0.0,1.0,31101.0,1.0,20.0,0.0,1.0,0.1,2.0,0.004997,0.0,0.0,2.0
26.0,5.0,0.0,0.0,0.0,0.0,0.0,0.0,0.0,0.0,0.0,0.0,-1.0,0.0,1.0,31101.0,1.0,20.0,0.0,1.0,0.1,2.0,0.007996,0.0,0.0,2.0
26.0,5.0,0.0,0.0,0.0,0.0,0.0,0.0,0.0,0.0,0.0,0.0,-1.0,0.0,1.0,31101.0,1.0,20.0,0.0,1.0,0.1,2.0,0.007996,0.0,0.0,2.0
26.0,5.0,0.0,0.0,0.0,0.0,0.0,0.0,0.0,0.0,0.0,0.0,-1.0,0.0,1.0,31101.0,1.0,20.0,0.0,1.0,0.1,2.0,0.008995,0.0,0.0,2.0
26.0,5.0,0.0,0.0,0.0,0.0,0.0,0.0,0.0,0.0,0.0,0.0,-1.0,0.0,1.0,31101.0,1.0,20.0,0.0,1.0,0.05,2.0,0.008995,0.0,0.0,2.0
26.0,5.0,0.0,0.0,0.0,0.0,0.0,0.0,0.0,0.0,0.0,0.0,-1.0,0.0,1.0,31101.0,1.0,20.0,0.0,1.0,0.05,2.0,0.008995,0.0,0.0,2.0
26.0,5.0,0.0,0.0,0.0,0.0,0.0,0.0,0.0,0.0,0.0,0.0,-1.0,0.0,1.0,31101.0,1.0,20.0,0.0,1.0,0.05,2.0,0.008995,0.0,0.0,2.0
26.0,5.0,0.0,0.0,0.0,0.0,0.0,0.0,0.0,0.0,0.0,0.0,-1.0,0.0,1.0,31101.0,1.0,20.0,0.0,1.0,0.05,2.0,0.010994,0.0,0.0,2.0
26.0,5.0,0.0,0.0,0.0,0.0,0.0,0.0,0.0,0.0,0.0,0.0,-1.0,0.0,1.0,31101.0,1.0,20.0,0.0,1.0,0.05,2.0,0.010994,0.0,0.0,2.0
26.0,5.0,0.0,0.0,0.0,0.0,0.0,0.0,0.0,0.0,0.0,0.0,-1.0,0.0,1.0,31101.0,1.0,20.0,0.0,1.0,0.05,2.0,0.012993,0.0,0.0,2.0
56.0,10.0,0.0,0.0,0.0,0.0,0.0,0.0,0.0,0.0,0.0,0.0,0.0,0.0,1.0,31151.0,1.0,20.0,0.0,1.0,0.05,2.0,0.012993,0.0,0.0,0.0
26.0,5.0,0.0,0.0,0.0,0.0,0.0,0.0,0.0,0.0,0.0,0.0,-1.0,0.0,1.0,31101.0,1.0,20.0,0.0,1.0,0.1,2.0,0.0,0.0,0.0,2.0
26.0,5.0,0.0,0.0,0.0,0.0,1.0,0.0,0.0,0.0,0.0,0.0,-1.0,0.0,1.0,31101.0,1.0,20.0,0.0,1.0,0.1,2.0,0.0,0.0,0.0,2.0
26.0,5.0,0.0,0.0,0.0,0.0,0.0,0.0,0.0,0.0,0.0,0.0,-1.0,0.0,1.0,31101.0,1.0,20.0,0.0,1.0,0.1,2.0,0.0,0.0,0.0,2.0
26.0,5.0,0.0,0.0,0.0,0.0,0.0,0.0,0.0,0.0,0.0,0.0,-1.0,0.0,1.0,31101.0,1.0,20.0,0.0,1.0,0.1,2.0,0.002999,0.0,0.0,2.0
26.0,5.0,0.0,0.0,0.0,0.0,0.0,0.0,0.0,0.0,0.0,0.0,-1.0,0.0,1.0,31101.0,1.0,20.0,0.0,1.0,0.1,2.0,0.002999,0.0,0.0,2.0
26.0,5.0,0.0,0.0,0.0,0.0,0.0,0.0,0.0,0.0,0.0,0.0,-1.0,0.0,1.0,31101.0,1.0,20.0,0.0,1.0,0.1,2.0,0.002999,0.0,0.0,2.0
26.0,5.0,0.0,0.0,0.0,0.0,0.0,0.0,0.0,0.0,0.0,0.0,-1.0,0.0,1.0,31101.0,1.0,20.0,0.0,1.0,0.05,2.0,0.003998,0.0,0.0,2.0
26.0,5.0,0.0,0.0,0.0,0.0,0.0,0.0,0.0,0.0,0.0,0.0,-1.0,0.0,1.0,31101.0,1.0,20.0,0.0,1.0,0.05,2.0,0.005997,0.0,0.0,2.0
26.0,5.0,0.0,0.0,0.0,0.0,0.0,0.0,0.0,0.0,0.0,0.0,-1.0,0.0,1.0,31101.0,1.0,20.0,0.0,1.0,0.05,2.0,0.005997,0.0,0.0,2.0
48.0,5.0,1.0,1.0,1.0,0.0,0.0,0.0,0.0,1.0,0.0,0.0,7.0,1.0,0.0,5710.0,1.0,20.0,0.0,1.0,0.05,2.0,0.006997,0.0,0.0,3.0
48.0,5.0,1.0,1.0,1.0,0.0,0.0,0.0,0.0,1.0,0.0,0.0,7.0,1.0,0.0,5710.0,1.0,20.0,1.0,2.0,0.05,3.0,0.006997,1.0,1.0,3.0
48.0,5.0,1.0,1.0,1.0,0.0,0.0,0.0,0.0,1.0,0.0,0.0,7.0,1.0,0.0,5710.0,1.0,20.0,2.0,2.0,0.05,3.0,0.006997,1.0,1.0,3.0
48.0,5.0,1.0,1.0,1.0,0.0,0.0,0.0,0.0,1.0,0.0,0.0,7.0,1.0,0.0,5710.0,1.0,20.0,3.0,2.0,0.05,3.0,0.006997,1.0,1.0,3.0
48.0,5.0,1.0,1.0,1.0,0.0,0.0,0.0,0.0,1.0,0.0,0.0,7.0,1.0,0.0,5710.0,1.0,20.0,4.0,2.0,0.05,3.0,0.006997,1.0,1.0,3.0
72.0,10.0,0.0,1.0,1.0,0.0,0.0,0.0,0.0,0.0,0.0,0.0,7.0,1.0,0.0,5712.0,1.0,20.0,5.0,2.0,0.05,3.0,0.006997,1.0,1.0,3.0
48.0,5.0,1.0,1.0,1.0,0.0,0.0,0.0,0.0,1.0,0.0,0.0,7.0,1.0,0.0,5710.0,1.0,20.0,6.0,2.0,0.1,4.0,0.0,1.0,1.0,3.0
48.0,5.0,1.0,1.0,1.0,0.0,0.0,0.0,0.0,1.0,0.0,0.0,7.0,1.0,0.0,5710.0,1.0,20.0,7.0,2.0,0.1,4.0,0.053973,1.0,1.0,3.0
48.0,5.0,1.0,1.0,1.0,0.0,0.0,0.0,0.0,1.0,0.0,0.0,7.0,1.0,0.0,5710.0,1.0,20.0,8.0,2.0,0.1,4.0,0.053973,1.0,1.0,3.0
48.0,5.0,1.0,1.0,1.0,0.0,0.0,0.0,0.0,1.0,0.0,0.0,7.0,1.0,0.0,5710.0,1.0,20.0,9.0,2.0,0.1,4.0,0.053973,1.0,1.0,3.0
48.0,5.0,1.0,1.0,1.0,0.0,0.0,0.0,0.0,1.0,0.0,0.0,7.0,1.0,0.0,5710.0,1.0,20.0,10.0,2.0,0.1,4.0,0.053973,1.0,1.0,3.0
48.0,5.0,1.0,1.0,1.0,0.0,0.0,0.0,0.0,1.0,0.0,0.0,7.0,1.0,0.0,5710.0,1.0,20.0,11.0,2.0,0.05,3.0,0.053973,1.0,1.0,3.0
48.0,5.0,1.0,1.0,1.0,0.0,0.0,0.0,0.0,1.0,0.0,0.0,7.0,1.0,0.0,5710.0,1.0,20.0,12.0,2.0,0.05,3.0,0.053973,1.0,1.0,3.0
41.0,8.0,0.0,1.0,1.0,0.0,0.0,0.0,0.0,0.0,0.0,0.0,7.0,1.0,0.0,5758.0,1.0,20.0,13.0,2.0,0.05,3.0,0.053973,1.0,1.0,3.0
41.0,8.0,0.0,1.0,1.0,0.0,0.0,0.0,0.0,0.0,0.0,0.0,7.0,1.0,0.0,5758.0,1.0,20.0,14.0,2.0,0.1,4.0,0.208895,1.0,1.0,3.0
48.0,5.0,1.0,1.0,1.0,0.0,0.0,0.0,0.0,1.0,0.0,0.0,7.0,1.0,0.0,5710.0,1.0,20.0,15.0,2.0,0.15,4.0,0.208895,1.0,1.0,3.0
25.0,3.0,0.0,0.0,0.0,0.0,1.0,0.0,0.0,0.0,0.0,0.0,6.0,0.0,0.0,504.0,1.0,0.0,0.0,0.0,0.15,0.0,1062.539166,0.0,0.0,2.0
20.0,3.0,0.0,0.0,0.0,0.0,0.0,0.0,0.0,0.0,0.0,0.0,-1.0,0.0,0.0,503.0,1.0,0.0,0.0,0.0,0.15,0.0,2088.06617,0.0,0.0,2.0
26.0,3.0,0.0,0.0,0.0,0.0,0.0,0.0,0.0,0.0,0.0,0.0,-1.0,0.0,0.0,5502.0,1.0,1.0,0.0,0.0,0.15,1.0,2092.924739,0.0,0.0,2.0
26.0,3.0,0.0,0.0,0.0,0.0,1.0,1.0,0.0,0.0,0.0,0.0,6.0,0.0,0.0,5501.0,1.0,5.0,0.0,0.0,0.15,3.0,2092.98271,0.0,0.0,2.0
26.0,3.0,0.0,0.0,0.0,0.0,1.0,1.0,0.0,0.0,0.0,0.0,6.0,0.0,0.0,5501.0,1.0,20.0,0.0,0.0,0.0,2.0,999.0,0.0,0.0,2.0
26.0,3.0,0.0,0.0,0.0,0.0,1.0,0.0,0.0,0.0,0.0,0.0,-1.0,0.0,0.0,5502.0,1.0,20.0,0.0,0.0,0.0,3.0,999.0,0.0,0.0,2.0
26.0,3.0,0.0,0.0,0.0,0.0,1.0,1.0,0.0,0.0,0.0,0.0,6.0,0.0,0.0,5501.0,1.0,20.0,0.0,0.0,0.0,4.0,999.0,0.0,0.0,2.0
20.0,3.0,0.0,0.0,0.0,0.0,1.0,0.0,0.0,0.0,0.0,0.0,6.0,0.0,0.0,506.0,1.0,20.0,0.0,0.0,0.0,4.0,999.0,0.0,0.0,2.0
20.0,3.0,0.0,0.0,0.0,0.0,0.0,0.0,0.0,0.0,0.0,0.0,-1.0,0.0,0.0,503.0,1.0,20.0,0.0,0.0,0.0,5.0,999.0,0.0,0.0,2.0
26.0,3.0,0.0,0.0,0.0,0.0,1.0,0.0,0.0,0.0,0.0,0.0,-1.0,0.0,0.0,5502.0,1.0,20.0,0.0,0.0,0.0,6.0,999.0,0.0,0.0,2.0
26.0,3.0,0.0,0.0,0.0,0.0,1.0,0.0,0.0,0.0,0.0,0.0,-1.0,0.0,0.0,5502.0,1.0,20.0,0.0,0.0,0.0,6.0,999.0,0.0,0.0,2.0
26.0,3.0,0.0,0.0,0.0,0.0,1.0,1.0,0.0,0.0,0.0,0.0,6.0,0.0,0.0,5501.0,1.0,20.0,0.0,0.0,0.0,6.0,999.0,0.0,0.0,2.0
26.0,3.0,0.0,0.0,0.0,0.0,1.0,1.0,0.0,0.0,0.0,0.0,6.0,0.0,0.0,5501.0,1.0,20.0,0.0,0.0,0.0,2.0,999.0,0.0,0.0,2.0
26.0,3.0,0.0,0.0,0.0,0.0,1.0,0.0,0.0,0.0,0.0,0.0,-1.0,0.0,0.0,5502.0,1.0,20.0,0.0,0.0,0.0,3.0,999.0,0.0,0.0,2.0
26.0,3.0,0.0,0.0,0.0,0.0,1.0,0.0,0.0,0.0,0.0,0.0,-1.0,0.0,0.0,5502.0,1.0,20.0,0.0,0.0,0.0,4.0,999.0,0.0,0.0,2.0
26.0,3.0,0.0,0.0,0.0,0.0,1.0,1.0,0.0,0.0,0.0,0.0,6.0,0.0,0.0,5501.0,1.0,20.0,0.0,0.0,0.0,4.0,999.0,0.0,0.0,2.0
26.0,3.0,0.0,0.0,0.0,0.0,1.0,1.0,0.0,0.0,0.0,0.0,6.0,0.0,0.0,5501.0,1.0,20.0,0.0,0.0,0.0,4.0,999.0,0.0,0.0,2.0
26.0,3.0,0.0,0.0,0.0,0.0,1.0,1.0,0.0,0.0,0.0,0.0,6.0,0.0,0.0,5501.0,1.0,20.0,0.0,0.0,0.0,4.0,999.0,0.0,0.0,2.0
26.0,3.0,0.0,0.0,0.0,0.0,1.0,0.0,0.0,0.0,0.0,0.0,-1.0,0.0,0.0,5502.0,1.0,20.0,0.0,0.0,0.0,4.0,999.0,0.0,0.0,2.0
26.0,3.0,0.0,0.0,0.0,0.0,1.0,1.0,0.0,0.0,0.0,0.0,6.0,0.0,0.0,5501.0,1.0,20.0,0.0,0.0,0.0,4.0,999.0,0.0,0.0,2.0
26.0,3.0,0.0,0.0,0.0,0.0,1.0,0.0,0.0,0.0,0.0,0.0,-1.0,0.0,0.0,5502.0,1.0,20.0,0.0,0.0,0.0,4.0,999.0,0.0,0.0,2.0
26.0,3.0,0.0,0.0,0.0,0.0,1.0,0.0,0.0,0.0,0.0,0.0,-1.0,0.0,0.0,5502.0,1.0,20.0,0.0,0.0,0.0,4.0,999.0,0.0,0.0,2.0
26.0,3.0,0.0,0.0,0.0,0.0,1.0,1.0,0.0,0.0,0.0,0.0,6.0,0.0,0.0,5501.0,1.0,20.0,0.0,0.0,0.0,4.0,999.0,0.0,0.0,2.0
26.0,3.0,0.0,0.0,0.0,0.0,1.0,1.0,0.0,0.0,0.0,0.0,6.0,0.0,0.0,5501.0,1.0,20.0,0.0,0.0,0.0,4.0,999.0,0.0,0.0,2.0
26.0,3.0,0.0,0.0,0.0,0.0,1.0,1.0,0.0,0.0,0.0,0.0,6.0,0.0,0.0,5501.0,1.0,20.0,0.0,0.0,0.0,4.0,999.0,0.0,0.0,2.0
26.0,3.0,0.0,0.0,0.0,0.0,1.0,0.0,0.0,0.0,0.0,0.0,-1.0,0.0,0.0,5502.0,1.0,20.0,0.0,0.0,0.0,4.0,999.0,0.0,0.0,2.0
26.0,3.0,0.0,0.0,0.0,0.0,1.0,1.0,0.0,0.0,0.0,0.0,6.0,0.0,0.0,5501.0,1.0,20.0,0.0,0.0,0.0,4.0,999.0,0.0,0.0,2.0
30.0,8.0,0.0,0.0,0.0,0.0,0.0,0.0,0.0,0.0,0.0,0.0,-1.0,1.0,0.0,5901.0,1.0,20.0,0.0,0.0,0.0,4.0,999.0,0.0,0.0,2.0
29.0,8.0,0.0,0.0,0.0,0.0,1.0,0.0,0.0,1.0,0.0,0.0,4.0,1.0,0.0,5902.0,1.0,20.0,1.0,0.0,0.05,5.0,999.0,0.0,0.0,2.0
26.0,3.0,0.0,0.0,0.0,0.0,1.0,0.0,0.0,0.0,0.0,0.0,-1.0,0.0,0.0,5502.0,1.0,20.0,2.0,0.0,0.1,6.0,999.0,0.0,0.0,2.0
26.0,3.0,0.0,0.0,0.0,0.0,1.0,1.0,0.0,0.0,0.0,0.0,6.0,0.0,0.0,5501.0,1.0,20.0,2.0,0.0,0.1,6.0,999.0,0.0,0.0,2.0
26.0,3.0,0.0,0.0,0.0,0.0,1.0,0.0,0.0,0.0,0.0,0.0,-1.0,0.0,0.0,5502.0,1.0,20.0,2.0,0.0,0.1,6.0,999.0,0.0,0.0,2.0
26.0,3.0,0.0,0.0,0.0,0.0,1.0,1.0,0.0,0.0,0.0,0.0,6.0,0.0,0.0,5501.0,1.0,20.0,2.0,0.0,0.1,6.0,999.0,0.0,0.0,2.0
26.0,3.0,0.0,0.0,0.0,0.0,1.0,0.0,0.0,0.0,0.0,0.0,-1.0,0.0,0.0,5502.0,1.0,20.0,2.0,0.0,0.1,6.0,999.0,0.0,0.0,2.0
26.0,3.0,0.0,0.0,0.0,0.0,1.0,0.0,0.0,0.0,0.0,0.0,-1.0,0.0,0.0,5502.0,1.0,20.0,2.0,0.0,0.1,6.0,999.0,0.0,0.0,2.0
26.0,3.0,0.0,0.0,0.0,0.0,1.0,1.0,0.0,0.0,0.0,0.0,6.0,0.0,0.0,5501.0,1.0,20.0,2.0,0.0,0.1,6.0,999.0,0.0,0.0,2.0
26.0,3.0,0.0,0.0,0.0,0.0,1.0,0.0,0.0,0.0,0.0,0.0,-1.0,0.0,0.0,5502.0,1.0,20.0,2.0,0.0,0.1,6.0,999.0,0.0,0.0,2.0
26.0,3.0,0.0,0.0,0.0,0.0,1.0,1.0,0.0,0.0,0.0,0.0,6.0,0.0,0.0,5501.0,1.0,20.0,2.0,0.0,0.1,6.0,999.0,0.0,0.0,2.0
26.0,3.0,0.0,0.0,0.0,0.0,1.0,0.0,0.0,0.0,0.0,0.0,-1.0,0.0,0.0,5502.0,1.0,20.0,2.0,0.0,0.1,6.0,999.0,0.0,0.0,2.0
26.0,3.0,0.0,0.0,0.0,0.0,1.0,1.0,0.0,0.0,0.0,0.0,6.0,0.0,0.0,5501.0,1.0,11.0,0.0,0.0,0.0,3.0,999.0,0.0,0.0,2.0
26.0,3.0,0.0,0.0,0.0,0.0,1.0,0.0,0.0,0.0,0.0,0.0,-1.0,0.0,0.0,5502.0,1.0,0.0,0.0,0.0,0.0,3.0,999.0,0.0,0.0,2.0
26.0,3.0,0.0,0.0,0.0,0.0,1.0,1.0,0.0,0.0,0.0,0.0,6.0,0.0,0.0,5501.0,1.0,1.0,0.0,0.0,0.0,4.0,999.0,0.0,0.0,2.0
26.0,3.0,0.0,0.0,0.0,0.0,1.0,1.0,0.0,0.0,0.0,0.0,6.0,0.0,0.0,5501.0,1.0,10.0,0.0,0.0,0.0,4.0,999.0,0.0,0.0,2.0
38.0,7.0,0.0,0.0,0.0,0.0,0.0,0.0,0.0,0.0,0.0,0.0,-1.0,0.0,0.0,2904.0,1.0,0.0,0.0,0.0,0.0,1.0,999.0,0.0,0.0,2.0
47.0,3.0,0.0,0.0,0.0,0.0,0.0,0.0,0.0,0.0,0.0,0.0,-1.0,0.0,0.0,2901.0,1.0,1.0,0.0,0.0,0.0,2.0,999.0,0.0,0.0,2.0
47.0,3.0,0.0,0.0,0.0,0.0,0.0,0.0,0.0,0.0,0.0,0.0,-1.0,0.0,0.0,2901.0,1.0,2.0,0.0,0.0,0.0,3.0,999.0,0.0,0.0,2.0
47.0,3.0,0.0,0.0,0.0,0.0,0.0,0.0,0.0,0.0,0.0,0.0,-1.0,0.0,0.0,2901.0,1.0,3.0,0.0,0.0,0.0,3.0,999.0,0.0,0.0,2.0
47.0,3.0,0.0,0.0,0.0,0.0,0.0,0.0,0.0,0.0,0.0,0.0,-1.0,0.0,0.0,2901.0,1.0,4.0,0.0,0.0,0.0,3.0,999.0,0.0,0.0,2.0
47.0,3.0,0.0,0.0,0.0,0.0,0.0,0.0,0.0,0.0,0.0,0.0,-1.0,0.0,0.0,2901.0,1.0,5.0,0.0,0.0,0.0,3.0,999.0,0.0,0.0,2.0
47.0,3.0,0.0,0.0,0.0,0.0,0.0,0.0,0.0,0.0,0.0,0.0,-1.0,0.0,0.0,2901.0,1.0,6.0,0.0,0.0,0.0,3.0,999.0,0.0,0.0,2.0
47.0,3.0,0.0,0.0,0.0,0.0,0.0,0.0,0.0,0.0,0.0,0.0,-1.0,0.0,0.0,2901.0,1.0,7.0,0.0,0.0,0.0,3.0,999.0,0.0,0.0,2.0
47.0,3.0,0.0,0.0,0.0,0.0,0.0,0.0,0.0,0.0,0.0,0.0,-1.0,0.0,0.0,2901.0,1.0,8.0,0.0,0.0,0.0,3.0,999.0,0.0,0.0,2.0
47.0,3.0,0.0,0.0,0.0,0.0,0.0,0.0,0.0,0.0,0.0,0.0,-1.0,0.0,0.0,2901.0,1.0,9.0,0.0,0.0,0.0,3.0,999.0,0.0,0.0,2.0
47.0,3.0,0.0,0.0,0.0,0.0,0.0,0.0,0.0,0.0,0.0,0.0,-1.0,0.0,0.0,2901.0,1.0,10.0,0.0,0.0,0.0,3.0,999.0,0.0,0.0,2.0
47.0,3.0,0.0,0.0,0.0,0.0,0.0,0.0,0.0,0.0,0.0,0.0,-1.0,0.0,0.0,2901.0,1.0,11.0,0.0,0.0,0.0,3.0,999.0,0.0,0.0,2.0
47.0,3.0,0.0,0.0,0.0,0.0,0.0,0.0,0.0,0.0,0.0,0.0,-1.0,0.0,0.0,2901.0,1.0,12.0,0.0,0.0,0.0,3.0,999.0,0.0,0.0,2.0
47.0,3.0,0.0,0.0,0.0,0.0,0.0,0.0,0.0,0.0,0.0,0.0,-1.0,0.0,0.0,2901.0,1.0,13.0,0.0,0.0,0.0,3.0,999.0,0.0,0.0,2.0
47.0,3.0,0.0,0.0,0.0,0.0,0.0,0.0,0.0,0.0,0.0,0.0,-1.0,0.0,0.0,2901.0,1.0,14.0,0.0,0.0,0.0,3.0,999.0,0.0,0.0,2.0
47.0,3.0,0.0,0.0,0.0,0.0,0.0,0.0,0.0,0.0,0.0,0.0,-1.0,0.0,0.0,2901.0,1.0,15.0,0.0,0.0,0.0,3.0,999.0,0.0,0.0,2.0
47.0,3.0,0.0,0.0,0.0,0.0,0.0,0.0,0.0,0.0,0.0,0.0,-1.0,0.0,0.0,2901.0,1.0,16.0,0.0,0.0,0.0,3.0,999.0,0.0,0.0,2.0
47.0,3.0,0.0,0.0,0.0,0.0,0.0,0.0,0.0,0.0,0.0,0.0,-1.0,0.0,0.0,2901.0,1.0,17.0,0.0,0.0,0.0,3.0,999.0,0.0,0.0,2.0
47.0,3.0,0.0,0.0,0.0,0.0,0.0,0.0,0.0,0.0,0.0,0.0,-1.0,0.0,0.0,2901.0,1.0,18.0,0.0,0.0,0.0,3.0,999.0,0.0,0.0,2.0
47.0,3.0,0.0,0.0,0.0,0.0,0.0,0.0,1.0,0.0,0.0,0.0,-1.0,0.0,0.0,2901.0,1.0,19.0,0.0,0.0,0.0,3.0,999.0,0.0,0.0,2.0
47.0,3.0,0.0,0.0,0.0,0.0,0.0,0.0,0.0,0.0,0.0,0.0,-1.0,0.0,0.0,2901.0,1.0,20.0,0.0,0.0,0.0,2.0,999.0,0.0,0.0,2.0
47.0,3.0,0.0,0.0,0.0,0.0,0.0,0.0,0.0,0.0,0.0,0.0,-1.0,0.0,0.0,2901.0,1.0,20.0,0.0,0.0,0.0,1.0,999.0,0.0,0.0,2.0
47.0,3.0,0.0,0.0,0.0,0.0,0.0,0.0,0.0,0.0,0.0,0.0,-1.0,0.0,0.0,2901.0,1.0,20.0,0.0,0.0,0.0,1.0,999.0,0.0,0.0,2.0
47.0,3.0,0.0,0.0,0.0,0.0,0.0,0.0,0.0,0.0,0.0,0.0,-1.0,0.0,0.0,2901.0,1.0,20.0,0.0,0.0,0.0,1.0,999.0,0.0,0.0,2.0
47.0,3.0,0.0,0.0,0.0,0.0,0.0,0.0,0.0,0.0,0.0,0.0,-1.0,0.0,0.0,2901.0,1.0,20.0,0.0,0.0,0.0,1.0,999.0,0.0,0.0,2.0
47.0,3.0,0.0,0.0,0.0,0.0,0.0,0.0,0.0,0.0,0.0,0.0,-1.0,0.0,0.0,2901.0,1.0,20.0,0.0,0.0,0.0,1.0,999.0,0.0,0.0,2.0
47.0,3.0,0.0,0.0,0.0,0.0,0.0,0.0,0.0,0.0,0.0,0.0,-1.0,0.0,0.0,2901.0,1.0,20.0,0.0,0.0,0.0,1.0,999.0,0.0,0.0,2.0
47.0,3.0,0.0,0.0,0.0,0.0,0.0,0.0,0.0,0.0,0.0,0.0,-1.0,0.0,0.0,2901.0,1.0,20.0,0.0,0.0,0.0,1.0,999.0,0.0,0.0,2.0
47.0,3.0,0.0,0.0,0.0,0.0,0.0,0.0,0.0,0.0,0.0,0.0,-1.0,0.0,0.0,2901.0,1.0,20.0,0.0,0.0,0.0,1.0,999.0,0.0,0.0,2.0
36.0,7.0,0.0,0.0,0.0,0.0,0.0,0.0,1.0,0.0,0.0,0.0,-1.0,0.0,0.0,2902.0,1.0,20.0,0.0,0.0,0.0,1.0,999.0,0.0,0.0,2.0
36.0,7.0,0.0,0.0,0.0,0.0,0.0,0.0,1.0,0.0,0.0,0.0,-1.0,0.0,0.0,2902.0,1.0,20.0,0.0,0.0,0.0,2.0,999.0,0.0,0.0,2.0
38.0,7.0,0.0,0.0,0.0,0.0,0.0,0.0,1.0,0.0,0.0,0.0,-1.0,0.0,0.0,2904.0,1.0,20.0,0.0,0.0,0.0,2.0,999.0,0.0,0.0,2.0
38.0,7.0,0.0,0.0,0.0,0.0,0.0,0.0,1.0,0.0,0.0,0.0,-1.0,0.0,0.0,2904.0,1.0,20.0,0.0,0.0,0.0,3.0,999.0,0.0,0.0,2.0
38.0,7.0,0.0,0.0,0.0,0.0,0.0,0.0,0.0,0.0,0.0,0.0,-1.0,0.0,0.0,2904.0,1.0,20.0,0.0,0.0,0.0,3.0,999.0,0.0,0.0,2.0
36.0,7.0,0.0,0.0,0.0,0.0,0.0,0.0,0.0,0.0,0.0,0.0,-1.0,0.0,0.0,2902.0,1.0,20.0,0.0,0.0,0.0,3.0,999.0,0.0,0.0,2.0
38.0,7.0,0.0,0.0,0.0,0.0,0.0,0.0,0.0,0.0,0.0,0.0,-1.0,0.0,0.0,2904.0,1.0,20.0,0.0,0.0,0.0,3.0,999.0,0.0,0.0,2.0
36.0,7.0,0.0,0.0,0.0,0.0,0.0,0.0,0.0,0.0,0.0,0.0,-1.0,0.0,0.0,2902.0,1.0,20.0,0.0,0.0,0.0,3.0,999.0,0.0,0.0,2.0
36.0,7.0,0.0,0.0,0.0,0.0,0.0,0.0,0.0,0.0,0.0,0.0,-1.0,0.0,0.0,2902.0,1.0,20.0,0.0,0.0,0.0,3.0,999.0,0.0,0.0,2.0
36.0,7.0,0.0,0.0,0.0,0.0,0.0,0.0,0.0,0.0,0.0,0.0,-1.0,0.0,0.0,2902.0,1.0,20.0,0.0,0.0,0.0,3.0,999.0,0.0,0.0,2.0
36.0,7.0,0.0,0.0,0.0,0.0,0.0,0.0,0.0,0.0,0.0,0.0,-1.0,0.0,0.0,2902.0,1.0,20.0,0.0,0.0,0.0,3.0,999.0,0.0,0.0,2.0
38.0,7.0,0.0,0.0,0.0,0.0,0.0,0.0,0.0,0.0,0.0,0.0,-1.0,0.0,0.0,2904.0,1.0,20.0,0.0,0.0,0.0,3.0,999.0,0.0,0.0,2.0
38.0,7.0,0.0,0.0,0.0,0.0,0.0,0.0,0.0,0.0,0.0,0.0,-1.0,0.0,0.0,2904.0,1.0,20.0,0.0,0.0,0.0,3.0,999.0,0.0,0.0,2.0
36.0,7.0,0.0,0.0,0.0,0.0,0.0,0.0,0.0,0.0,0.0,0.0,-1.0,0.0,0.0,2902.0,1.0,20.0,0.0,0.0,0.0,3.0,999.0,0.0,0.0,2.0
38.0,7.0,0.0,0.0,0.0,0.0,0.0,0.0,0.0,0.0,0.0,0.0,-1.0,0.0,0.0,2904.0,1.0,20.0,0.0,0.0,0.0,3.0,999.0,0.0,0.0,2.0
36.0,7.0,0.0,0.0,0.0,0.0,0.0,0.0,0.0,0.0,0.0,0.0,-1.0,0.0,0.0,2902.0,1.0,20.0,0.0,0.0,0.0,3.0,999.0,0.0,0.0,2.0
36.0,7.0,0.0,0.0,0.0,0.0,0.0,0.0,0.0,0.0,0.0,0.0,-1.0,0.0,0.0,2902.0,1.0,20.0,0.0,0.0,0.0,3.0,999.0,0.0,0.0,2.0
38.0,7.0,0.0,0.0,0.0,0.0,0.0,0.0,0.0,0.0,0.0,0.0,-1.0,0.0,0.0,2904.0,1.0,20.0,0.0,0.0,0.0,3.0,999.0,0.0,0.0,2.0
36.0,7.0,0.0,0.0,0.0,0.0,0.0,0.0,0.0,0.0,0.0,0.0,-1.0,0.0,0.0,2902.0,1.0,20.0,0.0,0.0,0.0,3.0,999.0,0.0,0.0,2.0
38.0,7.0,0.0,0.0,0.0,0.0,0.0,0.0,0.0,0.0,0.0,0.0,-1.0,0.0,0.0,2904.0,1.0,20.0,0.0,0.0,0.0,3.0,999.0,0.0,0.0,2.0
36.0,7.0,0.0,0.0,0.0,0.0,0.0,0.0,0.0,0.0,0.0,0.0,-1.0,0.0,0.0,2902.0,1.0,20.0,0.0,0.0,0.0,2.0,999.0,0.0,0.0,2.0
38.0,7.0,0.0,0.0,0.0,0.0,0.0,0.0,0.0,0.0,0.0,0.0,-1.0,0.0,0.0,2904.0,1.0,20.0,0.0,0.0,0.0,2.0,999.0,0.0,0.0,2.0
36.0,7.0,0.0,0.0,0.0,0.0,0.0,0.0,0.0,0.0,0.0,0.0,-1.0,0.0,0.0,2902.0,1.0,20.0,0.0,0.0,0.0,2.0,999.0,0.0,0.0,2.0
38.0,7.0,0.0,0.0,0.0,0.0,0.0,0.0,0.0,0.0,0.0,0.0,-1.0,0.0,0.0,2904.0,1.0,20.0,0.0,0.0,0.0,2.0,999.0,0.0,0.0,2.0
36.0,7.0,0.0,0.0,0.0,0.0,0.0,0.0,0.0,0.0,0.0,0.0,-1.0,0.0,0.0,2902.0,1.0,20.0,0.0,0.0,0.0,2.0,999.0,0.0,0.0,2.0
38.0,7.0,0.0,0.0,0.0,0.0,0.0,0.0,0.0,0.0,0.0,0.0,-1.0,0.0,0.0,2904.0,1.0,20.0,0.0,0.0,0.0,2.0,999.0,0.0,0.0,2.0
36.0,7.0,0.0,0.0,0.0,0.0,0.0,0.0,0.0,0.0,0.0,0.0,-1.0,0.0,0.0,2902.0,1.0,20.0,0.0,0.0,0.0,2.0,999.0,0.0,0.0,2.0
38.0,7.0,0.0,0.0,0.0,0.0,0.0,0.0,0.0,0.0,0.0,0.0,-1.0,0.0,0.0,2904.0,1.0,20.0,0.0,0.0,0.0,2.0,999.0,0.0,0.0,2.0
36.0,7.0,0.0,0.0,0.0,0.0,0.0,0.0,0.0,0.0,0.0,0.0,-1.0,0.0,0.0,2902.0,1.0,20.0,0.0,0.0,0.0,2.0,999.0,0.0,0.0,2.0
38.0,7.0,0.0,0.0,0.0,0.0,0.0,0.0,0.0,0.0,0.0,0.0,-1.0,0.0,0.0,2904.0,1.0,20.0,0.0,0.0,0.0,2.0,999.0,0.0,0.0,2.0
36.0,7.0,0.0,0.0,0.0,0.0,0.0,0.0,0.0,0.0,0.0,0.0,-1.0,0.0,0.0,2902.0,1.0,20.0,0.0,0.0,0.0,2.0,999.0,0.0,0.0,2.0
38.0,7.0,0.0,0.0,0.0,0.0,0.0,0.0,0.0,0.0,0.0,0.0,-1.0,0.0,0.0,2904.0,1.0,20.0,0.0,0.0,0.0,2.0,999.0,0.0,0.0,2.0
36.0,7.0,0.0,0.0,0.0,0.0,0.0,0.0,0.0,0.0,0.0,0.0,-1.0,0.0,0.0,2902.0,1.0,20.0,0.0,0.0,0.0,2.0,999.0,0.0,0.0,2.0
38.0,7.0,0.0,0.0,0.0,0.0,0.0,0.0,0.0,0.0,0.0,0.0,-1.0,0.0,0.0,2904.0,1.0,20.0,0.0,0.0,0.0,2.0,999.0,0.0,0.0,2.0
36.0,7.0,0.0,0.0,0.0,0.0,0.0,0.0,0.0,0.0,0.0,0.0,-1.0,0.0,0.0,2902.0,1.0,20.0,0.0,0.0,0.0,2.0,999.0,0.0,0.0,2.0
38.0,7.0,0.0,0.0,0.0,0.0,0.0,0.0,0.0,0.0,0.0,0.0,-1.0,0.0,0.0,2904.0,1.0,20.0,0.0,0.0,0.0,2.0,999.0,0.0,0.0,2.0
38.0,7.0,0.0,0.0,0.0,0.0,0.0,0.0,0.0,0.0,0.0,0.0,-1.0,0.0,0.0,2904.0,1.0,20.0,0.0,0.0,0.0,2.0,999.0,0.0,0.0,2.0
36.0,7.0,0.0,0.0,0.0,0.0,0.0,0.0,0.0,0.0,0.0,0.0,-1.0,0.0,0.0,2902.0,1.0,20.0,0.0,0.0,0.0,2.0,999.0,0.0,0.0,2.0
38.0,7.0,0.0,0.0,0.0,0.0,0.0,0.0,0.0,0.0,0.0,0.0,-1.0,0.0,0.0,2904.0,1.0,20.0,0.0,0.0,0.0,2.0,999.0,0.0,0.0,2.0
36.0,7.0,0.0,0.0,0.0,0.0,0.0,0.0,0.0,0.0,0.0,0.0,-1.0,0.0,0.0,2902.0,1.0,20.0,0.0,0.0,0.0,2.0,999.0,0.0,0.0,2.0
38.0,7.0,0.0,0.0,0.0,0.0,0.0,0.0,0.0,0.0,0.0,0.0,-1.0,0.0,0.0,2904.0,1.0,20.0,0.0,0.0,0.0,2.0,999.0,0.0,0.0,2.0
38.0,7.0,0.0,0.0,0.0,0.0,0.0,0.0,0.0,0.0,0.0,0.0,-1.0,0.0,0.0,2904.0,1.0,20.0,0.0,0.0,0.0,2.0,999.0,0.0,0.0,2.0
26.0,3.0,0.0,0.0,0.0,0.0,1.0,1.0,0.0,0.0,0.0,0.0,6.0,0.0,0.0,5501.0,1.0,0.0,0.0,0.0,0.0,1.0,999.0,0.0,0.0,2.0
36.0,7.0,0.0,0.0,0.0,0.0,0.0,0.0,0.0,0.0,0.0,0.0,-1.0,0.0,0.0,2902.0,1.0,0.0,0.0,0.0,0.0,0.0,999.0,0.0,0.0,2.0
26.0,3.0,0.0,0.0,0.0,0.0,1.0,1.0,0.0,0.0,0.0,0.0,6.0,0.0,0.0,5501.0,1.0,2.0,0.0,0.0,0.0,2.0,999.0,0.0,0.0,2.0
26.0,3.0,0.0,0.0,0.0,0.0,1.0,0.0,0.0,0.0,0.0,0.0,-1.0,0.0,0.0,5502.0,1.0,3.0,0.0,0.0,0.0,3.0,999.0,0.0,0.0,2.0
26.0,3.0,0.0,0.0,0.0,0.0,1.0,0.0,0.0,0.0,0.0,0.0,-1.0,0.0,0.0,5502.0,1.0,5.0,0.0,0.0,0.0,4.0,999.0,0.0,0.0,2.0
26.0,3.0,0.0,0.0,0.0,0.0,1.0,1.0,0.0,0.0,0.0,0.0,6.0,0.0,0.0,5501.0,1.0,7.0,0.0,0.0,0.0,4.0,999.0,0.0,0.0,2.0
26.0,3.0,0.0,0.0,0.0,0.0,1.0,0.0,0.0,0.0,0.0,0.0,-1.0,0.0,0.0,5502.0,1.0,8.0,0.0,0.0,0.0,4.0,999.0,0.0,0.0,2.0
26.0,3.0,0.0,0.0,0.0,0.0,1.0,1.0,0.0,0.0,0.0,0.0,6.0,0.0,0.0,5501.0,1.0,10.0,0.0,0.0,0.0,4.0,999.0,0.0,0.0,2.0
26.0,3.0,0.0,0.0,0.0,0.0,1.0,0.0,0.0,0.0,0.0,0.0,-1.0,0.0,0.0,5502.0,1.0,11.0,0.0,0.0,0.0,4.0,999.0,0.0,0.0,2.0
26.0,3.0,0.0,0.0,0.0,0.0,1.0,1.0,0.0,0.0,0.0,0.0,6.0,0.0,0.0,5501.0,1.0,12.0,0.0,0.0,0.0,4.0,999.0,0.0,0.0,2.0
26.0,3.0,0.0,0.0,0.0,0.0,1.0,0.0,0.0,0.0,0.0,0.0,-1.0,0.0,0.0,5502.0,1.0,13.0,0.0,0.0,0.0,4.0,999.0,0.0,0.0,2.0
26.0,3.0,0.0,0.0,0.0,0.0,1.0,1.0,0.0,0.0,0.0,0.0,6.0,0.0,0.0,5501.0,1.0,14.0,0.0,0.0,0.0,4.0,999.0,0.0,0.0,2.0
26.0,3.0,0.0,0.0,0.0,0.0,1.0,0.0,0.0,0.0,0.0,0.0,-1.0,0.0,0.0,5502.0,1.0,16.0,0.0,0.0,0.0,4.0,999.0,0.0,0.0,2.0
26.0,3.0,0.0,0.0,0.0,0.0,1.0,1.0,0.0,0.0,0.0,0.0,6.0,0.0,0.0,5501.0,1.0,18.0,0.0,0.0,0.0,4.0,999.0,0.0,0.0,2.0
26.0,3.0,0.0,0.0,0.0,0.0,1.0,0.0,0.0,0.0,0.0,0.0,-1.0,0.0,0.0,5502.0,1.0,19.0,0.0,0.0,0.0,4.0,999.0,0.0,0.0,2.0
26.0,3.0,0.0,0.0,0.0,0.0,1.0,1.0,0.0,0.0,0.0,0.0,6.0,0.0,0.0,5501.0,1.0,20.0,0.0,0.0,0.0,3.0,999.0,0.0,0.0,2.0
26.0,5.0,0.0,0.0,0.0,0.0,0.0,0.0,0.0,0.0,0.0,0.0,-1.0,0.0,1.0,31101.0,1.0,5.0,0.0,0.0,0.0,3.0,999.0,0.0,0.0,2.0
26.0,5.0,0.0,0.0,0.0,0.0,0.0,0.0,0.0,0.0,0.0,0.0,-1.0,0.0,1.0,31101.0,1.0,6.0,0.0,1.0,0.0,4.0,999.0,0.0,0.0,2.0
26.0,5.0,0.0,0.0,0.0,0.0,0.0,0.0,0.0,0.0,0.0,0.0,-1.0,0.0,1.0,31101.0,1.0,7.0,0.0,1.0,0.0,4.0,999.0,0.0,0.0,2.0
26.0,5.0,0.0,0.0,0.0,0.0,0.0,0.0,0.0,0.0,0.0,0.0,-1.0,0.0,1.0,31101.0,1.0,8.0,0.0,1.0,0.0,4.0,999.0,0.0,0.0,2.0
26.0,5.0,0.0,0.0,0.0,0.0,0.0,0.0,0.0,0.0,0.0,0.0,-1.0,0.0,1.0,31101.0,1.0,9.0,0.0,1.0,0.0,4.0,999.0,0.0,0.0,2.0
26.0,5.0,0.0,0.0,0.0,0.0,0.0,0.0,0.0,0.0,0.0,0.0,-1.0,0.0,1.0,31101.0,1.0,10.0,0.0,1.0,0.0,4.0,999.0,0.0,0.0,2.0
26.0,5.0,0.0,0.0,0.0,0.0,0.0,0.0,0.0,0.0,0.0,0.0,-1.0,0.0,1.0,31101.0,1.0,11.0,0.0,1.0,0.0,4.0,999.0,0.0,0.0,2.0
26.0,5.0,0.0,0.0,0.0,0.0,0.0,0.0,0.0,0.0,0.0,0.0,-1.0,0.0,1.0,31101.0,1.0,12.0,0.0,1.0,0.0,4.0,999.0,0.0,0.0,2.0
26.0,5.0,0.0,0.0,0.0,0.0,0.0,0.0,0.0,0.0,0.0,0.0,-1.0,0.0,1.0,31101.0,1.0,13.0,0.0,1.0,0.0,4.0,999.0,0.0,0.0,2.0
26.0,5.0,0.0,0.0,0.0,0.0,0.0,0.0,0.0,0.0,0.0,0.0,-1.0,0.0,1.0,31101.0,1.0,14.0,0.0,1.0,0.0,4.0,999.0,0.0,0.0,2.0
26.0,5.0,0.0,0.0,0.0,0.0,0.0,0.0,0.0,0.0,0.0,0.0,-1.0,0.0,1.0,31101.0,1.0,15.0,0.0,1.0,0.0,4.0,999.0,0.0,0.0,2.0
26.0,5.0,0.0,0.0,0.0,0.0,0.0,0.0,0.0,0.0,0.0,0.0,-1.0,0.0,1.0,31101.0,1.0,16.0,0.0,1.0,0.0,4.0,999.0,0.0,0.0,2.0
56.0,10.0,0.0,0.0,0.0,0.0,0.0,0.0,0.0,0.0,0.0,0.0,0.0,0.0,1.0,31151.0,1.0,17.0,0.0,1.0,0.0,4.0,999.0,0.0,0.0,0.0
26.0,5.0,0.0,0.0,0.0,0.0,0.0,0.0,0.0,0.0,0.0,0.0,-1.0,0.0,1.0,31101.0,1.0,18.0,0.0,1.0,0.05,5.0,0.050975,0.0,0.0,2.0
26.0,5.0,0.0,0.0,0.0,0.0,0.0,0.0,0.0,0.0,0.0,0.0,-1.0,0.0,1.0,31101.0,1.0,19.0,0.0,1.0,0.05,5.0,0.052974,0.0,0.0,2.0
26.0,5.0,0.0,0.0,0.0,0.0,0.0,0.0,0.0,0.0,0.0,0.0,-1.0,0.0,1.0,31101.0,1.0,20.0,0.0,1.0,0.05,5.0,0.052974,0.0,0.0,2.0
26.0,5.0,0.0,0.0,0.0,0.0,0.0,0.0,0.0,0.0,0.0,0.0,-1.0,0.0,1.0,31101.0,1.0,20.0,0.0,1.0,0.05,5.0,0.052974,0.0,0.0,2.0
26.0,5.0,0.0,0.0,0.0,0.0,0.0,0.0,0.0,0.0,0.0,0.0,-1.0,0.0,1.0,31101.0,1.0,20.0,0.0,1.0,0.05,5.0,0.052974,0.0,0.0,2.0
26.0,5.0,0.0,0.0,0.0,0.0,0.0,0.0,0.0,0.0,0.0,0.0,-1.0,0.0,1.0,31101.0,1.0,20.0,0.0,1.0,0.05,4.0,0.052974,0.0,0.0,2.0
26.0,5.0,0.0,0.0,0.0,0.0,0.0,0.0,0.0,0.0,0.0,0.0,-1.0,0.0,1.0,31101.0,1.0,20.0,0.0,1.0,0.05,3.0,0.052974,0.0,0.0,2.0
26.0,5.0,0.0,0.0,0.0,0.0,0.0,0.0,0.0,0.0,0.0,0.0,-1.0,0.0,1.0,31101.0,1.0,20.0,0.0,1.0,0.05,2.0,0.052974,0.0,0.0,2.0
26.0,5.0,0.0,0.0,0.0,0.0,0.0,0.0,0.0,0.0,0.0,0.0,-1.0,0.0,1.0,31101.0,1.0,20.0,0.0,1.0,0.05,2.0,0.052974,0.0,0.0,2.0
26.0,5.0,0.0,0.0,0.0,0.0,0.0,0.0,0.0,0.0,0.0,0.0,-1.0,0.0,1.0,31101.0,1.0,20.0,0.0,1.0,0.05,2.0,0.052974,0.0,0.0,2.0
26.0,5.0,0.0,0.0,0.0,0.0,0.0,0.0,0.0,0.0,0.0,0.0,-1.0,0.0,1.0,31101.0,1.0,20.0,0.0,1.0,0.05,2.0,0.052974,0.0,0.0,2.0
26.0,5.0,0.0,0.0,0.0,0.0,0.0,0.0,0.0,0.0,0.0,0.0,-1.0,0.0,1.0,31101.0,1.0,20.0,0.0,1.0,0.05,2.0,0.052974,0.0,0.0,2.0
56.0,10.0,0.0,0.0,0.0,0.0,0.0,0.0,0.0,0.0,0.0,0.0,0.0,0.0,1.0,31151.0,1.0,20.0,0.0,1.0,0.05,2.0,0.052974,0.0,0.0,0.0
26.0,5.0,0.0,0.0,0.0,0.0,0.0,0.0,0.0,0.0,0.0,0.0,-1.0,0.0,1.0,31101.0,1.0,20.0,0.0,1.0,0.1,2.0,0.053973,0.0,0.0,2.0
26.0,5.0,0.0,0.0,0.0,0.0,0.0,0.0,0.0,0.0,0.0,0.0,-1.0,0.0,1.0,31101.0,1.0,20.0,0.0,1.0,0.1,2.0,0.054972,0.0,0.0,2.0
26.0,5.0,0.0,0.0,0.0,0.0,0.0,0.0,0.0,0.0,0.0,0.0,-1.0,0.0,1.0,31101.0,1.0,20.0,0.0,1.0,0.1,2.0,0.054972,0.0,0.0,2.0
26.0,5.0,0.0,0.0,0.0,0.0,0.0,0.0,0.0,0.0,0.0,0.0,-1.0,0.0,1.0,31101.0,1.0,20.0,0.0,1.0,0.1,2.0,0.054972,0.0,0.0,2.0
26.0,5.0,0.0,0.0,0.0,0.0,0.0,0.0,0.0,0.0,0.0,0.0,-1.0,0.0,1.0,31101.0,1.0,20.0,0.0,1.0,0.1,2.0,0.054972,0.0,0.0,2.0
26.0,5.0,0.0,0.0,0.0,0.0,0.0,0.0,0.0,0.0,0.0,0.0,-1.0,0.0,1.0,31101.0,1.0,20.0,0.0,1.0,0.1,2.0,0.054972,0.0,0.0,2.0
26.0,5.0,0.0,0.0,0.0,0.0,0.0,0.0,0.0,0.0,0.0,0.0,-1.0,0.0,1.0,31101.0,1.0,20.0,0.0,1.0,0.1,2.0,0.054972,0.0,0.0,2.0
26.0,5.0,0.0,0.0,0.0,0.0,0.0,0.0,0.0,0.0,0.0,0.0,-1.0,0.0,1.0,31101.0,1.0,20.0,0.0,1.0,0.05,2.0,0.054972,0.0,0.0,2.0
26.0,5.0,0.0,0.0,0.0,0.0,0.0,0.0,0.0,0.0,0.0,0.0,-1.0,0.0,1.0,31101.0,1.0,20.0,0.0,1.0,0.05,2.0,0.057971,0.0,0.0,2.0
26.0,5.0,0.0,0.0,0.0,0.0,0.0,0.0,0.0,0.0,0.0,0.0,-1.0,0.0,1.0,31101.0,1.0,20.0,0.0,1.0,0.05,2.0,0.05897,0.0,0.0,2.0
26.0,5.0,0.0,0.0,0.0,0.0,0.0,0.0,0.0,0.0,0.0,0.0,-1.0,0.0,1.0,31101.0,1.0,20.0,0.0,1.0,0.05,2.0,0.109945,0.0,0.0,2.0
56.0,10.0,0.0,0.0,0.0,0.0,0.0,0.0,0.0,0.0,0.0,0.0,0.0,0.0,1.0,31151.0,1.0,20.0,0.0,1.0,0.05,2.0,0.109945,0.0,0.0,0.0
26.0,5.0,0.0,0.0,0.0,0.0,0.0,0.0,0.0,0.0,0.0,0.0,-1.0,0.0,1.0,31101.0,1.0,20.0,0.0,1.0,0.1,2.0,0.0,0.0,0.0,2.0
26.0,5.0,0.0,0.0,0.0,0.0,0.0,0.0,0.0,0.0,0.0,0.0,-1.0,0.0,1.0,31101.0,1.0,20.0,0.0,1.0,0.1,2.0,0.192903,0.0,0.0,2.0
26.0,5.0,0.0,0.0,0.0,0.0,0.0,0.0,0.0,0.0,0.0,0.0,-1.0,0.0,1.0,31101.0,1.0,20.0,0.0,1.0,0.1,2.0,0.192903,0.0,0.0,2.0
26.0,5.0,0.0,0.0,0.0,0.0,0.0,0.0,0.0,0.0,0.0,0.0,-1.0,0.0,1.0,31101.0,1.0,20.0,0.0,1.0,0.1,2.0,0.195902,0.0,0.0,2.0
26.0,5.0,0.0,0.0,0.0,0.0,0.0,0.0,0.0,0.0,0.0,0.0,-1.0,0.0,1.0,31101.0,1.0,20.0,0.0,1.0,0.1,2.0,0.195902,0.0,0.0,2.0
26.0,5.0,0.0,0.0,0.0,0.0,0.0,0.0,0.0,0.0,0.0,0.0,-1.0,0.0,1.0,31101.0,1.0,20.0,0.0,1.0,0.1,2.0,0.195902,0.0,0.0,2.0
26.0,5.0,0.0,0.0,0.0,0.0,0.0,0.0,0.0,0.0,0.0,0.0,-1.0,0.0,1.0,31101.0,1.0,20.0,0.0,1.0,0.1,2.0,0.195902,0.0,0.0,2.0
26.0,5.0,0.0,0.0,0.0,0.0,0.0,0.0,0.0,0.0,0.0,0.0,-1.0,0.0,1.0,31101.0,1.0,20.0,0.0,1.0,0.1,2.0,0.195902,0.0,0.0,2.0
26.0,5.0,0.0,0.0,0.0,0.0,0.0,0.0,0.0,0.0,0.0,0.0,-1.0,0.0,1.0,31101.0,1.0,20.0,0.0,1.0,0.05,2.0,0.1989,0.0,0.0,2.0
26.0,5.0,0.0,0.0,0.0,0.0,0.0,0.0,0.0,0.0,0.0,0.0,-1.0,0.0,1.0,31101.0,1.0,20.0,0.0,1.0,0.05,2.0,0.1989,0.0,0.0,2.0
26.0,5.0,0.0,0.0,0.0,0.0,0.0,0.0,0.0,0.0,0.0,0.0,-1.0,0.0,1.0,31101.0,1.0,20.0,0.0,1.0,0.05,2.0,0.200899,0.0,0.0,2.0
26.0,5.0,0.0,0.0,0.0,0.0,0.0,0.0,0.0,0.0,0.0,0.0,-1.0,0.0,1.0,31101.0,1.0,20.0,0.0,1.0,0.05,2.0,0.201899,0.0,0.0,2.0
56.0,10.0,0.0,0.0,0.0,0.0,0.0,0.0,0.0,0.0,0.0,0.0,0.0,0.0,1.0,31151.0,1.0,20.0,0.0,1.0,0.05,2.0,0.204897,0.0,0.0,0.0
26.0,5.0,0.0,0.0,0.0,0.0,0.0,0.0,0.0,0.0,0.0,0.0,-1.0,0.0,1.0,31101.0,1.0,20.0,0.0,1.0,0.1,2.0,0.001,0.0,0.0,2.0
26.0,5.0,0.0,0.0,0.0,0.0,0.0,0.0,0.0,0.0,0.0,0.0,-1.0,0.0,1.0,31101.0,1.0,20.0,0.0,1.0,0.1,2.0,0.002999,0.0,0.0,2.0
26.0,5.0,0.0,0.0,0.0,0.0,0.0,0.0,0.0,0.0,0.0,0.0,-1.0,0.0,1.0,31101.0,1.0,20.0,0.0,1.0,0.1,2.0,0.003998,0.0,0.0,2.0
26.0,5.0,0.0,0.0,0.0,0.0,0.0,0.0,0.0,0.0,0.0,0.0,-1.0,0.0,1.0,31101.0,1.0,20.0,0.0,1.0,0.1,2.0,0.004998,0.0,0.0,2.0
26.0,5.0,0.0,0.0,0.0,0.0,0.0,0.0,0.0,0.0,0.0,0.0,-1.0,0.0,1.0,31101.0,1.0,20.0,0.0,1.0,0.1,2.0,0.005997,0.0,0.0,2.0
26.0,5.0,0.0,0.0,0.0,0.0,0.0,0.0,0.0,0.0,0.0,0.0,-1.0,0.0,1.0,31101.0,1.0,20.0,0.0,1.0,0.1,2.0,0.006997,0.0,0.0,2.0
26.0,5.0,0.0,0.0,0.0,0.0,0.0,0.0,0.0,0.0,0.0,0.0,-1.0,0.0,1.0,31101.0,1.0,20.0,0.0,1.0,0.1,2.0,0.006997,0.0,0.0,2.0
26.0,5.0,0.0,0.0,0.0,0.0,0.0,0.0,0.0,0.0,0.0,0.0,-1.0,0.0,1.0,31101.0,1.0,20.0,0.0,1.0,0.05,2.0,0.007996,0.0,0.0,2.0
26.0,5.0,0.0,0.0,0.0,0.0,0.0,0.0,0.0,0.0,0.0,0.0,-1.0,0.0,1.0,31101.0,1.0,20.0,0.0,1.0,0.05,2.0,0.061969,0.0,0.0,2.0
26.0,5.0,0.0,0.0,0.0,0.0,0.0,0.0,0.0,0.0,0.0,0.0,-1.0,0.0,1.0,31101.0,1.0,20.0,0.0,1.0,0.05,2.0,0.061969,0.0,0.0,2.0
26.0,5.0,0.0,0.0,0.0,0.0,0.0,0.0,0.0,0.0,0.0,0.0,-1.0,0.0,1.0,31101.0,1.0,20.0,0.0,1.0,0.05,2.0,0.061969,0.0,0.0,2.0
26.0,5.0,0.0,0.0,0.0,0.0,0.0,0.0,1.0,0.0,0.0,0.0,-1.0,0.0,1.0,31101.0,1.0,20.0,0.0,1.0,0.05,2.0,0.061969,0.0,0.0,2.0
56.0,10.0,0.0,0.0,0.0,0.0,0.0,0.0,0.0,0.0,0.0,0.0,0.0,0.0,1.0,31151.0,1.0,20.0,0.0,1.0,0.05,2.0,0.061969,0.0,0.0,0.0
26.0,5.0,0.0,0.0,0.0,0.0,0.0,0.0,0.0,0.0,0.0,0.0,-1.0,0.0,1.0,31101.0,1.0,20.0,0.0,1.0,0.1,2.0,0.0,0.0,0.0,2.0
26.0,5.0,0.0,0.0,0.0,0.0,0.0,0.0,0.0,0.0,0.0,0.0,-1.0,0.0,1.0,31101.0,1.0,20.0,0.0,1.0,0.1,2.0,0.0,0.0,0.0,2.0
26.0,5.0,0.0,0.0,0.0,0.0,0.0,0.0,0.0,0.0,0.0,0.0,-1.0,0.0,1.0,31101.0,1.0,20.0,0.0,1.0,0.1,2.0,0.0,0.0,0.0,2.0
26.0,5.0,0.0,0.0,0.0,0.0,0.0,0.0,0.0,0.0,0.0,0.0,-1.0,0.0,1.0,31101.0,1.0,20.0,0.0,1.0,0.1,2.0,0.0,0.0,0.0,2.0
26.0,5.0,0.0,0.0,0.0,0.0,0.0,0.0,0.0,0.0,0.0,0.0,-1.0,0.0,1.0,31101.0,1.0,20.0,0.0,1.0,0.1,2.0,0.0,0.0,0.0,2.0
26.0,5.0,0.0,0.0,0.0,0.0,0.0,0.0,0.0,0.0,0.0,0.0,-1.0,0.0,1.0,31101.0,1.0,20.0,0.0,1.0,0.1,2.0,0.0,0.0,0.0,2.0
26.0,5.0,0.0,0.0,0.0,0.0,0.0,0.0,0.0,0.0,0.0,0.0,-1.0,0.0,1.0,31101.0,1.0,20.0,0.0,1.0,0.1,2.0,0.0,0.0,0.0,2.0
26.0,5.0,0.0,0.0,0.0,0.0,0.0,0.0,0.0,0.0,0.0,0.0,-1.0,0.0,1.0,31101.0,1.0,20.0,0.0,1.0,0.05,2.0,0.0,0.0,0.0,2.0
26.0,5.0,0.0,0.0,0.0,0.0,0.0,0.0,0.0,0.0,0.0,0.0,-1.0,0.0,1.0,31101.0,1.0,20.0,0.0,1.0,0.05,2.0,0.0,0.0,0.0,2.0
26.0,5.0,0.0,0.0,0.0,0.0,0.0,0.0,0.0,0.0,0.0,0.0,-1.0,0.0,1.0,31101.0,1.0,20.0,0.0,1.0,0.05,2.0,0.0,0.0,0.0,2.0
26.0,5.0,0.0,0.0,0.0,0.0,0.0,0.0,0.0,0.0,0.0,0.0,-1.0,0.0,1.0,31101.0,1.0,20.0,0.0,1.0,0.05,2.0,0.0,0.0,0.0,2.0
26.0,5.0,0.0,0.0,0.0,0.0,0.0,0.0,0.0,0.0,0.0,0.0,-1.0,0.0,1.0,31101.0,1.0,20.0,0.0,1.0,0.05,2.0,0.0,0.0,0.0,2.0
26.0,5.0,0.0,0.0,0.0,0.0,0.0,0.0,0.0,0.0,0.0,0.0,-1.0,0.0,1.0,31101.0,1.0,20.0,0.0,1.0,0.05,2.0,0.0,0.0,0.0,2.0
26.0,5.0,0.0,0.0,0.0,0.0,0.0,0.0,0.0,0.0,0.0,0.0,-1.0,0.0,1.0,31101.0,1.0,20.0,0.0,1.0,0.05,2.0,0.053973,0.0,0.0,2.0
26.0,5.0,0.0,0.0,0.0,0.0,0.0,0.0,0.0,0.0,0.0,0.0,-1.0,0.0,1.0,31101.0,1.0,20.0,0.0,1.0,0.05,2.0,0.053973,0.0,0.0,2.0
26.0,5.0,0.0,0.0,0.0,0.0,0.0,0.0,0.0,0.0,0.0,0.0,-1.0,0.0,1.0,31101.0,1.0,20.0,0.0,1.0,0.05,2.0,0.053973,0.0,0.0,2.0
26.0,5.0,0.0,0.0,0.0,0.0,0.0,0.0,0.0,0.0,0.0,0.0,-1.0,0.0,1.0,31101.0,1.0,20.0,0.0,1.0,0.05,2.0,0.105947,0.0,0.0,2.0
26.0,5.0,0.0,0.0,0.0,0.0,0.0,0.0,0.0,0.0,0.0,0.0,-1.0,0.0,1.0,31101.0,1.0,20.0,0.0,1.0,0.05,2.0,0.105947,0.0,0.0,2.0
26.0,5.0,0.0,0.0,0.0,0.0,0.0,0.0,0.0,0.0,0.0,0.0,-1.0,0.0,1.0,31101.0,1.0,20.0,0.0,1.0,0.05,2.0,0.105947,0.0,0.0,2.0
26.0,5.0,0.0,0.0,0.0,0.0,0.0,0.0,0.0,0.0,0.0,0.0,-1.0,0.0,1.0,31101.0,1.0,20.0,0.0,1.0,0.05,2.0,0.105947,0.0,0.0,2.0
26.0,5.0,0.0,0.0,0.0,0.0,0.0,0.0,0.0,0.0,0.0,0.0,-1.0,0.0,1.0,31101.0,1.0,20.0,0.0,1.0,0.0,1.0,999.0,0.0,0.0,2.0
26.0,5.0,0.0,0.0,0.0,0.0,0.0,0.0,0.0,0.0,0.0,0.0,-1.0,0.0,1.0,31101.0,1.0,20.0,0.0,1.0,0.0,1.0,999.0,0.0,0.0,2.0
26.0,5.0,0.0,0.0,0.0,0.0,0.0,0.0,0.0,0.0,0.0,0.0,-1.0,0.0,1.0,31101.0,1.0,20.0,0.0,1.0,0.0,1.0,999.0,0.0,0.0,2.0
26.0,5.0,0.0,0.0,0.0,0.0,0.0,0.0,0.0,0.0,0.0,0.0,-1.0,0.0,1.0,31101.0,1.0,20.0,0.0,1.0,0.0,1.0,999.0,0.0,0.0,2.0
26.0,5.0,0.0,0.0,0.0,0.0,0.0,0.0,0.0,0.0,0.0,0.0,-1.0,0.0,1.0,31101.0,1.0,20.0,0.0,1.0,0.0,1.0,999.0,0.0,0.0,2.0
56.0,10.0,0.0,0.0,0.0,0.0,0.0,0.0,0.0,0.0,0.0,0.0,0.0,0.0,1.0,31151.0,1.0,20.0,0.0,1.0,0.0,1.0,999.0,0.0,0.0,0.0
26.0,5.0,0.0,0.0,0.0,0.0,0.0,0.0,0.0,0.0,0.0,0.0,-1.0,0.0,1.0,31101.0,1.0,20.0,0.0,1.0,0.05,2.0,0.0,0.0,0.0,2.0
26.0,5.0,0.0,0.0,0.0,0.0,0.0,0.0,0.0,0.0,0.0,0.0,-1.0,0.0,1.0,31101.0,1.0,20.0,0.0,1.0,0.05,2.0,0.0,0.0,0.0,2.0
26.0,5.0,0.0,0.0,0.0,0.0,0.0,0.0,0.0,0.0,0.0,0.0,-1.0,0.0,1.0,31101.0,1.0,20.0,0.0,1.0,0.05,2.0,0.0,0.0,0.0,2.0
26.0,5.0,0.0,0.0,0.0,0.0,0.0,0.0,0.0,0.0,0.0,0.0,-1.0,0.0,1.0,31101.0,1.0,20.0,0.0,1.0,0.05,2.0,0.0,0.0,0.0,2.0
26.0,5.0,0.0,0.0,0.0,0.0,0.0,0.0,0.0,0.0,0.0,0.0,-1.0,0.0,1.0,31101.0,1.0,20.0,0.0,1.0,0.05,2.0,0.055972,0.0,0.0,2.0
26.0,5.0,0.0,0.0,0.0,0.0,0.0,0.0,0.0,0.0,0.0,0.0,-1.0,0.0,1.0,31101.0,1.0,20.0,0.0,1.0,0.05,2.0,0.055972,0.0,0.0,2.0
26.0,5.0,0.0,0.0,0.0,0.0,0.0,0.0,0.0,0.0,0.0,0.0,-1.0,0.0,1.0,31101.0,1.0,20.0,0.0,1.0,0.05,2.0,0.057971,0.0,0.0,2.0
26.0,5.0,0.0,0.0,0.0,0.0,0.0,0.0,0.0,0.0,0.0,0.0,-1.0,0.0,1.0,31101.0,1.0,20.0,0.0,1.0,0.05,2.0,0.057971,0.0,0.0,2.0
26.0,5.0,0.0,0.0,0.0,0.0,0.0,0.0,0.0,0.0,0.0,0.0,-1.0,0.0,1.0,31101.0,1.0,20.0,0.0,1.0,0.05,2.0,0.057971,0.0,0.0,2.0
26.0,5.0,0.0,0.0,0.0,0.0,0.0,0.0,0.0,0.0,0.0,0.0,-1.0,0.0,1.0,31101.0,1.0,20.0,0.0,1.0,0.05,2.0,0.057971,0.0,0.0,2.0
26.0,5.0,0.0,0.0,0.0,0.0,0.0,0.0,0.0,0.0,0.0,0.0,-1.0,0.0,1.0,31101.0,1.0,20.0,0.0,1.0,0.05,2.0,0.057971,0.0,0.0,2.0
26.0,5.0,0.0,0.0,0.0,0.0,0.0,0.0,0.0,0.0,0.0,0.0,-1.0,0.0,1.0,31101.0,1.0,20.0,0.0,1.0,0.05,2.0,0.057971,0.0,0.0,2.0
26.0,5.0,0.0,0.0,0.0,0.0,0.0,0.0,0.0,0.0,0.0,0.0,-1.0,0.0,1.0,31101.0,1.0,20.0,0.0,1.0,0.05,2.0,0.108946,0.0,0.0,2.0
26.0,5.0,0.0,0.0,0.0,0.0,0.0,0.0,0.0,0.0,0.0,0.0,-1.0,0.0,1.0,31101.0,1.0,20.0,0.0,1.0,0.05,2.0,0.108946,0.0,0.0,2.0
26.0,5.0,0.0,0.0,0.0,0.0,0.0,0.0,0.0,0.0,0.0,0.0,-1.0,0.0,1.0,31101.0,1.0,20.0,0.0,1.0,0.05,2.0,0.108946,0.0,0.0,2.0
26.0,5.0,0.0,0.0,0.0,0.0,0.0,0.0,0.0,0.0,0.0,0.0,-1.0,0.0,1.0,31101.0,1.0,20.0,0.0,1.0,0.05,2.0,0.108946,0.0,0.0,2.0
26.0,5.0,0.0,0.0,0.0,0.0,0.0,0.0,0.0,0.0,0.0,0.0,-1.0,0.0,1.0,31101.0,1.0,20.0,0.0,1.0,0.05,2.0,0.108946,0.0,0.0,2.0
26.0,5.0,0.0,0.0,0.0,0.0,0.0,0.0,0.0,0.0,0.0,0.0,-1.0,0.0,1.0,31101.0,1.0,20.0,0.0,1.0,0.05,2.0,0.108946,0.0,0.0,2.0
26.0,5.0,0.0,0.0,0.0,0.0,0.0,0.0,0.0,0.0,0.0,0.0,-1.0,0.0,1.0,31101.0,1.0,20.0,0.0,1.0,0.05,2.0,0.108946,0.0,0.0,2.0
26.0,5.0,0.0,0.0,0.0,0.0,0.0,0.0,0.0,0.0,0.0,0.0,-1.0,0.0,1.0,31101.0,1.0,20.0,0.0,1.0,0.05,2.0,0.108946,0.0,0.0,2.0
26.0,5.0,0.0,0.0,0.0,0.0,0.0,0.0,0.0,0.0,0.0,0.0,-1.0,0.0,1.0,31101.0,1.0,20.0,0.0,1.0,0.0,1.0,999.0,0.0,0.0,2.0
26.0,5.0,0.0,0.0,0.0,0.0,0.0,0.0,0.0,0.0,0.0,0.0,-1.0,0.0,1.0,31101.0,1.0,20.0,0.0,1.0,0.0,1.0,999.0,0.0,0.0,2.0
26.0,5.0,0.0,0.0,0.0,0.0,0.0,0.0,0.0,0.0,0.0,0.0,-1.0,0.0,1.0,31101.0,1.0,20.0,0.0,1.0,0.0,1.0,999.0,0.0,0.0,2.0
26.0,5.0,0.0,0.0,0.0,0.0,0.0,0.0,0.0,0.0,0.0,0.0,-1.0,0.0,1.0,31101.0,1.0,20.0,0.0,1.0,0.0,1.0,999.0,0.0,0.0,2.0
26.0,5.0,0.0,0.0,0.0,0.0,0.0,0.0,0.0,0.0,0.0,0.0,-1.0,0.0,1.0,31101.0,1.0,20.0,0.0,1.0,0.0,1.0,999.0,0.0,0.0,2.0
56.0,10.0,0.0,0.0,0.0,0.0,0.0,0.0,0.0,0.0,0.0,0.0,0.0,0.0,1.0,31151.0,1.0,20.0,0.0,1.0,0.0,1.0,999.0,0.0,0.0,0.0
26.0,5.0,0.0,0.0,0.0,0.0,0.0,0.0,0.0,0.0,0.0,0.0,-1.0,0.0,1.0,31101.0,1.0,20.0,0.0,1.0,0.05,2.0,0.0,0.0,0.0,2.0
26.0,5.0,0.0,0.0,0.0,0.0,0.0,0.0,0.0,0.0,0.0,0.0,-1.0,0.0,1.0,31101.0,1.0,20.0,0.0,1.0,0.05,2.0,0.0,0.0,0.0,2.0
26.0,5.0,0.0,0.0,0.0,0.0,0.0,0.0,0.0,0.0,0.0,0.0,-1.0,0.0,1.0,31101.0,1.0,20.0,0.0,1.0,0.05,2.0,0.0,0.0,0.0,2.0
26.0,5.0,0.0,0.0,0.0,0.0,0.0,0.0,0.0,0.0,0.0,0.0,-1.0,0.0,1.0,31101.0,1.0,20.0,0.0,1.0,0.05,2.0,0.0,0.0,0.0,2.0
26.0,5.0,0.0,0.0,0.0,0.0,0.0,0.0,0.0,0.0,0.0,0.0,-1.0,0.0,1.0,31101.0,1.0,20.0,0.0,1.0,0.05,2.0,0.052973,0.0,0.0,2.0
26.0,5.0,0.0,0.0,0.0,0.0,0.0,0.0,0.0,0.0,0.0,0.0,-1.0,0.0,1.0,31101.0,1.0,20.0,0.0,1.0,0.05,2.0,0.052973,0.0,0.0,2.0
26.0,5.0,0.0,0.0,0.0,0.0,0.0,0.0,0.0,0.0,0.0,0.0,-1.0,0.0,1.0,31101.0,1.0,20.0,0.0,1.0,0.05,2.0,0.052973,0.0,0.0,2.0
26.0,5.0,0.0,0.0,0.0,0.0,0.0,0.0,0.0,0.0,0.0,0.0,-1.0,0.0,1.0,31101.0,1.0,20.0,0.0,1.0,0.05,2.0,0.052973,0.0,0.0,2.0
26.0,5.0,0.0,0.0,0.0,0.0,0.0,0.0,0.0,0.0,0.0,0.0,-1.0,0.0,1.0,31101.0,1.0,20.0,0.0,1.0,0.05,2.0,0.052973,0.0,0.0,2.0
26.0,5.0,0.0,0.0,0.0,0.0,0.0,0.0,0.0,0.0,0.0,0.0,-1.0,0.0,1.0,31101.0,1.0,20.0,0.0,1.0,0.05,2.0,0.052973,0.0,0.0,2.0
26.0,5.0,0.0,0.0,0.0,0.0,0.0,0.0,0.0,0.0,0.0,0.0,-1.0,0.0,1.0,31101.0,1.0,20.0,0.0,1.0,0.05,2.0,0.052973,0.0,0.0,2.0
26.0,5.0,0.0,0.0,0.0,0.0,0.0,0.0,0.0,0.0,0.0,0.0,-1.0,0.0,1.0,31101.0,1.0,20.0,0.0,1.0,0.05,2.0,0.052973,0.0,0.0,2.0
56.0,10.0,0.0,0.0,0.0,0.0,0.0,0.0,0.0,0.0,0.0,0.0,0.0,0.0,1.0,31151.0,1.0,20.0,0.0,1.0,0.05,2.0,0.052973,0.0,0.0,0.0
26.0,5.0,0.0,0.0,0.0,0.0,0.0,0.0,0.0,0.0,0.0,0.0,-1.0,0.0,1.0,31101.0,1.0,20.0,0.0,1.0,0.1,2.0,0.0,0.0,0.0,2.0
26.0,5.0,0.0,0.0,0.0,0.0,0.0,0.0,0.0,0.0,0.0,0.0,-1.0,0.0,1.0,31101.0,1.0,20.0,0.0,1.0,0.1,2.0,0.0,0.0,0.0,2.0
26.0,5.0,0.0,0.0,0.0,0.0,0.0,0.0,0.0,0.0,0.0,0.0,-1.0,0.0,1.0,31101.0,1.0,20.0,0.0,1.0,0.1,2.0,0.0,0.0,0.0,2.0
26.0,5.0,0.0,0.0,0.0,0.0,0.0,0.0,0.0,0.0,0.0,0.0,-1.0,0.0,1.0,31101.0,1.0,20.0,0.0,1.0,0.1,2.0,0.0,0.0,0.0,2.0
26.0,5.0,0.0,0.0,0.0,0.0,0.0,0.0,0.0,0.0,0.0,0.0,-1.0,0.0,1.0,31101.0,1.0,20.0,0.0,1.0,0.1,2.0,0.0,0.0,0.0,2.0
26.0,5.0,0.0,0.0,0.0,0.0,0.0,0.0,0.0,0.0,0.0,0.0,-1.0,0.0,1.0,31101.0,1.0,20.0,0.0,1.0,0.1,2.0,0.0,0.0,0.0,2.0
26.0,5.0,0.0,0.0,0.0,0.0,0.0,0.0,0.0,0.0,0.0,0.0,-1.0,0.0,1.0,31101.0,1.0,20.0,0.0,1.0,0.1,2.0,0.0,0.0,0.0,2.0
26.0,5.0,0.0,0.0,0.0,0.0,0.0,0.0,0.0,0.0,0.0,0.0,-1.0,0.0,1.0,31101.0,1.0,20.0,0.0,1.0,0.05,2.0,0.0,0.0,0.0,2.0
26.0,5.0,0.0,0.0,0.0,0.0,0.0,0.0,0.0,0.0,0.0,0.0,-1.0,0.0,1.0,31101.0,1.0,20.0,0.0,1.0,0.05,2.0,0.0,0.0,0.0,2.0
26.0,5.0,0.0,0.0,0.0,0.0,0.0,0.0,0.0,0.0,0.0,0.0,-1.0,0.0,1.0,31101.0,1.0,20.0,0.0,1.0,0.05,2.0,0.0,0.0,0.0,2.0
26.0,5.0,0.0,0.0,0.0,0.0,0.0,0.0,0.0,0.0,0.0,0.0,-1.0,0.0,1.0,31101.0,1.0,20.0,0.0,1.0,0.05,2.0,0.0,0.0,0.0,2.0
26.0,5.0,0.0,0.0,0.0,0.0,0.0,0.0,0.0,0.0,0.0,0.0,-1.0,0.0,1.0,31101.0,1.0,20.0,0.0,1.0,0.05,2.0,0.0,0.0,0.0,2.0
26.0,5.0,0.0,0.0,0.0,0.0,0.0,0.0,0.0,0.0,0.0,0.0,-1.0,0.0,1.0,31101.0,1.0,20.0,0.0,1.0,0.05,2.0,0.0,0.0,0.0,2.0
56.0,10.0,0.0,0.0,0.0,0.0,0.0,0.0,0.0,0.0,0.0,0.0,0.0,0.0,1.0,31151.0,1.0,20.0,0.0,1.0,0.05,2.0,0.0,0.0,0.0,0.0
26.0,5.0,0.0,0.0,0.0,0.0,0.0,0.0,0.0,0.0,0.0,0.0,-1.0,0.0,1.0,31101.0,1.0,20.0,0.0,1.0,0.1,2.0,0.0,0.0,0.0,2.0
26.0,5.0,0.0,0.0,0.0,0.0,0.0,0.0,0.0,0.0,0.0,0.0,-1.0,0.0,1.0,31101.0,1.0,20.0,0.0,1.0,0.1,2.0,0.0,0.0,0.0,2.0
26.0,5.0,0.0,0.0,0.0,0.0,0.0,0.0,0.0,0.0,0.0,0.0,-1.0,0.0,1.0,31101.0,1.0,20.0,0.0,1.0,0.1,2.0,0.0,0.0,0.0,2.0
26.0,5.0,0.0,0.0,0.0,0.0,0.0,0.0,0.0,0.0,0.0,0.0,-1.0,0.0,1.0,31101.0,1.0,20.0,0.0,1.0,0.1,2.0,0.0,0.0,0.0,2.0
26.0,5.0,0.0,0.0,0.0,0.0,0.0,0.0,0.0,0.0,0.0,0.0,-1.0,0.0,1.0,31101.0,1.0,20.0,0.0,1.0,0.1,2.0,0.0,0.0,0.0,2.0
26.0,5.0,0.0,0.0,0.0,0.0,0.0,0.0,0.0,0.0,0.0,0.0,-1.0,0.0,1.0,31101.0,1.0,20.0,0.0,1.0,0.1,2.0,0.0,0.0,0.0,2.0
26.0,5.0,0.0,0.0,0.0,0.0,0.0,0.0,0.0,0.0,0.0,0.0,-1.0,0.0,1.0,31101.0,1.0,20.0,0.0,1.0,0.05,2.0,0.0,0.0,0.0,2.0
26.0,5.0,0.0,0.0,0.0,0.0,0.0,0.0,0.0,0.0,0.0,0.0,-1.0,0.0,1.0,31101.0,1.0,20.0,0.0,1.0,0.05,2.0,0.0,0.0,0.0,2.0
26.0,5.0,0.0,0.0,0.0,0.0,0.0,0.0,0.0,0.0,0.0,0.0,-1.0,0.0,1.0,31101.0,1.0,20.0,0.0,1.0,0.05,2.0,0.0,0.0,0.0,2.0
26.0,5.0,0.0,0.0,0.0,0.0,0.0,0.0,0.0,0.0,0.0,0.0,-1.0,0.0,1.0,31101.0,1.0,20.0,0.0,1.0,0.05,2.0,0.0,0.0,0.0,2.0
26.0,5.0,0.0,0.0,0.0,0.0,0.0,0.0,0.0,0.0,0.0,0.0,-1.0,0.0,1.0,31101.0,1.0,20.0,0.0,1.0,0.05,2.0,0.051974,0.0,0.0,2.0
26.0,5.0,0.0,0.0,0.0,0.0,0.0,0.0,0.0,0.0,0.0,0.0,-1.0,0.0,1.0,31101.0,1.0,20.0,0.0,1.0,0.05,2.0,0.052974,0.0,0.0,2.0
56.0,10.0,0.0,0.0,0.0,0.0,0.0,0.0,0.0,0.0,0.0,0.0,0.0,0.0,1.0,31151.0,1.0,20.0,0.0,1.0,0.05,2.0,0.055972,0.0,0.0,0.0
26.0,5.0,0.0,0.0,0.0,0.0,0.0,0.0,0.0,0.0,0.0,0.0,-1.0,0.0,1.0,31101.0,1.0,20.0,0.0,1.0,0.1,2.0,0.105947,0.0,0.0,2.0
26.0,5.0,0.0,0.0,0.0,0.0,0.0,0.0,0.0,0.0,0.0,0.0,-1.0,0.0,1.0,31101.0,1.0,20.0,0.0,1.0,0.1,2.0,0.107946,0.0,0.0,2.0
26.0,5.0,0.0,0.0,0.0,0.0,0.0,0.0,0.0,0.0,0.0,0.0,-1.0,0.0,1.0,31101.0,1.0,20.0,0.0,1.0,0.1,2.0,0.107946,0.0,0.0,2.0
26.0,5.0,0.0,0.0,0.0,0.0,0.0,0.0,0.0,0.0,0.0,0.0,-1.0,0.0,1.0,31101.0,1.0,20.0,0.0,1.0,0.1,2.0,0.107946,0.0,0.0,2.0
26.0,5.0,0.0,0.0,0.0,0.0,0.0,0.0,0.0,0.0,0.0,0.0,-1.0,0.0,1.0,31101.0,1.0,20.0,0.0,1.0,0.1,2.0,0.107946,0.0,0.0,2.0
26.0,5.0,0.0,0.0,0.0,0.0,0.0,0.0,0.0,0.0,0.0,0.0,-1.0,0.0,1.0,31101.0,1.0,20.0,0.0,1.0,0.1,2.0,0.107946,0.0,0.0,2.0
26.0,5.0,0.0,0.0,0.0,0.0,0.0,0.0,0.0,0.0,0.0,0.0,-1.0,0.0,1.0,31101.0,1.0,20.0,0.0,1.0,0.1,2.0,0.224888,0.0,0.0,2.0
26.0,5.0,0.0,0.0,0.0,0.0,0.0,0.0,0.0,0.0,0.0,0.0,-1.0,0.0,1.0,31101.0,1.0,20.0,0.0,1.0,0.05,2.0,0.224888,0.0,0.0,2.0
26.0,5.0,0.0,0.0,0.0,0.0,0.0,0.0,0.0,0.0,0.0,0.0,-1.0,0.0,1.0,31101.0,1.0,20.0,0.0,1.0,0.05,2.0,0.224888,0.0,0.0,2.0
26.0,5.0,0.0,0.0,0.0,0.0,0.0,0.0,0.0,0.0,0.0,0.0,-1.0,0.0,1.0,31101.0,1.0,20.0,0.0,1.0,0.05,2.0,0.224888,0.0,0.0,2.0
26.0,5.0,0.0,0.0,0.0,0.0,0.0,0.0,0.0,0.0,0.0,0.0,-1.0,0.0,1.0,31101.0,1.0,20.0,0.0,1.0,0.05,2.0,0.229885,0.0,0.0,2.0
56.0,10.0,0.0,0.0,0.0,0.0,0.0,0.0,0.0,0.0,0.0,0.0,0.0,0.0,1.0,31151.0,1.0,20.0,0.0,1.0,0.05,2.0,0.309845,0.0,0.0,0.0
26.0,5.0,0.0,0.0,0.0,0.0,0.0,0.0,0.0,0.0,0.0,0.0,-1.0,0.0,1.0,31101.0,1.0,20.0,0.0,1.0,0.1,2.0,0.0,0.0,0.0,2.0
26.0,5.0,0.0,0.0,0.0,0.0,0.0,0.0,0.0,0.0,0.0,0.0,-1.0,0.0,1.0,31101.0,1.0,20.0,0.0,1.0,0.1,2.0,0.051974,0.0,0.0,2.0
26.0,5.0,0.0,0.0,0.0,0.0,0.0,0.0,0.0,0.0,0.0,0.0,-1.0,0.0,1.0,31101.0,1.0,20.0,0.0,1.0,0.1,2.0,0.051974,0.0,0.0,2.0
26.0,5.0,0.0,0.0,0.0,0.0,0.0,0.0,0.0,0.0,0.0,0.0,-1.0,0.0,1.0,31101.0,1.0,20.0,0.0,1.0,0.1,2.0,0.051974,0.0,0.0,2.0
26.0,5.0,0.0,0.0,0.0,0.0,0.0,0.0,0.0,0.0,0.0,0.0,-1.0,0.0,1.0,31101.0,1.0,20.0,0.0,1.0,0.1,2.0,0.051974,0.0,0.0,2.0
26.0,5.0,0.0,0.0,0.0,0.0,0.0,0.0,0.0,0.0,0.0,0.0,-1.0,0.0,1.0,31101.0,1.0,20.0,0.0,1.0,0.1,2.0,0.051974,0.0,0.0,2.0
26.0,5.0,0.0,0.0,0.0,0.0,0.0,0.0,0.0,0.0,0.0,0.0,-1.0,0.0,1.0,31101.0,1.0,20.0,0.0,1.0,0.1,2.0,0.15992,0.0,0.0,2.0
26.0,5.0,0.0,0.0,0.0,0.0,0.0,0.0,0.0,0.0,0.0,0.0,-1.0,0.0,1.0,31101.0,1.0,20.0,0.0,1.0,0.1,2.0,0.15992,0.0,0.0,2.0
26.0,5.0,0.0,0.0,0.0,0.0,0.0,0.0,0.0,0.0,0.0,0.0,-1.0,0.0,1.0,31101.0,1.0,20.0,0.0,1.0,0.05,2.0,0.15992,0.0,0.0,2.0
26.0,5.0,0.0,0.0,0.0,0.0,0.0,0.0,0.0,0.0,0.0,0.0,-1.0,0.0,1.0,31101.0,1.0,20.0,0.0,1.0,0.05,2.0,0.15992,0.0,0.0,2.0
56.0,10.0,0.0,0.0,0.0,0.0,0.0,0.0,0.0,0.0,0.0,0.0,0.0,0.0,1.0,31151.0,1.0,20.0,0.0,1.0,0.05,2.0,0.263868,0.0,0.0,0.0
26.0,5.0,0.0,0.0,0.0,0.0,0.0,0.0,0.0,0.0,0.0,0.0,-1.0,0.0,1.0,31101.0,1.0,20.0,0.0,1.0,0.1,2.0,0.0,0.0,0.0,2.0
26.0,5.0,0.0,0.0,0.0,0.0,0.0,0.0,0.0,0.0,0.0,0.0,-1.0,0.0,1.0,31101.0,1.0,20.0,0.0,1.0,0.1,2.0,0.0,0.0,0.0,2.0
26.0,5.0,0.0,0.0,0.0,0.0,0.0,0.0,0.0,0.0,0.0,0.0,-1.0,0.0,1.0,31101.0,1.0,20.0,0.0,1.0,0.1,2.0,0.050975,0.0,0.0,2.0
26.0,5.0,0.0,0.0,0.0,0.0,0.0,0.0,0.0,0.0,0.0,0.0,-1.0,0.0,1.0,31101.0,1.0,20.0,0.0,1.0,0.1,2.0,0.050975,0.0,0.0,2.0
26.0,5.0,0.0,0.0,0.0,0.0,0.0,0.0,0.0,0.0,0.0,0.0,-1.0,0.0,1.0,31101.0,1.0,20.0,0.0,1.0,0.1,2.0,0.050975,0.0,0.0,2.0
26.0,5.0,0.0,0.0,0.0,0.0,0.0,0.0,0.0,0.0,0.0,0.0,-1.0,0.0,1.0,31101.0,1.0,20.0,0.0,1.0,0.1,2.0,0.050975,0.0,0.0,2.0
26.0,5.0,0.0,0.0,0.0,0.0,0.0,0.0,0.0,0.0,0.0,0.0,-1.0,0.0,1.0,31101.0,1.0,20.0,0.0,1.0,0.1,2.0,0.105947,0.0,0.0,2.0
26.0,5.0,0.0,0.0,0.0,0.0,0.0,0.0,0.0,0.0,0.0,0.0,-1.0,0.0,1.0,31101.0,1.0,20.0,0.0,1.0,0.1,2.0,0.105947,0.0,0.0,2.0
26.0,5.0,0.0,0.0,0.0,0.0,0.0,0.0,0.0,0.0,0.0,0.0,-1.0,0.0,1.0,31101.0,1.0,20.0,0.0,1.0,0.1,2.0,0.107946,0.0,0.0,2.0
26.0,5.0,0.0,0.0,0.0,0.0,0.0,0.0,0.0,0.0,0.0,0.0,-1.0,0.0,1.0,31101.0,1.0,20.0,0.0,1.0,0.05,2.0,0.108946,0.0,0.0,2.0
26.0,5.0,0.0,0.0,0.0,0.0,0.0,0.0,0.0,0.0,0.0,0.0,-1.0,0.0,1.0,31101.0,1.0,20.0,0.0,1.0,0.05,2.0,0.108946,0.0,0.0,2.0
26.0,5.0,0.0,0.0,0.0,0.0,0.0,0.0,0.0,0.0,0.0,0.0,-1.0,0.0,1.0,31101.0,1.0,20.0,0.0,1.0,0.05,2.0,0.209895,0.0,0.0,2.0
26.0,5.0,0.0,0.0,0.0,0.0,0.0,0.0,0.0,0.0,0.0,0.0,-1.0,0.0,1.0,31101.0,1.0,20.0,0.0,1.0,0.05,2.0,0.211894,0.0,0.0,2.0
26.0,5.0,0.0,0.0,0.0,0.0,0.0,0.0,0.0,0.0,0.0,0.0,-1.0,0.0,1.0,31101.0,1.0,20.0,0.0,1.0,0.05,2.0,0.262869,0.0,0.0,2.0
26.0,5.0,0.0,0.0,0.0,0.0,0.0,0.0,0.0,0.0,0.0,0.0,-1.0,0.0,1.0,31101.0,1.0,20.0,0.0,1.0,0.05,2.0,0.262869,0.0,0.0,2.0
26.0,5.0,0.0,0.0,0.0,0.0,0.0,0.0,0.0,0.0,0.0,0.0,-1.0,0.0,1.0,31101.0,1.0,20.0,0.0,1.0,0.05,2.0,0.262869,0.0,0.0,2.0
26.0,5.0,0.0,0.0,0.0,0.0,0.0,0.0,0.0,0.0,0.0,0.0,-1.0,0.0,1.0,31101.0,1.0,20.0,0.0,1.0,0.05,2.0,0.262869,0.0,0.0,2.0
26.0,5.0,0.0,0.0,0.0,0.0,0.0,0.0,0.0,0.0,0.0,0.0,-1.0,0.0,1.0,31101.0,1.0,20.0,0.0,1.0,0.05,2.0,0.366817,0.0,0.0,2.0
26.0,5.0,0.0,0.0,0.0,0.0,0.0,0.0,0.0,0.0,0.0,0.0,-1.0,0.0,1.0,31101.0,1.0,20.0,0.0,1.0,0.05,2.0,0.366817,0.0,0.0,2.0
26.0,5.0,0.0,0.0,0.0,0.0,0.0,0.0,0.0,0.0,0.0,0.0,-1.0,0.0,1.0,31101.0,1.0,20.0,0.0,1.0,0.05,2.0,0.366817,0.0,0.0,2.0
26.0,5.0,0.0,0.0,0.0,0.0,0.0,0.0,0.0,0.0,0.0,0.0,-1.0,0.0,1.0,31101.0,1.0,20.0,0.0,1.0,0.0,1.0,999.0,0.0,0.0,2.0
26.0,5.0,0.0,0.0,0.0,0.0,0.0,0.0,0.0,0.0,0.0,0.0,-1.0,0.0,1.0,31101.0,1.0,20.0,0.0,1.0,0.0,1.0,999.0,0.0,0.0,2.0
26.0,5.0,0.0,0.0,0.0,0.0,0.0,0.0,0.0,0.0,0.0,0.0,-1.0,0.0,1.0,31101.0,1.0,20.0,0.0,1.0,0.0,1.0,999.0,0.0,0.0,2.0
26.0,5.0,0.0,0.0,0.0,0.0,0.0,0.0,0.0,0.0,0.0,0.0,-1.0,0.0,1.0,31101.0,1.0,20.0,0.0,1.0,0.0,1.0,999.0,0.0,0.0,2.0
26.0,5.0,0.0,0.0,0.0,0.0,0.0,0.0,0.0,0.0,0.0,0.0,-1.0,0.0,1.0,31101.0,1.0,20.0,0.0,1.0,0.0,1.0,999.0,0.0,0.0,2.0
26.0,5.0,0.0,0.0,0.0,0.0,0.0,0.0,0.0,0.0,0.0,0.0,-1.0,0.0,1.0,31101.0,1.0,20.0,0.0,1.0,0.0,1.0,999.0,0.0,0.0,2.0
26.0,5.0,0.0,0.0,0.0,0.0,0.0,0.0,0.0,0.0,0.0,0.0,-1.0,0.0,1.0,31101.0,1.0,20.0,0.0,1.0,0.0,1.0,999.0,0.0,0.0,2.0
26.0,5.0,0.0,0.0,0.0,0.0,0.0,0.0,0.0,0.0,0.0,0.0,-1.0,0.0,1.0,31101.0,1.0,20.0,0.0,1.0,0.0,1.0,999.0,0.0,0.0,2.0
26.0,5.0,0.0,0.0,0.0,0.0,0.0,0.0,0.0,0.0,0.0,0.0,-1.0,0.0,1.0,31101.0,1.0,20.0,0.0,1.0,0.0,1.0,999.0,0.0,0.0,2.0
26.0,5.0,0.0,0.0,0.0,0.0,0.0,0.0,0.0,0.0,0.0,0.0,-1.0,0.0,1.0,31101.0,1.0,20.0,0.0,1.0,0.0,1.0,999.0,0.0,0.0,2.0
26.0,5.0,0.0,0.0,0.0,0.0,0.0,0.0,0.0,0.0,0.0,0.0,-1.0,0.0,1.0,31101.0,1.0,20.0,0.0,1.0,0.0,1.0,999.0,0.0,0.0,2.0
26.0,5.0,0.0,0.0,0.0,0.0,0.0,0.0,0.0,0.0,0.0,0.0,-1.0,0.0,1.0,31101.0,1.0,20.0,0.0,1.0,0.0,1.0,999.0,0.0,0.0,2.0
26.0,5.0,0.0,0.0,0.0,0.0,0.0,0.0,0.0,0.0,0.0,0.0,-1.0,0.0,1.0,31101.0,1.0,20.0,0.0,1.0,0.0,1.0,999.0,0.0,0.0,2.0
26.0,5.0,0.0,0.0,0.0,0.0,0.0,0.0,0.0,0.0,0.0,0.0,-1.0,0.0,1.0,31101.0,1.0,20.0,0.0,1.0,0.0,1.0,999.0,0.0,0.0,2.0
26.0,5.0,0.0,0.0,0.0,0.0,0.0,0.0,0.0,0.0,0.0,0.0,-1.0,0.0,1.0,31101.0,1.0,20.0,0.0,1.0,0.0,1.0,999.0,0.0,0.0,2.0
26.0,5.0,0.0,0.0,0.0,0.0,0.0,0.0,0.0,0.0,0.0,0.0,-1.0,0.0,1.0,31101.0,1.0,20.0,0.0,1.0,0.0,1.0,999.0,0.0,0.0,2.0
26.0,5.0,0.0,0.0,0.0,0.0,0.0,0.0,0.0,0.0,0.0,0.0,-1.0,0.0,1.0,31101.0,1.0,20.0,0.0,1.0,0.0,1.0,999.0,0.0,0.0,2.0
26.0,5.0,0.0,0.0,0.0,0.0,0.0,0.0,0.0,0.0,0.0,0.0,-1.0,0.0,1.0,31101.0,1.0,20.0,0.0,1.0,0.0,1.0,999.0,0.0,0.0,2.0
26.0,5.0,0.0,0.0,0.0,0.0,0.0,0.0,0.0,0.0,0.0,0.0,-1.0,0.0,1.0,31101.0,1.0,20.0,0.0,1.0,0.0,1.0,999.0,0.0,0.0,2.0
26.0,5.0,0.0,0.0,0.0,0.0,0.0,0.0,0.0,0.0,0.0,0.0,-1.0,0.0,1.0,31101.0,1.0,20.0,0.0,1.0,0.0,1.0,999.0,0.0,0.0,2.0
26.0,5.0,0.0,0.0,0.0,0.0,0.0,0.0,0.0,0.0,0.0,0.0,-1.0,0.0,1.0,31101.0,1.0,20.0,0.0,1.0,0.0,1.0,999.0,0.0,0.0,2.0
26.0,5.0,0.0,0.0,0.0,0.0,0.0,0.0,0.0,0.0,0.0,0.0,-1.0,0.0,1.0,31101.0,1.0,20.0,0.0,1.0,0.0,1.0,999.0,0.0,0.0,2.0
26.0,5.0,0.0,0.0,0.0,0.0,0.0,0.0,0.0,0.0,0.0,0.0,-1.0,0.0,1.0,31101.0,1.0,20.0,0.0,1.0,0.0,1.0,999.0,0.0,0.0,2.0
26.0,5.0,0.0,0.0,0.0,0.0,0.0,0.0,0.0,0.0,0.0,0.0,-1.0,0.0,1.0,31101.0,1.0,20.0,0.0,1.0,0.0,1.0,999.0,0.0,0.0,2.0
26.0,5.0,0.0,0.0,0.0,0.0,0.0,0.0,0.0,0.0,0.0,0.0,-1.0,0.0,1.0,31101.0,1.0,20.0,0.0,1.0,0.0,1.0,999.0,0.0,0.0,2.0
56.0,10.0,0.0,0.0,0.0,0.0,0.0,0.0,0.0,0.0,0.0,0.0,0.0,0.0,1.0,31151.0,1.0,20.0,0.0,1.0,0.0,1.0,999.0,0.0,0.0,0.0
26.0,5.0,0.0,0.0,0.0,0.0,0.0,0.0,0.0,0.0,0.0,0.0,-1.0,0.0,1.0,31101.0,1.0,20.0,0.0,1.0,0.05,2.0,0.001,0.0,0.0,2.0
26.0,5.0,0.0,0.0,0.0,0.0,0.0,0.0,0.0,0.0,0.0,0.0,-1.0,0.0,1.0,31101.0,1.0,20.0,0.0,1.0,0.05,2.0,0.002999,0.0,0.0,2.0
26.0,5.0,0.0,0.0,0.0,0.0,0.0,0.0,0.0,0.0,0.0,0.0,-1.0,0.0,1.0,31101.0,1.0,20.0,0.0,1.0,0.05,2.0,0.009995,0.0,0.0,2.0
26.0,5.0,0.0,0.0,0.0,0.0,0.0,0.0,0.0,0.0,0.0,0.0,-1.0,0.0,1.0,31101.0,1.0,20.0,0.0,1.0,0.05,2.0,0.018991,0.0,0.0,2.0
26.0,5.0,0.0,0.0,0.0,0.0,0.0,0.0,0.0,0.0,0.0,0.0,-1.0,0.0,1.0,31101.0,1.0,20.0,0.0,1.0,0.05,2.0,0.031984,0.0,0.0,2.0
26.0,5.0,0.0,0.0,0.0,0.0,0.0,0.0,0.0,0.0,0.0,0.0,-1.0,0.0,1.0,31101.0,1.0,20.0,0.0,1.0,0.05,2.0,0.032984,0.0,0.0,2.0
26.0,5.0,0.0,0.0,0.0,0.0,0.0,0.0,0.0,0.0,0.0,0.0,-1.0,0.0,1.0,31101.0,1.0,20.0,0.0,1.0,0.05,2.0,0.034983,0.0,0.0,2.0
26.0,5.0,0.0,0.0,0.0,0.0,0.0,0.0,0.0,0.0,0.0,0.0,-1.0,0.0,1.0,31101.0,1.0,20.0,0.0,1.0,0.05,2.0,0.041979,0.0,0.0,2.0
26.0,5.0,0.0,0.0,0.0,0.0,0.0,0.0,0.0,0.0,0.0,0.0,-1.0,0.0,1.0,31101.0,1.0,20.0,0.0,1.0,0.05,2.0,0.044978,0.0,0.0,2.0
26.0,5.0,0.0,0.0,0.0,0.0,0.0,0.0,0.0,0.0,0.0,0.0,-1.0,0.0,1.0,31101.0,1.0,20.0,0.0,1.0,0.05,2.0,0.048976,0.0,0.0,2.0
26.0,5.0,0.0,0.0,0.0,0.0,0.0,0.0,0.0,0.0,0.0,0.0,-1.0,0.0,1.0,31101.0,1.0,20.0,0.0,1.0,0.05,2.0,0.053973,0.0,0.0,2.0
26.0,5.0,0.0,0.0,0.0,0.0,0.0,0.0,0.0,0.0,0.0,0.0,-1.0,0.0,1.0,31101.0,1.0,20.0,0.0,1.0,0.05,2.0,0.056972,0.0,0.0,2.0
26.0,5.0,0.0,0.0,0.0,0.0,0.0,0.0,0.0,0.0,0.0,0.0,-1.0,0.0,1.0,31101.0,1.0,20.0,0.0,1.0,0.05,2.0,0.06097,0.0,0.0,2.0
56.0,10.0,0.0,0.0,0.0,0.0,0.0,0.0,0.0,0.0,0.0,0.0,0.0,0.0,1.0,31151.0,1.0,20.0,0.0,1.0,0.05,2.0,0.06097,0.0,0.0,0.0
26.0,5.0,0.0,0.0,0.0,0.0,0.0,0.0,0.0,0.0,0.0,0.0,-1.0,0.0,1.0,31101.0,1.0,20.0,0.0,1.0,0.1,2.0,0.008995,0.0,0.0,2.0
26.0,5.0,0.0,0.0,0.0,0.0,0.0,0.0,0.0,0.0,0.0,0.0,-1.0,0.0,1.0,31101.0,1.0,20.0,0.0,1.0,0.1,2.0,0.008995,0.0,0.0,2.0
26.0,5.0,0.0,0.0,0.0,0.0,0.0,0.0,0.0,0.0,0.0,0.0,-1.0,0.0,1.0,31101.0,1.0,20.0,0.0,1.0,0.1,2.0,0.008995,0.0,0.0,2.0
26.0,5.0,0.0,0.0,0.0,0.0,0.0,0.0,0.0,0.0,0.0,0.0,-1.0,0.0,1.0,31101.0,1.0,20.0,0.0,1.0,0.1,2.0,0.014992,0.0,0.0,2.0
26.0,5.0,0.0,0.0,0.0,0.0,0.0,0.0,0.0,0.0,0.0,0.0,-1.0,0.0,1.0,31101.0,1.0,20.0,0.0,1.0,0.1,2.0,0.016991,0.0,0.0,2.0
26.0,5.0,0.0,0.0,0.0,0.0,0.0,0.0,0.0,0.0,0.0,0.0,-1.0,0.0,1.0,31101.0,1.0,20.0,0.0,1.0,0.1,2.0,0.017991,0.0,0.0,2.0
26.0,5.0,0.0,0.0,0.0,0.0,0.0,0.0,0.0,0.0,0.0,0.0,-1.0,0.0,1.0,31101.0,1.0,20.0,0.0,1.0,0.05,2.0,0.017991,0.0,0.0,2.0
26.0,5.0,0.0,0.0,0.0,0.0,0.0,0.0,0.0,0.0,0.0,0.0,-1.0,0.0,1.0,31101.0,1.0,20.0,0.0,1.0,0.05,2.0,0.017991,0.0,0.0,2.0
26.0,5.0,0.0,0.0,0.0,0.0,0.0,0.0,0.0,0.0,0.0,0.0,-1.0,0.0,1.0,31101.0,1.0,20.0,0.0,1.0,0.05,2.0,0.017991,0.0,0.0,2.0
26.0,5.0,0.0,0.0,0.0,0.0,0.0,0.0,0.0,0.0,0.0,0.0,-1.0,0.0,1.0,31101.0,1.0,20.0,0.0,1.0,0.05,2.0,0.017991,0.0,0.0,2.0
26.0,5.0,0.0,0.0,0.0,0.0,0.0,0.0,0.0,0.0,0.0,0.0,-1.0,0.0,1.0,31101.0,1.0,20.0,0.0,1.0,0.05,2.0,0.017991,0.0,0.0,2.0
26.0,5.0,0.0,0.0,0.0,0.0,0.0,0.0,0.0,0.0,0.0,0.0,-1.0,0.0,1.0,31101.0,1.0,20.0,0.0,1.0,0.05,2.0,0.017991,0.0,0.0,2.0
26.0,5.0,0.0,0.0,0.0,0.0,0.0,0.0,0.0,0.0,0.0,0.0,-1.0,0.0,1.0,31101.0,1.0,20.0,0.0,1.0,0.05,2.0,0.017991,0.0,0.0,2.0
56.0,10.0,0.0,0.0,0.0,0.0,0.0,0.0,0.0,0.0,0.0,0.0,0.0,0.0,1.0,31151.0,1.0,20.0,0.0,1.0,0.05,2.0,0.017991,0.0,0.0,0.0
26.0,5.0,0.0,0.0,0.0,0.0,0.0,0.0,0.0,0.0,0.0,0.0,-1.0,0.0,1.0,31101.0,1.0,20.0,0.0,1.0,0.1,2.0,0.0,0.0,0.0,2.0
26.0,5.0,0.0,0.0,0.0,0.0,0.0,0.0,0.0,0.0,0.0,0.0,-1.0,0.0,1.0,31101.0,1.0,20.0,0.0,1.0,0.1,2.0,0.0,0.0,0.0,2.0
26.0,5.0,0.0,0.0,0.0,0.0,0.0,0.0,0.0,0.0,0.0,0.0,-1.0,0.0,1.0,31101.0,1.0,20.0,0.0,1.0,0.1,2.0,0.0,0.0,0.0,2.0
26.0,5.0,0.0,0.0,0.0,0.0,0.0,0.0,0.0,0.0,0.0,0.0,-1.0,0.0,1.0,31101.0,1.0,20.0,0.0,1.0,0.1,2.0,0.208895,0.0,0.0,2.0
26.0,5.0,0.0,0.0,0.0,0.0,0.0,0.0,0.0,0.0,0.0,0.0,-1.0,0.0,1.0,31101.0,1.0,20.0,0.0,1.0,0.1,2.0,0.211894,0.0,0.0,2.0
26.0,5.0,0.0,0.0,0.0,0.0,0.0,0.0,0.0,0.0,0.0,0.0,-1.0,0.0,1.0,31101.0,1.0,20.0,0.0,1.0,0.1,2.0,0.213893,0.0,0.0,2.0
26.0,5.0,0.0,0.0,0.0,0.0,0.0,0.0,0.0,0.0,0.0,0.0,-1.0,0.0,1.0,31101.0,1.0,20.0,0.0,1.0,0.05,2.0,0.213893,0.0,0.0,2.0
26.0,5.0,0.0,0.0,0.0,0.0,0.0,0.0,0.0,0.0,0.0,0.0,-1.0,0.0,1.0,31101.0,1.0,20.0,0.0,1.0,0.05,2.0,0.213893,0.0,0.0,2.0
26.0,5.0,0.0,0.0,0.0,0.0,0.0,0.0,0.0,0.0,0.0,0.0,-1.0,0.0,1.0,31101.0,1.0,20.0,0.0,1.0,0.05,2.0,0.213893,0.0,0.0,2.0
26.0,5.0,0.0,0.0,0.0,0.0,0.0,0.0,0.0,0.0,0.0,0.0,-1.0,0.0,1.0,31101.0,1.0,20.0,0.0,1.0,0.05,2.0,0.21989,0.0,0.0,2.0
26.0,5.0,0.0,0.0,0.0,0.0,0.0,0.0,0.0,0.0,0.0,0.0,-1.0,0.0,1.0,31101.0,1.0,20.0,0.0,1.0,0.05,2.0,0.220889,0.0,0.0,2.0
26.0,5.0,0.0,0.0,0.0,0.0,0.0,0.0,0.0,0.0,0.0,0.0,-1.0,0.0,1.0,31101.0,1.0,20.0,0.0,1.0,0.05,2.0,0.223888,0.0,0.0,2.0
26.0,5.0,0.0,0.0,0.0,0.0,0.0,0.0,0.0,0.0,0.0,0.0,-1.0,0.0,1.0,31101.0,1.0,20.0,0.0,1.0,0.05,2.0,0.224887,0.0,0.0,2.0
56.0,10.0,0.0,0.0,0.0,0.0,0.0,0.0,0.0,0.0,0.0,0.0,0.0,0.0,1.0,31151.0,1.0,20.0,0.0,1.0,0.05,2.0,0.224887,0.0,0.0,0.0
26.0,5.0,0.0,0.0,0.0,0.0,0.0,0.0,0.0,0.0,0.0,0.0,-1.0,0.0,1.0,31101.0,1.0,20.0,0.0,1.0,0.1,2.0,0.001,0.0,0.0,2.0
26.0,5.0,0.0,0.0,0.0,0.0,0.0,0.0,0.0,0.0,0.0,0.0,-1.0,0.0,1.0,31101.0,1.0,20.0,0.0,1.0,0.1,2.0,0.001999,0.0,0.0,2.0
26.0,5.0,0.0,0.0,0.0,0.0,0.0,0.0,0.0,0.0,0.0,0.0,-1.0,0.0,1.0,31101.0,1.0,20.0,0.0,1.0,0.1,2.0,0.058971,0.0,0.0,2.0
26.0,5.0,0.0,0.0,0.0,0.0,0.0,0.0,0.0,0.0,0.0,0.0,-1.0,0.0,1.0,31101.0,1.0,20.0,0.0,1.0,0.1,2.0,0.058971,0.0,0.0,2.0
26.0,5.0,0.0,0.0,0.0,0.0,0.0,0.0,0.0,0.0,0.0,0.0,-1.0,0.0,1.0,31101.0,1.0,20.0,0.0,1.0,0.1,2.0,0.062969,0.0,0.0,2.0
26.0,5.0,0.0,0.0,0.0,0.0,0.0,0.0,0.0,0.0,0.0,0.0,-1.0,0.0,1.0,31101.0,1.0,20.0,0.0,1.0,0.1,2.0,0.062969,0.0,0.0,2.0
26.0,5.0,0.0,0.0,0.0,0.0,0.0,0.0,0.0,0.0,0.0,0.0,-1.0,0.0,1.0,31101.0,1.0,20.0,0.0,1.0,0.05,2.0,0.063968,0.0,0.0,2.0
26.0,5.0,0.0,0.0,0.0,0.0,0.0,0.0,0.0,0.0,0.0,0.0,-1.0,0.0,1.0,31101.0,1.0,20.0,0.0,1.0,0.05,2.0,0.064968,0.0,0.0,2.0
26.0,5.0,0.0,0.0,0.0,0.0,0.0,0.0,0.0,0.0,0.0,0.0,-1.0,0.0,1.0,31101.0,1.0,20.0,0.0,1.0,0.05,2.0,0.064968,0.0,0.0,2.0
26.0,5.0,0.0,0.0,0.0,0.0,0.0,0.0,0.0,0.0,0.0,0.0,-1.0,0.0,1.0,31101.0,1.0,20.0,0.0,1.0,0.05,2.0,0.064968,0.0,0.0,2.0
26.0,5.0,0.0,0.0,0.0,0.0,0.0,0.0,0.0,0.0,0.0,0.0,-1.0,0.0,1.0,31101.0,1.0,20.0,0.0,1.0,0.05,2.0,0.068966,0.0,0.0,2.0
26.0,5.0,0.0,0.0,0.0,0.0,0.0,0.0,0.0,0.0,0.0,0.0,-1.0,0.0,1.0,31101.0,1.0,20.0,0.0,1.0,0.05,2.0,0.069965,0.0,0.0,2.0
56.0,10.0,0.0,0.0,0.0,0.0,0.0,0.0,0.0,0.0,0.0,0.0,0.0,0.0,1.0,31151.0,1.0,20.0,0.0,1.0,0.05,2.0,0.069965,0.0,0.0,0.0
26.0,5.0,0.0,0.0,0.0,0.0,0.0,0.0,0.0,0.0,0.0,0.0,-1.0,0.0,1.0,31101.0,1.0,20.0,0.0,1.0,0.1,2.0,0.002999,0.0,0.0,2.0
26.0,5.0,0.0,0.0,0.0,0.0,0.0,0.0,0.0,0.0,0.0,0.0,-1.0,0.0,1.0,31101.0,1.0,20.0,0.0,1.0,0.1,2.0,0.003998,0.0,0.0,2.0
26.0,5.0,0.0,0.0,0.0,0.0,0.0,0.0,0.0,0.0,0.0,0.0,-1.0,0.0,1.0,31101.0,1.0,20.0,0.0,1.0,0.1,2.0,0.004998,0.0,0.0,2.0
26.0,5.0,0.0,0.0,0.0,0.0,0.0,0.0,0.0,0.0,0.0,0.0,-1.0,0.0,1.0,31101.0,1.0,20.0,0.0,1.0,0.1,2.0,0.005997,0.0,0.0,2.0
26.0,5.0,0.0,0.0,0.0,0.0,0.0,0.0,0.0,0.0,0.0,0.0,-1.0,0.0,1.0,31101.0,1.0,20.0,0.0,1.0,0.1,2.0,0.006997,0.0,0.0,2.0
26.0,5.0,0.0,0.0,0.0,0.0,0.0,0.0,0.0,0.0,0.0,0.0,-1.0,0.0,1.0,31101.0,1.0,20.0,0.0,1.0,0.1,2.0,0.006997,0.0,0.0,2.0
26.0,5.0,0.0,0.0,0.0,0.0,0.0,0.0,0.0,0.0,0.0,0.0,-1.0,0.0,1.0,31101.0,1.0,20.0,0.0,1.0,0.1,2.0,0.007996,0.0,0.0,2.0
26.0,5.0,0.0,0.0,0.0,0.0,0.0,0.0,0.0,0.0,0.0,0.0,-1.0,0.0,1.0,31101.0,1.0,20.0,0.0,1.0,0.05,2.0,0.008996,0.0,0.0,2.0
26.0,5.0,0.0,0.0,0.0,0.0,0.0,0.0,0.0,0.0,0.0,0.0,-1.0,0.0,1.0,31101.0,1.0,20.0,0.0,1.0,0.05,2.0,0.008996,0.0,0.0,2.0
26.0,5.0,0.0,0.0,0.0,0.0,0.0,0.0,0.0,0.0,0.0,0.0,-1.0,0.0,1.0,31101.0,1.0,20.0,0.0,1.0,0.05,2.0,0.010995,0.0,0.0,2.0
26.0,5.0,0.0,0.0,0.0,0.0,0.0,0.0,0.0,0.0,0.0,0.0,-1.0,0.0,1.0,31101.0,1.0,20.0,0.0,1.0,0.05,2.0,0.011994,0.0,0.0,2.0
26.0,5.0,0.0,0.0,0.0,0.0,0.0,0.0,0.0,0.0,0.0,0.0,-1.0,0.0,1.0,31101.0,1.0,20.0,0.0,1.0,0.05,2.0,0.011994,0.0,0.0,2.0
26.0,5.0,0.0,0.0,0.0,0.0,0.0,0.0,0.0,0.0,0.0,0.0,-1.0,0.0,1.0,31101.0,1.0,20.0,0.0,1.0,0.05,2.0,0.012994,0.0,0.0,2.0
56.0,10.0,0.0,0.0,0.0,0.0,0.0,0.0,0.0,0.0,0.0,0.0,0.0,0.0,1.0,31151.0,1.0,20.0,0.0,1.0,0.05,2.0,0.013993,0.0,0.0,0.0
26.0,5.0,0.0,0.0,0.0,0.0,0.0,0.0,0.0,0.0,0.0,0.0,-1.0,0.0,1.0,31101.0,1.0,20.0,0.0,1.0,0.1,2.0,0.001,0.0,0.0,2.0
26.0,5.0,0.0,0.0,0.0,0.0,0.0,0.0,0.0,0.0,0.0,0.0,-1.0,0.0,1.0,31101.0,1.0,20.0,0.0,1.0,0.1,2.0,0.002999,0.0,0.0,2.0
26.0,5.0,0.0,0.0,0.0,0.0,0.0,0.0,0.0,0.0,0.0,0.0,-1.0,0.0,1.0,31101.0,1.0,20.0,0.0,1.0,0.1,2.0,0.002999,0.0,0.0,2.0
26.0,5.0,0.0,0.0,0.0,0.0,0.0,0.0,0.0,0.0,0.0,0.0,-1.0,0.0,1.0,31101.0,1.0,20.0,0.0,1.0,0.1,2.0,0.004998,0.0,0.0,2.0
26.0,5.0,0.0,0.0,0.0,0.0,0.0,0.0,0.0,0.0,0.0,0.0,-1.0,0.0,1.0,31101.0,1.0,20.0,0.0,1.0,0.1,2.0,0.007996,0.0,0.0,2.0
26.0,5.0,0.0,0.0,0.0,0.0,0.0,0.0,0.0,0.0,0.0,0.0,-1.0,0.0,1.0,31101.0,1.0,20.0,0.0,1.0,0.1,2.0,0.008996,0.0,0.0,2.0
26.0,5.0,0.0,0.0,0.0,0.0,0.0,0.0,0.0,0.0,0.0,0.0,-1.0,0.0,1.0,31101.0,1.0,20.0,0.0,1.0,0.05,2.0,0.009995,0.0,0.0,2.0
26.0,5.0,0.0,0.0,0.0,0.0,0.0,0.0,0.0,0.0,0.0,0.0,-1.0,0.0,1.0,31101.0,1.0,20.0,0.0,1.0,0.05,2.0,0.009995,0.0,0.0,2.0
26.0,5.0,0.0,0.0,0.0,0.0,0.0,0.0,0.0,0.0,0.0,0.0,-1.0,0.0,1.0,31101.0,1.0,20.0,0.0,1.0,0.05,2.0,0.009995,0.0,0.0,2.0
26.0,5.0,0.0,0.0,0.0,0.0,0.0,0.0,0.0,0.0,0.0,0.0,-1.0,0.0,1.0,31101.0,1.0,20.0,0.0,1.0,0.05,2.0,0.009995,0.0,0.0,2.0
26.0,5.0,0.0,0.0,0.0,0.0,0.0,0.0,0.0,0.0,0.0,0.0,-1.0,0.0,1.0,31101.0,1.0,20.0,0.0,1.0,0.05,2.0,0.009995,0.0,0.0,2.0
26.0,5.0,0.0,0.0,0.0,0.0,0.0,0.0,0.0,0.0,0.0,0.0,-1.0,0.0,1.0,31101.0,1.0,20.0,0.0,1.0,0.05,2.0,0.013993,0.0,0.0,2.0
26.0,5.0,0.0,0.0,0.0,0.0,0.0,0.0,0.0,0.0,0.0,0.0,-1.0,0.0,1.0,31101.0,1.0,20.0,0.0,1.0,0.05,2.0,0.014993,0.0,0.0,2.0
26.0,5.0,0.0,0.0,0.0,0.0,0.0,0.0,0.0,0.0,0.0,0.0,-1.0,0.0,1.0,31101.0,1.0,20.0,0.0,1.0,0.05,2.0,0.015992,0.0,0.0,2.0
56.0,10.0,0.0,0.0,0.0,0.0,0.0,0.0,0.0,0.0,0.0,0.0,0.0,0.0,1.0,31151.0,1.0,20.0,0.0,1.0,0.05,2.0,0.017991,0.0,0.0,0.0
26.0,5.0,0.0,0.0,0.0,0.0,0.0,0.0,0.0,0.0,0.0,0.0,-1.0,0.0,1.0,31101.0,1.0,20.0,0.0,1.0,0.1,2.0,0.0,0.0,0.0,2.0
26.0,5.0,0.0,0.0,0.0,0.0,0.0,0.0,0.0,0.0,0.0,0.0,-1.0,0.0,1.0,31101.0,1.0,20.0,0.0,1.0,0.1,2.0,0.001,0.0,0.0,2.0
26.0,5.0,0.0,0.0,0.0,0.0,0.0,0.0,0.0,0.0,0.0,0.0,-1.0,0.0,1.0,31101.0,1.0,20.0,0.0,1.0,0.1,2.0,0.003998,0.0,0.0,2.0
26.0,5.0,0.0,0.0,0.0,0.0,0.0,0.0,0.0,0.0,0.0,0.0,-1.0,0.0,1.0,31101.0,1.0,20.0,0.0,1.0,0.1,2.0,0.004998,0.0,0.0,2.0
26.0,5.0,0.0,0.0,0.0,0.0,0.0,0.0,0.0,0.0,0.0,0.0,-1.0,0.0,1.0,31101.0,1.0,20.0,0.0,1.0,0.1,2.0,0.005997,0.0,0.0,2.0
26.0,5.0,0.0,0.0,0.0,0.0,0.0,0.0,0.0,0.0,0.0,0.0,-1.0,0.0,1.0,31101.0,1.0,20.0,0.0,1.0,0.05,2.0,0.005997,0.0,0.0,2.0
26.0,5.0,0.0,0.0,0.0,0.0,0.0,0.0,0.0,0.0,0.0,0.0,-1.0,0.0,1.0,31101.0,1.0,20.0,0.0,1.0,0.05,2.0,0.005997,0.0,0.0,2.0
26.0,5.0,0.0,0.0,0.0,0.0,0.0,0.0,0.0,0.0,0.0,0.0,-1.0,0.0,1.0,31101.0,1.0,20.0,0.0,1.0,0.05,2.0,0.005997,0.0,0.0,2.0
26.0,5.0,0.0,0.0,0.0,0.0,0.0,0.0,0.0,0.0,0.0,0.0,-1.0,0.0,1.0,31101.0,1.0,20.0,0.0,1.0,0.05,2.0,0.008996,0.0,0.0,2.0
26.0,5.0,0.0,0.0,0.0,0.0,0.0,0.0,0.0,0.0,0.0,0.0,-1.0,0.0,1.0,31101.0,1.0,20.0,0.0,1.0,0.05,2.0,0.008996,0.0,0.0,2.0
26.0,5.0,0.0,0.0,0.0,0.0,0.0,0.0,0.0,0.0,0.0,0.0,-1.0,0.0,1.0,31101.0,1.0,20.0,0.0,1.0,0.05,2.0,0.008996,0.0,0.0,2.0
26.0,5.0,0.0,0.0,0.0,0.0,0.0,0.0,0.0,0.0,0.0,0.0,-1.0,0.0,1.0,31101.0,1.0,20.0,0.0,1.0,0.05,2.0,0.010995,0.0,0.0,2.0
26.0,5.0,0.0,0.0,0.0,0.0,0.0,0.0,0.0,0.0,0.0,0.0,-1.0,0.0,1.0,31101.0,1.0,20.0,0.0,1.0,0.05,2.0,0.010995,0.0,0.0,2.0
56.0,10.0,0.0,0.0,0.0,0.0,0.0,0.0,0.0,0.0,0.0,0.0,0.0,0.0,1.0,31151.0,1.0,20.0,0.0,1.0,0.05,2.0,0.011994,0.0,0.0,0.0
26.0,5.0,0.0,0.0,0.0,0.0,0.0,0.0,0.0,0.0,0.0,0.0,-1.0,0.0,1.0,31101.0,1.0,20.0,0.0,1.0,0.1,2.0,0.0,0.0,0.0,2.0
26.0,5.0,0.0,0.0,0.0,0.0,0.0,0.0,0.0,0.0,0.0,0.0,-1.0,0.0,1.0,31101.0,1.0,20.0,0.0,1.0,0.1,2.0,0.001999,0.0,0.0,2.0
26.0,5.0,0.0,0.0,0.0,0.0,0.0,0.0,0.0,0.0,0.0,0.0,-1.0,0.0,1.0,31101.0,1.0,20.0,0.0,1.0,0.1,2.0,0.001999,0.0,0.0,2.0
26.0,5.0,0.0,0.0,0.0,0.0,0.0,0.0,0.0,0.0,0.0,0.0,-1.0,0.0,1.0,31101.0,1.0,20.0,0.0,1.0,0.1,2.0,0.001999,0.0,0.0,2.0
26.0,5.0,0.0,0.0,0.0,0.0,0.0,0.0,0.0,0.0,0.0,0.0,-1.0,0.0,1.0,31101.0,1.0,20.0,0.0,1.0,0.1,2.0,0.001999,0.0,0.0,2.0
26.0,5.0,0.0,0.0,0.0,0.0,0.0,0.0,0.0,0.0,0.0,0.0,-1.0,0.0,1.0,31101.0,1.0,20.0,0.0,1.0,0.1,2.0,0.001999,0.0,0.0,2.0
26.0,5.0,0.0,0.0,0.0,0.0,0.0,0.0,0.0,0.0,0.0,0.0,-1.0,0.0,1.0,31101.0,1.0,20.0,0.0,1.0,0.05,2.0,0.001999,0.0,0.0,2.0
26.0,5.0,0.0,0.0,0.0,0.0,0.0,0.0,0.0,0.0,0.0,0.0,-1.0,0.0,1.0,31101.0,1.0,20.0,0.0,1.0,0.05,2.0,0.001999,0.0,0.0,2.0
26.0,5.0,0.0,0.0,0.0,0.0,0.0,0.0,0.0,0.0,0.0,0.0,-1.0,0.0,1.0,31101.0,1.0,20.0,0.0,1.0,0.05,2.0,0.004998,0.0,0.0,2.0
26.0,5.0,0.0,0.0,0.0,0.0,0.0,0.0,0.0,0.0,0.0,0.0,-1.0,0.0,1.0,31101.0,1.0,20.0,0.0,1.0,0.05,2.0,0.004998,0.0,0.0,2.0
26.0,5.0,0.0,0.0,0.0,0.0,0.0,0.0,0.0,0.0,0.0,0.0,-1.0,0.0,1.0,31101.0,1.0,20.0,0.0,1.0,0.05,2.0,0.004998,0.0,0.0,2.0
26.0,5.0,0.0,0.0,0.0,0.0,0.0,0.0,0.0,0.0,0.0,0.0,-1.0,0.0,1.0,31101.0,1.0,20.0,0.0,1.0,0.05,2.0,0.006997,0.0,0.0,2.0
26.0,5.0,0.0,0.0,0.0,0.0,0.0,0.0,0.0,0.0,0.0,0.0,-1.0,0.0,1.0,31101.0,1.0,20.0,0.0,1.0,0.05,2.0,0.007996,0.0,0.0,2.0
56.0,10.0,0.0,0.0,0.0,0.0,0.0,0.0,0.0,0.0,0.0,0.0,0.0,0.0,1.0,31151.0,1.0,20.0,0.0,1.0,0.05,2.0,0.007996,0.0,0.0,0.0
26.0,5.0,0.0,0.0,0.0,0.0,0.0,0.0,0.0,0.0,0.0,0.0,-1.0,0.0,1.0,31101.0,1.0,20.0,0.0,1.0,0.1,2.0,0.001,0.0,0.0,2.0
26.0,5.0,0.0,0.0,0.0,0.0,0.0,0.0,0.0,0.0,0.0,0.0,-1.0,0.0,1.0,31101.0,1.0,20.0,0.0,1.0,0.1,2.0,0.001,0.0,0.0,2.0
26.0,5.0,0.0,0.0,0.0,0.0,0.0,0.0,0.0,0.0,0.0,0.0,-1.0,0.0,1.0,31101.0,1.0,20.0,0.0,1.0,0.1,2.0,0.001,0.0,0.0,2.0
26.0,5.0,0.0,0.0,0.0,0.0,0.0,0.0,0.0,0.0,0.0,0.0,-1.0,0.0,1.0,31101.0,1.0,20.0,0.0,1.0,0.1,2.0,0.003998,0.0,0.0,2.0
26.0,5.0,0.0,0.0,0.0,0.0,0.0,0.0,0.0,0.0,0.0,0.0,-1.0,0.0,1.0,31101.0,1.0,20.0,0.0,1.0,0.1,2.0,0.003998,0.0,0.0,2.0
26.0,5.0,0.0,0.0,0.0,0.0,0.0,0.0,0.0,0.0,0.0,0.0,-1.0,0.0,1.0,31101.0,1.0,20.0,0.0,1.0,0.1,2.0,0.003998,0.0,0.0,2.0
26.0,5.0,0.0,0.0,0.0,0.0,0.0,0.0,0.0,0.0,0.0,0.0,-1.0,0.0,1.0,31101.0,1.0,20.0,0.0,1.0,0.05,2.0,0.005997,0.0,0.0,2.0
26.0,5.0,0.0,0.0,0.0,0.0,0.0,0.0,0.0,0.0,0.0,0.0,-1.0,0.0,1.0,31101.0,1.0,20.0,0.0,1.0,0.05,2.0,0.006997,0.0,0.0,2.0
26.0,5.0,0.0,0.0,0.0,0.0,0.0,0.0,0.0,0.0,0.0,0.0,-1.0,0.0,1.0,31101.0,1.0,20.0,0.0,1.0,0.05,2.0,0.006997,0.0,0.0,2.0
26.0,5.0,0.0,0.0,0.0,0.0,0.0,0.0,0.0,0.0,0.0,0.0,-1.0,0.0,1.0,31101.0,1.0,20.0,0.0,1.0,0.05,2.0,0.006997,0.0,0.0,2.0
26.0,5.0,0.0,0.0,0.0,0.0,0.0,0.0,0.0,0.0,0.0,0.0,-1.0,0.0,1.0,31101.0,1.0,20.0,0.0,1.0,0.05,2.0,0.006997,0.0,0.0,2.0
26.0,5.0,0.0,0.0,0.0,0.0,0.0,0.0,0.0,0.0,0.0,0.0,-1.0,0.0,1.0,31101.0,1.0,20.0,0.0,1.0,0.05,2.0,0.006997,0.0,0.0,2.0
26.0,5.0,0.0,0.0,0.0,0.0,0.0,0.0,0.0,0.0,0.0,0.0,-1.0,0.0,1.0,31101.0,1.0,20.0,0.0,1.0,0.05,2.0,0.006997,0.0,0.0,2.0
26.0,5.0,0.0,0.0,0.0,0.0,0.0,0.0,0.0,0.0,0.0,0.0,-1.0,0.0,1.0,31101.0,1.0,20.0,0.0,1.0,0.05,2.0,0.006997,0.0,0.0,2.0
56.0,10.0,0.0,0.0,0.0,0.0,0.0,0.0,0.0,0.0,0.0,0.0,0.0,0.0,1.0,31151.0,1.0,20.0,0.0,1.0,0.05,2.0,0.006997,0.0,0.0,0.0
26.0,5.0,0.0,0.0,0.0,0.0,0.0,0.0,0.0,0.0,0.0,0.0,-1.0,0.0,1.0,31101.0,1.0,20.0,0.0,1.0,0.1,2.0,0.0,0.0,0.0,2.0
26.0,5.0,0.0,0.0,0.0,0.0,0.0,0.0,0.0,0.0,0.0,0.0,-1.0,0.0,1.0,31101.0,1.0,20.0,0.0,1.0,0.1,2.0,0.0,0.0,0.0,2.0
26.0,5.0,0.0,0.0,0.0,0.0,0.0,0.0,0.0,0.0,0.0,0.0,-1.0,0.0,1.0,31101.0,1.0,20.0,0.0,1.0,0.1,2.0,0.051974,0.0,0.0,2.0
26.0,5.0,0.0,0.0,0.0,0.0,0.0,0.0,0.0,0.0,0.0,0.0,-1.0,0.0,1.0,31101.0,1.0,20.0,0.0,1.0,0.1,2.0,0.052973,0.0,0.0,2.0
26.0,5.0,0.0,0.0,0.0,0.0,0.0,0.0,0.0,0.0,0.0,0.0,-1.0,0.0,1.0,31101.0,1.0,20.0,0.0,1.0,0.1,2.0,0.052973,0.0,0.0,2.0
26.0,5.0,0.0,0.0,0.0,0.0,0.0,0.0,0.0,0.0,0.0,0.0,-1.0,0.0,1.0,31101.0,1.0,20.0,0.0,1.0,0.05,2.0,0.053973,0.0,0.0,2.0
26.0,5.0,0.0,0.0,0.0,0.0,0.0,0.0,0.0,0.0,0.0,0.0,-1.0,0.0,1.0,31101.0,1.0,20.0,0.0,1.0,0.05,2.0,0.054972,0.0,0.0,2.0
26.0,5.0,0.0,0.0,0.0,0.0,0.0,0.0,0.0,0.0,0.0,0.0,-1.0,0.0,1.0,31101.0,1.0,20.0,0.0,1.0,0.05,2.0,0.054972,0.0,0.0,2.0
26.0,5.0,0.0,0.0,0.0,0.0,0.0,0.0,0.0,0.0,0.0,0.0,-1.0,0.0,1.0,31101.0,1.0,20.0,0.0,1.0,0.05,2.0,0.055972,0.0,0.0,2.0
26.0,5.0,0.0,0.0,0.0,0.0,0.0,0.0,0.0,0.0,0.0,0.0,-1.0,0.0,1.0,31101.0,1.0,20.0,0.0,1.0,0.05,2.0,0.055972,0.0,0.0,2.0
26.0,5.0,0.0,0.0,0.0,0.0,0.0,0.0,0.0,0.0,0.0,0.0,-1.0,0.0,1.0,31101.0,1.0,20.0,0.0,1.0,0.05,2.0,0.056971,0.0,0.0,2.0
26.0,5.0,0.0,0.0,0.0,0.0,0.0,0.0,0.0,0.0,0.0,0.0,-1.0,0.0,1.0,31101.0,1.0,20.0,0.0,1.0,0.05,2.0,0.057971,0.0,0.0,2.0
56.0,10.0,0.0,0.0,0.0,0.0,0.0,0.0,0.0,0.0,0.0,0.0,0.0,0.0,1.0,31151.0,1.0,20.0,0.0,1.0,0.05,2.0,0.05897,0.0,0.0,0.0
26.0,5.0,0.0,0.0,0.0,0.0,0.0,0.0,0.0,0.0,0.0,0.0,-1.0,0.0,1.0,31101.0,1.0,20.0,0.0,1.0,0.1,2.0,0.001,0.0,0.0,2.0
26.0,5.0,0.0,0.0,0.0,0.0,0.0,0.0,0.0,0.0,0.0,0.0,-1.0,0.0,1.0,31101.0,1.0,20.0,0.0,1.0,0.1,2.0,0.005997,0.0,0.0,2.0
26.0,5.0,0.0,0.0,0.0,0.0,0.0,0.0,0.0,0.0,0.0,0.0,-1.0,0.0,1.0,31101.0,1.0,20.0,0.0,1.0,0.1,2.0,0.006997,0.0,0.0,2.0
26.0,5.0,0.0,0.0,0.0,0.0,0.0,0.0,0.0,0.0,0.0,0.0,-1.0,0.0,1.0,31101.0,1.0,20.0,0.0,1.0,0.1,2.0,0.007996,0.0,0.0,2.0
26.0,5.0,0.0,0.0,0.0,0.0,0.0,0.0,0.0,0.0,0.0,0.0,-1.0,0.0,1.0,31101.0,1.0,20.0,0.0,1.0,0.1,2.0,0.008996,0.0,0.0,2.0
26.0,5.0,0.0,0.0,0.0,0.0,0.0,0.0,0.0,0.0,0.0,0.0,-1.0,0.0,1.0,31101.0,1.0,20.0,0.0,1.0,0.1,2.0,0.008996,0.0,0.0,2.0
26.0,5.0,0.0,0.0,0.0,0.0,0.0,0.0,0.0,0.0,0.0,0.0,-1.0,0.0,1.0,31101.0,1.0,20.0,0.0,1.0,0.1,2.0,0.009995,0.0,0.0,2.0
26.0,5.0,0.0,0.0,0.0,0.0,0.0,0.0,0.0,0.0,0.0,0.0,-1.0,0.0,1.0,31101.0,1.0,20.0,0.0,1.0,0.05,2.0,0.010995,0.0,0.0,2.0
26.0,5.0,0.0,0.0,0.0,0.0,0.0,0.0,0.0,0.0,0.0,0.0,-1.0,0.0,1.0,31101.0,1.0,20.0,0.0,1.0,0.05,2.0,0.011994,0.0,0.0,2.0
26.0,5.0,0.0,0.0,0.0,0.0,0.0,0.0,0.0,0.0,0.0,0.0,-1.0,0.0,1.0,31101.0,1.0,20.0,0.0,1.0,0.05,2.0,0.014993,0.0,0.0,2.0
26.0,5.0,0.0,0.0,0.0,0.0,0.0,0.0,0.0,0.0,0.0,0.0,-1.0,0.0,1.0,31101.0,1.0,20.0,0.0,1.0,0.05,2.0,0.014993,0.0,0.0,2.0
26.0,5.0,0.0,0.0,0.0,0.0,0.0,0.0,0.0,0.0,0.0,0.0,-1.0,0.0,1.0,31101.0,1.0,20.0,0.0,1.0,0.05,2.0,0.015992,0.0,0.0,2.0
26.0,5.0,0.0,0.0,0.0,0.0,0.0,0.0,0.0,0.0,0.0,0.0,-1.0,0.0,1.0,31101.0,1.0,20.0,0.0,1.0,0.05,2.0,0.016992,0.0,0.0,2.0
26.0,5.0,0.0,0.0,0.0,0.0,0.0,0.0,0.0,0.0,0.0,0.0,-1.0,0.0,1.0,31101.0,1.0,20.0,0.0,1.0,0.05,2.0,0.016992,0.0,0.0,2.0
56.0,10.0,0.0,0.0,0.0,0.0,0.0,0.0,0.0,0.0,0.0,0.0,0.0,0.0,1.0,31151.0,1.0,20.0,0.0,1.0,0.05,2.0,0.017991,0.0,0.0,0.0
26.0,5.0,0.0,0.0,0.0,0.0,0.0,0.0,0.0,0.0,0.0,0.0,-1.0,0.0,1.0,31101.0,1.0,20.0,0.0,1.0,0.1,2.0,0.001,0.0,0.0,2.0
26.0,5.0,0.0,0.0,0.0,0.0,0.0,0.0,0.0,0.0,0.0,0.0,-1.0,0.0,1.0,31101.0,1.0,20.0,0.0,1.0,0.1,2.0,0.001,0.0,0.0,2.0
26.0,5.0,0.0,0.0,0.0,0.0,0.0,0.0,0.0,0.0,0.0,0.0,-1.0,0.0,1.0,31101.0,1.0,20.0,0.0,1.0,0.1,2.0,0.001,0.0,0.0,2.0
26.0,5.0,0.0,0.0,0.0,0.0,0.0,0.0,0.0,0.0,0.0,0.0,-1.0,0.0,1.0,31101.0,1.0,20.0,0.0,1.0,0.1,2.0,0.001,0.0,0.0,2.0
26.0,5.0,0.0,0.0,0.0,0.0,0.0,0.0,0.0,0.0,0.0,0.0,-1.0,0.0,1.0,31101.0,1.0,20.0,0.0,1.0,0.1,2.0,0.001,0.0,0.0,2.0
26.0,5.0,0.0,0.0,0.0,0.0,0.0,0.0,0.0,0.0,0.0,0.0,-1.0,0.0,1.0,31101.0,1.0,20.0,0.0,1.0,0.05,2.0,0.002999,0.0,0.0,2.0
26.0,5.0,0.0,0.0,0.0,0.0,0.0,0.0,0.0,0.0,0.0,0.0,-1.0,0.0,1.0,31101.0,1.0,20.0,0.0,1.0,0.05,2.0,0.002999,0.0,0.0,2.0
26.0,5.0,0.0,0.0,0.0,0.0,0.0,0.0,0.0,0.0,0.0,0.0,-1.0,0.0,1.0,31101.0,1.0,20.0,0.0,1.0,0.05,2.0,0.002999,0.0,0.0,2.0
26.0,5.0,0.0,0.0,0.0,0.0,0.0,0.0,0.0,0.0,0.0,0.0,-1.0,0.0,1.0,31101.0,1.0,20.0,0.0,1.0,0.05,2.0,0.002999,0.0,0.0,2.0
26.0,5.0,0.0,0.0,0.0,0.0,0.0,0.0,0.0,0.0,0.0,0.0,-1.0,0.0,1.0,31101.0,1.0,20.0,0.0,1.0,0.05,2.0,0.003998,0.0,0.0,2.0
26.0,5.0,0.0,0.0,0.0,0.0,0.0,0.0,0.0,0.0,0.0,0.0,-1.0,0.0,1.0,31101.0,1.0,20.0,0.0,1.0,0.05,2.0,0.005997,0.0,0.0,2.0
26.0,5.0,0.0,0.0,0.0,0.0,0.0,0.0,0.0,0.0,0.0,0.0,-1.0,0.0,1.0,31101.0,1.0,20.0,0.0,1.0,0.05,2.0,0.006997,0.0,0.0,2.0
26.0,5.0,0.0,0.0,0.0,0.0,0.0,0.0,0.0,0.0,0.0,0.0,-1.0,0.0,1.0,31101.0,1.0,20.0,0.0,1.0,0.05,2.0,0.006997,0.0,0.0,2.0
56.0,10.0,0.0,0.0,0.0,0.0,0.0,0.0,0.0,0.0,0.0,0.0,0.0,0.0,1.0,31151.0,1.0,20.0,0.0,1.0,0.05,2.0,0.006997,0.0,0.0,0.0
26.0,5.0,0.0,0.0,0.0,0.0,0.0,0.0,0.0,0.0,0.0,0.0,-1.0,0.0,1.0,31101.0,1.0,20.0,0.0,1.0,0.1,2.0,0.005997,0.0,0.0,2.0
26.0,5.0,0.0,0.0,0.0,0.0,0.0,0.0,0.0,0.0,0.0,0.0,-1.0,0.0,1.0,31101.0,1.0,20.0,0.0,1.0,0.1,2.0,0.005997,0.0,0.0,2.0
26.0,5.0,0.0,0.0,0.0,0.0,0.0,0.0,0.0,0.0,0.0,0.0,-1.0,0.0,1.0,31101.0,1.0,20.0,0.0,1.0,0.1,2.0,0.005997,0.0,0.0,2.0
26.0,5.0,0.0,0.0,0.0,0.0,0.0,0.0,0.0,0.0,0.0,0.0,-1.0,0.0,1.0,31101.0,1.0,20.0,0.0,1.0,0.1,2.0,0.009995,0.0,0.0,2.0
26.0,5.0,0.0,0.0,0.0,0.0,0.0,0.0,0.0,0.0,0.0,0.0,-1.0,0.0,1.0,31101.0,1.0,20.0,0.0,1.0,0.1,2.0,0.009995,0.0,0.0,2.0
26.0,5.0,0.0,0.0,0.0,0.0,0.0,0.0,0.0,0.0,0.0,0.0,-1.0,0.0,1.0,31101.0,1.0,20.0,0.0,1.0,0.1,2.0,0.012993,0.0,0.0,2.0
26.0,5.0,0.0,0.0,0.0,0.0,0.0,0.0,0.0,0.0,0.0,0.0,-1.0,0.0,1.0,31101.0,1.0,20.0,0.0,1.0,0.05,2.0,0.013993,0.0,0.0,2.0
26.0,5.0,0.0,0.0,0.0,0.0,0.0,0.0,0.0,0.0,0.0,0.0,-1.0,0.0,1.0,31101.0,1.0,20.0,0.0,1.0,0.05,2.0,0.013993,0.0,0.0,2.0
26.0,5.0,0.0,0.0,0.0,0.0,0.0,0.0,0.0,0.0,0.0,0.0,-1.0,0.0,1.0,31101.0,1.0,20.0,0.0,1.0,0.05,2.0,0.01999,0.0,0.0,2.0
26.0,5.0,0.0,0.0,0.0,0.0,0.0,0.0,0.0,0.0,0.0,0.0,-1.0,0.0,1.0,31101.0,1.0,20.0,0.0,1.0,0.05,2.0,0.01999,0.0,0.0,2.0
26.0,5.0,0.0,0.0,0.0,0.0,0.0,0.0,0.0,0.0,0.0,0.0,-1.0,0.0,1.0,31101.0,1.0,20.0,0.0,1.0,0.05,2.0,0.01999,0.0,0.0,2.0
26.0,5.0,0.0,0.0,0.0,0.0,0.0,0.0,0.0,0.0,0.0,0.0,-1.0,0.0,1.0,31101.0,1.0,20.0,0.0,1.0,0.05,2.0,0.01999,0.0,0.0,2.0
26.0,5.0,0.0,0.0,0.0,0.0,0.0,0.0,0.0,0.0,0.0,0.0,-1.0,0.0,1.0,31101.0,1.0,20.0,0.0,1.0,0.05,2.0,0.01999,0.0,0.0,2.0
56.0,10.0,0.0,0.0,0.0,0.0,0.0,0.0,0.0,0.0,0.0,0.0,0.0,0.0,1.0,31151.0,1.0,20.0,0.0,1.0,0.05,2.0,0.024987,0.0,0.0,0.0
26.0,5.0,0.0,0.0,0.0,0.0,0.0,0.0,0.0,0.0,0.0,0.0,-1.0,0.0,1.0,31101.0,1.0,20.0,0.0,1.0,0.1,2.0,0.001,0.0,0.0,2.0
26.0,5.0,0.0,0.0,0.0,0.0,0.0,0.0,0.0,0.0,0.0,0.0,-1.0,0.0,1.0,31101.0,1.0,20.0,0.0,1.0,0.1,2.0,0.003998,0.0,0.0,2.0
26.0,5.0,0.0,0.0,0.0,0.0,0.0,0.0,0.0,0.0,0.0,0.0,-1.0,0.0,1.0,31101.0,1.0,20.0,0.0,1.0,0.1,2.0,0.003998,0.0,0.0,2.0
26.0,5.0,0.0,0.0,0.0,0.0,0.0,0.0,0.0,0.0,0.0,0.0,-1.0,0.0,1.0,31101.0,1.0,20.0,0.0,1.0,0.1,2.0,0.003998,0.0,0.0,2.0
26.0,5.0,0.0,0.0,0.0,0.0,0.0,0.0,0.0,0.0,0.0,0.0,-1.0,0.0,1.0,31101.0,1.0,20.0,0.0,1.0,0.1,2.0,0.003998,0.0,0.0,2.0
26.0,5.0,0.0,0.0,0.0,0.0,0.0,0.0,0.0,0.0,0.0,0.0,-1.0,0.0,1.0,31101.0,1.0,20.0,0.0,1.0,0.1,2.0,0.006997,0.0,0.0,2.0
26.0,5.0,0.0,0.0,0.0,0.0,0.0,0.0,0.0,0.0,0.0,0.0,-1.0,0.0,1.0,31101.0,1.0,20.0,0.0,1.0,0.05,2.0,0.006997,0.0,0.0,2.0
26.0,5.0,0.0,0.0,0.0,0.0,0.0,0.0,0.0,0.0,0.0,0.0,-1.0,0.0,1.0,31101.0,1.0,20.0,0.0,1.0,0.05,2.0,0.009995,0.0,0.0,2.0
26.0,5.0,0.0,0.0,0.0,0.0,0.0,0.0,0.0,0.0,0.0,0.0,-1.0,0.0,1.0,31101.0,1.0,20.0,0.0,1.0,0.05,2.0,0.009995,0.0,0.0,2.0
26.0,5.0,0.0,0.0,0.0,0.0,0.0,0.0,0.0,0.0,0.0,0.0,-1.0,0.0,1.0,31101.0,1.0,20.0,0.0,1.0,0.05,2.0,0.009995,0.0,0.0,2.0
26.0,5.0,0.0,0.0,0.0,0.0,0.0,0.0,0.0,0.0,0.0,0.0,-1.0,0.0,1.0,31101.0,1.0,20.0,0.0,1.0,0.05,2.0,0.012994,0.0,0.0,2.0
26.0,5.0,0.0,0.0,0.0,0.0,0.0,0.0,0.0,0.0,0.0,0.0,-1.0,0.0,1.0,31101.0,1.0,20.0,0.0,1.0,0.05,2.0,0.012994,0.0,0.0,2.0
26.0,5.0,0.0,0.0,0.0,0.0,0.0,0.0,0.0,0.0,0.0,0.0,-1.0,0.0,1.0,31101.0,1.0,20.0,0.0,1.0,0.05,2.0,0.013993,0.0,0.0,2.0
56.0,10.0,0.0,0.0,0.0,0.0,0.0,0.0,0.0,0.0,0.0,0.0,0.0,0.0,1.0,31151.0,1.0,20.0,0.0,1.0,0.05,2.0,0.014993,0.0,0.0,0.0
26.0,5.0,0.0,0.0,0.0,0.0,0.0,0.0,0.0,0.0,0.0,0.0,-1.0,0.0,1.0,31101.0,1.0,20.0,0.0,1.0,0.1,2.0,0.0,0.0,0.0,2.0
26.0,5.0,0.0,0.0,0.0,0.0,0.0,0.0,0.0,0.0,0.0,0.0,-1.0,0.0,1.0,31101.0,1.0,20.0,0.0,1.0,0.1,2.0,0.002998,0.0,0.0,2.0
26.0,5.0,0.0,0.0,0.0,0.0,0.0,0.0,0.0,0.0,0.0,0.0,-1.0,0.0,1.0,31101.0,1.0,20.0,0.0,1.0,0.1,2.0,0.002998,0.0,0.0,2.0
26.0,5.0,0.0,0.0,0.0,0.0,0.0,0.0,0.0,0.0,0.0,0.0,-1.0,0.0,1.0,31101.0,1.0,20.0,0.0,1.0,0.1,2.0,0.002998,0.0,0.0,2.0
26.0,5.0,0.0,0.0,0.0,0.0,0.0,0.0,0.0,0.0,0.0,0.0,-1.0,0.0,1.0,31101.0,1.0,20.0,0.0,1.0,0.1,2.0,0.005997,0.0,0.0,2.0
26.0,5.0,0.0,0.0,0.0,0.0,0.0,0.0,0.0,0.0,0.0,0.0,-1.0,0.0,1.0,31101.0,1.0,20.0,0.0,1.0,0.1,2.0,0.005997,0.0,0.0,2.0
26.0,5.0,0.0,0.0,0.0,0.0,0.0,0.0,0.0,0.0,0.0,0.0,-1.0,0.0,1.0,31101.0,1.0,20.0,0.0,1.0,0.05,2.0,0.005997,0.0,0.0,2.0
26.0,5.0,0.0,0.0,0.0,0.0,0.0,0.0,0.0,0.0,0.0,0.0,-1.0,0.0,1.0,31101.0,1.0,20.0,0.0,1.0,0.05,2.0,0.008995,0.0,0.0,2.0
26.0,5.0,0.0,0.0,0.0,0.0,0.0,0.0,0.0,0.0,0.0,0.0,-1.0,0.0,1.0,31101.0,1.0,20.0,0.0,1.0,0.05,2.0,0.008995,0.0,0.0,2.0
26.0,5.0,0.0,0.0,0.0,0.0,0.0,0.0,0.0,0.0,0.0,0.0,-1.0,0.0,1.0,31101.0,1.0,20.0,0.0,1.0,0.05,2.0,0.008995,0.0,0.0,2.0
26.0,5.0,0.0,0.0,0.0,0.0,0.0,0.0,0.0,0.0,0.0,0.0,-1.0,0.0,1.0,31101.0,1.0,20.0,0.0,1.0,0.05,2.0,0.008995,0.0,0.0,2.0
26.0,5.0,0.0,0.0,0.0,0.0,0.0,0.0,0.0,0.0,0.0,0.0,-1.0,0.0,1.0,31101.0,1.0,20.0,0.0,1.0,0.05,2.0,0.008995,0.0,0.0,2.0
26.0,5.0,0.0,0.0,0.0,0.0,0.0,0.0,0.0,0.0,0.0,0.0,-1.0,0.0,1.0,31101.0,1.0,20.0,0.0,1.0,0.05,2.0,0.013993,0.0,0.0,2.0
56.0,10.0,0.0,0.0,0.0,0.0,0.0,0.0,0.0,0.0,0.0,0.0,0.0,0.0,1.0,31151.0,1.0,20.0,0.0,1.0,0.05,2.0,0.014992,0.0,0.0,0.0
56.0,10.0,0.0,0.0,0.0,0.0,0.0,0.0,0.0,0.0,0.0,0.0,0.0,0.0,1.0,31151.0,1.0,20.0,0.0,1.0,0.1,2.0,0.0,0.0,0.0,0.0
26.0,5.0,0.0,0.0,0.0,0.0,0.0,0.0,0.0,0.0,0.0,0.0,-1.0,0.0,1.0,31101.0,1.0,20.0,0.0,1.0,0.15,2.0,0.0,0.0,0.0,2.0
26.0,5.0,0.0,0.0,0.0,0.0,0.0,0.0,0.0,0.0,0.0,0.0,-1.0,0.0,1.0,31101.0,1.0,20.0,0.0,1.0,0.15,2.0,0.0,0.0,0.0,2.0
26.0,5.0,0.0,0.0,0.0,0.0,0.0,0.0,0.0,0.0,0.0,0.0,-1.0,0.0,1.0,31101.0,1.0,20.0,0.0,1.0,0.15,2.0,0.005997,0.0,0.0,2.0
26.0,5.0,0.0,0.0,0.0,0.0,0.0,0.0,0.0,0.0,0.0,0.0,-1.0,0.0,1.0,31101.0,1.0,20.0,0.0,1.0,0.15,2.0,0.006997,0.0,0.0,2.0
26.0,5.0,0.0,0.0,0.0,0.0,0.0,0.0,0.0,0.0,0.0,0.0,-1.0,0.0,1.0,31101.0,1.0,20.0,0.0,1.0,0.15,2.0,0.008996,0.0,0.0,2.0
26.0,5.0,0.0,0.0,0.0,0.0,0.0,0.0,0.0,0.0,0.0,0.0,-1.0,0.0,1.0,31101.0,1.0,20.0,0.0,1.0,0.1,2.0,0.008996,0.0,0.0,2.0
26.0,5.0,0.0,0.0,0.0,0.0,0.0,0.0,0.0,0.0,0.0,0.0,-1.0,0.0,1.0,31101.0,1.0,20.0,0.0,1.0,0.1,2.0,0.011994,0.0,0.0,2.0
26.0,5.0,0.0,0.0,0.0,0.0,0.0,0.0,0.0,0.0,0.0,0.0,-1.0,0.0,1.0,31101.0,1.0,20.0,0.0,1.0,0.1,2.0,0.013993,0.0,0.0,2.0
26.0,5.0,0.0,0.0,0.0,0.0,0.0,0.0,0.0,0.0,0.0,0.0,-1.0,0.0,1.0,31101.0,1.0,20.0,0.0,1.0,0.1,2.0,0.013993,0.0,0.0,2.0
26.0,5.0,0.0,0.0,0.0,0.0,0.0,0.0,0.0,0.0,0.0,0.0,-1.0,0.0,1.0,31101.0,1.0,20.0,0.0,1.0,0.1,2.0,0.014993,0.0,0.0,2.0
26.0,5.0,0.0,0.0,0.0,0.0,0.0,0.0,0.0,0.0,0.0,0.0,-1.0,0.0,1.0,31101.0,1.0,20.0,0.0,1.0,0.1,2.0,0.017991,0.0,0.0,2.0
26.0,5.0,0.0,0.0,0.0,0.0,0.0,0.0,0.0,0.0,0.0,0.0,-1.0,0.0,1.0,31101.0,1.0,20.0,0.0,1.0,0.1,2.0,0.018991,0.0,0.0,2.0
26.0,5.0,0.0,0.0,0.0,0.0,0.0,0.0,0.0,0.0,0.0,0.0,-1.0,0.0,1.0,31101.0,1.0,20.0,0.0,1.0,0.1,2.0,0.018991,0.0,0.0,2.0
56.0,10.0,0.0,0.0,0.0,0.0,0.0,0.0,0.0,0.0,0.0,0.0,0.0,0.0,1.0,31151.0,1.0,20.0,0.0,1.0,0.1,2.0,0.018991,0.0,0.0,0.0
26.0,5.0,0.0,0.0,0.0,0.0,0.0,0.0,0.0,0.0,0.0,0.0,-1.0,0.0,1.0,31101.0,1.0,20.0,0.0,1.0,0.15,2.0,0.0,0.0,0.0,2.0
26.0,5.0,0.0,0.0,0.0,0.0,0.0,0.0,0.0,0.0,0.0,0.0,-1.0,0.0,1.0,31101.0,1.0,20.0,0.0,1.0,0.15,2.0,0.0,0.0,0.0,2.0
26.0,5.0,0.0,0.0,0.0,0.0,0.0,0.0,0.0,0.0,0.0,0.0,-1.0,0.0,1.0,31101.0,1.0,20.0,0.0,1.0,0.15,2.0,0.0,0.0,0.0,2.0
26.0,5.0,0.0,0.0,0.0,0.0,0.0,0.0,0.0,0.0,0.0,0.0,-1.0,0.0,1.0,31101.0,1.0,20.0,0.0,1.0,0.15,2.0,0.0,0.0,0.0,2.0
26.0,5.0,0.0,0.0,0.0,0.0,0.0,0.0,0.0,0.0,0.0,0.0,-1.0,0.0,1.0,31101.0,1.0,20.0,0.0,1.0,0.15,2.0,0.054972,0.0,0.0,2.0
26.0,5.0,0.0,0.0,0.0,0.0,0.0,0.0,0.0,0.0,0.0,0.0,-1.0,0.0,1.0,31101.0,1.0,20.0,0.0,1.0,0.1,2.0,0.055972,0.0,0.0,2.0
26.0,5.0,0.0,0.0,0.0,0.0,0.0,0.0,0.0,0.0,0.0,0.0,-1.0,0.0,1.0,31101.0,1.0,20.0,0.0,1.0,0.05,2.0,0.056971,0.0,0.0,2.0
26.0,5.0,0.0,0.0,0.0,0.0,0.0,0.0,0.0,0.0,0.0,0.0,-1.0,0.0,1.0,31101.0,1.0,20.0,0.0,1.0,0.05,2.0,0.056971,0.0,0.0,2.0
26.0,5.0,0.0,0.0,0.0,0.0,0.0,0.0,0.0,0.0,0.0,0.0,-1.0,0.0,1.0,31101.0,1.0,20.0,0.0,1.0,0.05,2.0,0.05997,0.0,0.0,2.0
26.0,5.0,0.0,0.0,0.0,0.0,0.0,0.0,0.0,0.0,0.0,0.0,-1.0,0.0,1.0,31101.0,1.0,20.0,0.0,1.0,0.05,2.0,0.061969,0.0,0.0,2.0
26.0,5.0,0.0,0.0,0.0,0.0,0.0,0.0,0.0,0.0,0.0,0.0,-1.0,0.0,1.0,31101.0,1.0,20.0,0.0,1.0,0.05,2.0,0.063968,0.0,0.0,2.0
26.0,5.0,0.0,0.0,0.0,0.0,0.0,0.0,0.0,0.0,0.0,0.0,-1.0,0.0,1.0,31101.0,1.0,20.0,0.0,1.0,0.05,2.0,0.063968,0.0,0.0,2.0
56.0,10.0,0.0,0.0,0.0,0.0,0.0,0.0,0.0,0.0,0.0,0.0,0.0,0.0,1.0,31151.0,1.0,20.0,0.0,1.0,0.05,2.0,0.063968,0.0,0.0,0.0
26.0,5.0,0.0,0.0,0.0,0.0,0.0,0.0,0.0,0.0,0.0,0.0,-1.0,0.0,1.0,31101.0,1.0,20.0,0.0,1.0,0.1,2.0,0.0,0.0,0.0,2.0
26.0,5.0,0.0,0.0,0.0,0.0,0.0,0.0,0.0,0.0,0.0,0.0,-1.0,0.0,1.0,31101.0,1.0,20.0,0.0,1.0,0.1,2.0,0.0,0.0,0.0,2.0
26.0,5.0,0.0,0.0,0.0,0.0,0.0,0.0,0.0,0.0,0.0,0.0,-1.0,0.0,1.0,31101.0,1.0,20.0,0.0,1.0,0.1,2.0,0.0,0.0,0.0,2.0
26.0,5.0,0.0,0.0,0.0,0.0,0.0,0.0,0.0,0.0,0.0,0.0,-1.0,0.0,1.0,31101.0,1.0,20.0,0.0,1.0,0.1,2.0,0.0,0.0,0.0,2.0
26.0,5.0,0.0,0.0,0.0,0.0,0.0,0.0,0.0,0.0,0.0,0.0,-1.0,0.0,1.0,31101.0,1.0,20.0,0.0,1.0,0.1,2.0,0.0,0.0,0.0,2.0
26.0,5.0,0.0,0.0,0.0,0.0,0.0,0.0,0.0,0.0,0.0,0.0,-1.0,0.0,1.0,31101.0,1.0,20.0,0.0,1.0,0.1,2.0,0.0,0.0,0.0,2.0
26.0,5.0,0.0,0.0,0.0,0.0,0.0,0.0,0.0,0.0,0.0,0.0,-1.0,0.0,1.0,31101.0,1.0,20.0,0.0,1.0,0.1,2.0,0.0,0.0,0.0,2.0
26.0,5.0,0.0,0.0,0.0,0.0,0.0,0.0,0.0,0.0,0.0,0.0,-1.0,0.0,1.0,31101.0,1.0,20.0,0.0,1.0,0.05,2.0,0.0,0.0,0.0,2.0
26.0,5.0,0.0,0.0,0.0,0.0,0.0,0.0,0.0,0.0,0.0,0.0,-1.0,0.0,1.0,31101.0,1.0,20.0,0.0,1.0,0.05,2.0,0.0,0.0,0.0,2.0
26.0,5.0,0.0,0.0,0.0,0.0,0.0,0.0,0.0,0.0,0.0,0.0,-1.0,0.0,1.0,31101.0,1.0,20.0,0.0,1.0,0.05,2.0,0.0,0.0,0.0,2.0
26.0,5.0,0.0,0.0,0.0,0.0,0.0,0.0,0.0,0.0,0.0,0.0,-1.0,0.0,1.0,31101.0,1.0,20.0,0.0,1.0,0.05,2.0,0.0,0.0,0.0,2.0
26.0,5.0,0.0,0.0,0.0,0.0,0.0,0.0,0.0,0.0,0.0,0.0,-1.0,0.0,1.0,31101.0,1.0,20.0,0.0,1.0,0.05,2.0,0.0,0.0,0.0,2.0
26.0,5.0,0.0,0.0,0.0,0.0,0.0,0.0,0.0,0.0,0.0,0.0,-1.0,0.0,1.0,31101.0,1.0,20.0,0.0,1.0,0.05,2.0,0.0,0.0,0.0,2.0
56.0,10.0,0.0,0.0,0.0,0.0,0.0,0.0,0.0,0.0,0.0,0.0,0.0,0.0,1.0,31151.0,1.0,20.0,0.0,1.0,0.05,2.0,0.0,0.0,0.0,0.0
26.0,5.0,0.0,0.0,0.0,0.0,0.0,0.0,0.0,0.0,0.0,0.0,-1.0,0.0,1.0,31101.0,1.0,20.0,0.0,1.0,0.1,2.0,0.120939,0.0,0.0,2.0
26.0,5.0,0.0,0.0,0.0,0.0,0.0,0.0,0.0,0.0,0.0,0.0,-1.0,0.0,1.0,31101.0,1.0,20.0,0.0,1.0,0.1,2.0,0.120939,0.0,0.0,2.0
26.0,5.0,0.0,0.0,0.0,0.0,0.0,0.0,0.0,0.0,0.0,0.0,-1.0,0.0,1.0,31101.0,1.0,20.0,0.0,1.0,0.1,2.0,0.120939,0.0,0.0,2.0
26.0,5.0,0.0,0.0,0.0,0.0,0.0,0.0,0.0,0.0,0.0,0.0,-1.0,0.0,1.0,31101.0,1.0,20.0,0.0,1.0,0.1,2.0,0.122938,0.0,0.0,2.0
26.0,5.0,0.0,0.0,0.0,0.0,0.0,0.0,0.0,0.0,0.0,0.0,-1.0,0.0,1.0,31101.0,1.0,20.0,0.0,1.0,0.1,2.0,0.35882,0.0,0.0,2.0
26.0,5.0,0.0,0.0,0.0,0.0,0.0,0.0,0.0,0.0,0.0,0.0,-1.0,0.0,1.0,31101.0,1.0,20.0,0.0,1.0,0.1,2.0,0.35882,0.0,0.0,2.0
26.0,5.0,0.0,0.0,0.0,0.0,0.0,0.0,0.0,0.0,0.0,0.0,-1.0,0.0,1.0,31101.0,1.0,20.0,0.0,1.0,0.05,2.0,0.35982,0.0,0.0,2.0
26.0,5.0,0.0,0.0,0.0,0.0,0.0,0.0,0.0,0.0,0.0,0.0,-1.0,0.0,1.0,31101.0,1.0,20.0,0.0,1.0,0.05,2.0,0.360819,0.0,0.0,2.0
26.0,5.0,0.0,0.0,0.0,0.0,0.0,0.0,0.0,0.0,0.0,0.0,-1.0,0.0,1.0,31101.0,1.0,20.0,0.0,1.0,0.05,2.0,0.427786,0.0,0.0,2.0
26.0,5.0,0.0,0.0,0.0,0.0,0.0,0.0,0.0,0.0,0.0,0.0,-1.0,0.0,1.0,31101.0,1.0,20.0,0.0,1.0,0.05,2.0,0.427786,0.0,0.0,2.0
56.0,10.0,0.0,0.0,0.0,0.0,0.0,0.0,0.0,0.0,0.0,0.0,0.0,0.0,1.0,31151.0,1.0,20.0,0.0,1.0,0.05,2.0,0.427786,0.0,0.0,0.0
26.0,5.0,0.0,0.0,0.0,0.0,0.0,0.0,0.0,0.0,0.0,0.0,-1.0,0.0,1.0,31101.0,1.0,20.0,0.0,1.0,0.1,2.0,0.054972,0.0,0.0,2.0
26.0,5.0,0.0,0.0,0.0,0.0,0.0,0.0,0.0,0.0,0.0,0.0,-1.0,0.0,1.0,31101.0,1.0,20.0,0.0,1.0,0.1,2.0,0.054972,0.0,0.0,2.0
26.0,5.0,0.0,0.0,0.0,0.0,0.0,0.0,0.0,0.0,0.0,0.0,-1.0,0.0,1.0,31101.0,1.0,20.0,0.0,1.0,0.1,2.0,0.056971,0.0,0.0,2.0
26.0,5.0,0.0,0.0,0.0,0.0,0.0,0.0,0.0,0.0,0.0,0.0,-1.0,0.0,1.0,31101.0,1.0,20.0,0.0,1.0,0.1,2.0,0.056971,0.0,0.0,2.0
26.0,5.0,0.0,0.0,0.0,0.0,0.0,0.0,0.0,0.0,0.0,0.0,-1.0,0.0,1.0,31101.0,1.0,20.0,0.0,1.0,0.1,2.0,0.056971,0.0,0.0,2.0
26.0,5.0,0.0,0.0,0.0,0.0,0.0,0.0,0.0,0.0,0.0,0.0,-1.0,0.0,1.0,31101.0,1.0,20.0,0.0,1.0,0.1,2.0,0.056971,0.0,0.0,2.0
26.0,5.0,0.0,0.0,0.0,0.0,0.0,0.0,0.0,0.0,0.0,0.0,-1.0,0.0,1.0,31101.0,1.0,20.0,0.0,1.0,0.1,2.0,0.056971,0.0,0.0,2.0
26.0,5.0,0.0,0.0,0.0,0.0,0.0,0.0,0.0,0.0,0.0,0.0,-1.0,0.0,1.0,31101.0,1.0,20.0,0.0,1.0,0.1,2.0,0.062968,0.0,0.0,2.0
26.0,5.0,0.0,0.0,0.0,0.0,0.0,0.0,0.0,0.0,0.0,0.0,-1.0,0.0,1.0,31101.0,1.0,20.0,0.0,1.0,0.1,2.0,0.062968,0.0,0.0,2.0
26.0,5.0,0.0,0.0,0.0,0.0,0.0,0.0,0.0,0.0,0.0,0.0,-1.0,0.0,1.0,31101.0,1.0,20.0,0.0,1.0,0.05,2.0,0.062968,0.0,0.0,2.0
26.0,5.0,0.0,0.0,0.0,0.0,0.0,0.0,0.0,0.0,0.0,0.0,-1.0,0.0,1.0,31101.0,1.0,20.0,0.0,1.0,0.05,2.0,0.116941,0.0,0.0,2.0
56.0,10.0,0.0,0.0,0.0,0.0,0.0,0.0,0.0,0.0,0.0,0.0,0.0,0.0,1.0,31151.0,1.0,20.0,0.0,1.0,0.05,2.0,0.116941,0.0,0.0,0.0
26.0,5.0,0.0,0.0,0.0,0.0,0.0,0.0,0.0,0.0,0.0,0.0,-1.0,0.0,1.0,31101.0,1.0,20.0,0.0,1.0,0.1,2.0,0.118941,0.0,0.0,2.0
26.0,5.0,0.0,0.0,0.0,0.0,0.0,0.0,0.0,0.0,0.0,0.0,-1.0,0.0,1.0,31101.0,1.0,20.0,0.0,1.0,0.1,2.0,0.124938,0.0,0.0,2.0
26.0,5.0,0.0,0.0,0.0,0.0,0.0,0.0,0.0,0.0,0.0,0.0,-1.0,0.0,1.0,31101.0,1.0,20.0,0.0,1.0,0.1,2.0,0.125937,0.0,0.0,2.0
26.0,5.0,0.0,0.0,0.0,0.0,0.0,0.0,0.0,0.0,0.0,0.0,-1.0,0.0,1.0,31101.0,1.0,20.0,0.0,1.0,0.1,2.0,0.125937,0.0,0.0,2.0
26.0,5.0,0.0,0.0,0.0,0.0,0.0,0.0,0.0,0.0,0.0,0.0,-1.0,0.0,1.0,31101.0,1.0,20.0,0.0,1.0,0.1,2.0,0.126937,0.0,0.0,2.0
26.0,5.0,0.0,0.0,0.0,0.0,0.0,0.0,0.0,0.0,0.0,0.0,-1.0,0.0,1.0,31101.0,1.0,20.0,0.0,1.0,0.1,2.0,0.126937,0.0,0.0,2.0
26.0,5.0,0.0,0.0,0.0,0.0,0.0,0.0,0.0,0.0,0.0,0.0,-1.0,0.0,1.0,31101.0,1.0,20.0,0.0,1.0,0.1,2.0,0.126937,0.0,0.0,2.0
26.0,5.0,0.0,0.0,0.0,0.0,0.0,0.0,0.0,0.0,0.0,0.0,-1.0,0.0,1.0,31101.0,1.0,20.0,0.0,1.0,0.1,2.0,0.126937,0.0,0.0,2.0
26.0,5.0,0.0,0.0,0.0,0.0,0.0,0.0,0.0,0.0,0.0,0.0,-1.0,0.0,1.0,31101.0,1.0,20.0,0.0,1.0,0.05,2.0,0.126937,0.0,0.0,2.0
26.0,5.0,0.0,0.0,0.0,0.0,0.0,0.0,0.0,0.0,0.0,0.0,-1.0,0.0,1.0,31101.0,1.0,20.0,0.0,1.0,0.05,2.0,0.126937,0.0,0.0,2.0
26.0,5.0,0.0,0.0,0.0,0.0,0.0,0.0,0.0,0.0,0.0,0.0,-1.0,0.0,1.0,31101.0,1.0,20.0,0.0,1.0,0.05,2.0,0.17991,0.0,0.0,2.0
56.0,10.0,0.0,0.0,0.0,0.0,0.0,0.0,0.0,0.0,0.0,0.0,0.0,0.0,1.0,31151.0,1.0,20.0,0.0,1.0,0.05,2.0,0.17991,0.0,0.0,0.0
26.0,5.0,0.0,0.0,0.0,0.0,0.0,0.0,0.0,0.0,0.0,0.0,-1.0,0.0,1.0,31101.0,1.0,20.0,0.0,1.0,0.1,2.0,0.156922,0.0,0.0,2.0
26.0,5.0,0.0,0.0,0.0,0.0,0.0,0.0,1.0,0.0,0.0,0.0,-1.0,0.0,1.0,31101.0,1.0,20.0,0.0,1.0,0.1,2.0,0.156922,0.0,0.0,2.0
26.0,5.0,0.0,0.0,0.0,0.0,0.0,0.0,1.0,0.0,0.0,0.0,-1.0,0.0,1.0,31101.0,1.0,20.0,0.0,1.0,0.1,2.0,0.156922,0.0,0.0,2.0
26.0,5.0,0.0,0.0,0.0,0.0,0.0,0.0,1.0,0.0,0.0,0.0,-1.0,0.0,1.0,31101.0,1.0,20.0,0.0,1.0,0.1,2.0,0.156922,0.0,0.0,2.0
26.0,5.0,0.0,0.0,0.0,0.0,0.0,0.0,0.0,0.0,0.0,0.0,-1.0,0.0,1.0,31101.0,1.0,20.0,0.0,1.0,0.1,2.0,0.156922,0.0,0.0,2.0
26.0,5.0,0.0,0.0,0.0,0.0,0.0,0.0,1.0,0.0,0.0,0.0,-1.0,0.0,1.0,31101.0,1.0,20.0,0.0,1.0,0.1,2.0,0.212894,0.0,0.0,2.0
26.0,5.0,0.0,0.0,0.0,0.0,0.0,0.0,1.0,0.0,0.0,0.0,-1.0,0.0,1.0,31101.0,1.0,20.0,0.0,1.0,0.1,2.0,0.212894,0.0,0.0,2.0
26.0,5.0,0.0,0.0,0.0,0.0,0.0,0.0,0.0,0.0,0.0,0.0,-1.0,0.0,1.0,31101.0,1.0,20.0,0.0,1.0,0.1,2.0,0.212894,0.0,0.0,2.0
26.0,5.0,0.0,0.0,0.0,0.0,0.0,0.0,0.0,0.0,0.0,0.0,-1.0,0.0,1.0,31101.0,1.0,20.0,0.0,1.0,0.05,2.0,0.275862,0.0,0.0,2.0
26.0,5.0,0.0,0.0,0.0,0.0,0.0,0.0,0.0,0.0,0.0,0.0,-1.0,0.0,1.0,31101.0,1.0,20.0,0.0,1.0,0.05,2.0,0.277861,0.0,0.0,2.0
26.0,5.0,0.0,0.0,0.0,0.0,0.0,0.0,0.0,0.0,0.0,0.0,-1.0,0.0,1.0,31101.0,1.0,20.0,0.0,1.0,0.05,2.0,0.277861,0.0,0.0,2.0
26.0,5.0,0.0,0.0,0.0,0.0,0.0,0.0,0.0,0.0,0.0,0.0,-1.0,0.0,1.0,31101.0,1.0,20.0,0.0,1.0,0.05,2.0,0.383808,0.0,0.0,2.0
26.0,5.0,0.0,0.0,0.0,0.0,0.0,0.0,0.0,0.0,0.0,0.0,-1.0,0.0,1.0,31101.0,1.0,20.0,0.0,1.0,0.05,2.0,0.383808,0.0,0.0,2.0
26.0,5.0,0.0,0.0,0.0,0.0,0.0,0.0,0.0,0.0,0.0,0.0,-1.0,0.0,1.0,31101.0,1.0,20.0,0.0,1.0,0.05,2.0,0.383808,0.0,0.0,2.0
26.0,5.0,0.0,0.0,0.0,0.0,0.0,0.0,0.0,0.0,0.0,0.0,-1.0,0.0,1.0,31101.0,1.0,20.0,0.0,1.0,0.05,2.0,0.383808,0.0,0.0,2.0
26.0,5.0,0.0,0.0,0.0,0.0,0.0,0.0,0.0,0.0,0.0,0.0,-1.0,0.0,1.0,31101.0,1.0,20.0,0.0,1.0,0.05,2.0,0.537731,0.0,0.0,2.0
26.0,5.0,0.0,0.0,0.0,0.0,0.0,0.0,0.0,0.0,0.0,0.0,-1.0,0.0,1.0,31101.0,1.0,20.0,0.0,1.0,0.05,2.0,0.538731,0.0,0.0,2.0
26.0,5.0,0.0,0.0,0.0,0.0,0.0,0.0,0.0,0.0,0.0,0.0,-1.0,0.0,1.0,31101.0,1.0,20.0,0.0,1.0,0.05,2.0,0.538731,0.0,0.0,2.0
26.0,5.0,0.0,0.0,0.0,0.0,0.0,0.0,0.0,0.0,0.0,0.0,-1.0,0.0,1.0,31101.0,1.0,20.0,0.0,1.0,0.05,2.0,0.538731,0.0,0.0,2.0
26.0,5.0,0.0,0.0,0.0,0.0,0.0,0.0,0.0,0.0,0.0,0.0,-1.0,0.0,1.0,31101.0,1.0,20.0,0.0,1.0,0.05,2.0,0.538731,0.0,0.0,2.0
26.0,5.0,0.0,0.0,0.0,0.0,0.0,0.0,0.0,0.0,0.0,0.0,-1.0,0.0,1.0,31101.0,1.0,20.0,0.0,1.0,0.0,1.0,999.0,0.0,0.0,2.0
26.0,5.0,0.0,0.0,0.0,0.0,0.0,0.0,0.0,0.0,0.0,0.0,-1.0,0.0,1.0,31101.0,1.0,20.0,0.0,1.0,0.0,1.0,999.0,0.0,0.0,2.0
26.0,5.0,0.0,0.0,0.0,0.0,0.0,0.0,0.0,0.0,0.0,0.0,-1.0,0.0,1.0,31101.0,1.0,20.0,0.0,1.0,0.0,1.0,999.0,0.0,0.0,2.0
56.0,10.0,0.0,0.0,0.0,0.0,0.0,0.0,0.0,0.0,0.0,0.0,0.0,0.0,1.0,31151.0,1.0,20.0,0.0,1.0,0.0,1.0,999.0,0.0,0.0,0.0
26.0,5.0,0.0,0.0,0.0,0.0,0.0,0.0,0.0,0.0,0.0,0.0,-1.0,0.0,1.0,31101.0,1.0,20.0,0.0,1.0,0.05,2.0,0.0,0.0,0.0,2.0
26.0,5.0,0.0,0.0,0.0,0.0,0.0,0.0,0.0,0.0,0.0,0.0,-1.0,0.0,1.0,31101.0,1.0,20.0,0.0,1.0,0.05,2.0,0.0,0.0,0.0,2.0
26.0,5.0,0.0,0.0,0.0,0.0,0.0,0.0,0.0,0.0,0.0,0.0,-1.0,0.0,1.0,31101.0,1.0,20.0,0.0,1.0,0.05,2.0,0.0,0.0,0.0,2.0
26.0,5.0,0.0,0.0,0.0,0.0,0.0,0.0,0.0,0.0,0.0,0.0,-1.0,0.0,1.0,31101.0,1.0,20.0,0.0,1.0,0.05,2.0,0.0,0.0,0.0,2.0
26.0,5.0,0.0,0.0,0.0,0.0,0.0,0.0,0.0,0.0,0.0,0.0,-1.0,0.0,1.0,31101.0,1.0,20.0,0.0,1.0,0.05,2.0,0.0,0.0,0.0,2.0
26.0,5.0,0.0,0.0,0.0,0.0,0.0,0.0,0.0,0.0,0.0,0.0,-1.0,0.0,1.0,31101.0,1.0,20.0,0.0,1.0,0.05,2.0,0.007996,0.0,0.0,2.0
26.0,5.0,0.0,0.0,0.0,0.0,0.0,0.0,0.0,0.0,0.0,0.0,-1.0,0.0,1.0,31101.0,1.0,20.0,0.0,1.0,0.05,2.0,0.007996,0.0,0.0,2.0
26.0,5.0,0.0,0.0,0.0,0.0,0.0,0.0,0.0,0.0,0.0,0.0,-1.0,0.0,1.0,31101.0,1.0,20.0,0.0,1.0,0.05,2.0,0.007996,0.0,0.0,2.0
26.0,5.0,0.0,0.0,0.0,0.0,0.0,0.0,0.0,0.0,0.0,0.0,-1.0,0.0,1.0,31101.0,1.0,20.0,0.0,1.0,0.05,2.0,0.007996,0.0,0.0,2.0
26.0,5.0,0.0,0.0,0.0,0.0,0.0,0.0,0.0,0.0,0.0,0.0,-1.0,0.0,1.0,31101.0,1.0,20.0,0.0,1.0,0.05,2.0,0.007996,0.0,0.0,2.0
26.0,5.0,0.0,0.0,0.0,0.0,0.0,0.0,0.0,0.0,0.0,0.0,-1.0,0.0,1.0,31101.0,1.0,20.0,0.0,1.0,0.05,2.0,0.007996,0.0,0.0,2.0
26.0,5.0,0.0,0.0,0.0,0.0,0.0,0.0,0.0,0.0,0.0,0.0,-1.0,0.0,1.0,31101.0,1.0,20.0,0.0,1.0,0.05,2.0,0.011994,0.0,0.0,2.0
26.0,5.0,0.0,0.0,0.0,0.0,0.0,0.0,0.0,0.0,0.0,0.0,-1.0,0.0,1.0,31101.0,1.0,20.0,0.0,1.0,0.05,2.0,0.012993,0.0,0.0,2.0
56.0,10.0,0.0,0.0,0.0,0.0,0.0,0.0,0.0,0.0,0.0,0.0,0.0,0.0,1.0,31151.0,1.0,20.0,0.0,1.0,0.05,2.0,0.013993,0.0,0.0,0.0
26.0,5.0,0.0,0.0,0.0,0.0,0.0,0.0,0.0,0.0,0.0,0.0,-1.0,0.0,1.0,31101.0,1.0,20.0,0.0,1.0,0.1,2.0,0.000999,0.0,0.0,2.0
26.0,5.0,0.0,0.0,0.0,0.0,0.0,0.0,0.0,0.0,0.0,0.0,-1.0,0.0,1.0,31101.0,1.0,20.0,0.0,1.0,0.1,2.0,0.000999,0.0,0.0,2.0
26.0,5.0,0.0,0.0,0.0,0.0,0.0,0.0,0.0,0.0,0.0,0.0,-1.0,0.0,1.0,31101.0,1.0,20.0,0.0,1.0,0.1,2.0,0.000999,0.0,0.0,2.0
26.0,5.0,0.0,0.0,0.0,0.0,0.0,0.0,0.0,0.0,0.0,0.0,-1.0,0.0,1.0,31101.0,1.0,20.0,0.0,1.0,0.1,2.0,0.001999,0.0,0.0,2.0
26.0,5.0,0.0,0.0,0.0,0.0,0.0,0.0,0.0,0.0,0.0,0.0,-1.0,0.0,1.0,31101.0,1.0,20.0,0.0,1.0,0.1,2.0,0.001999,0.0,0.0,2.0
26.0,5.0,0.0,0.0,0.0,0.0,0.0,0.0,0.0,0.0,0.0,0.0,-1.0,0.0,1.0,31101.0,1.0,20.0,0.0,1.0,0.1,2.0,0.002998,0.0,0.0,2.0
26.0,5.0,0.0,0.0,0.0,0.0,0.0,0.0,0.0,0.0,0.0,0.0,-1.0,0.0,1.0,31101.0,1.0,20.0,0.0,1.0,0.05,2.0,0.003998,0.0,0.0,2.0
26.0,5.0,0.0,0.0,0.0,0.0,0.0,0.0,0.0,0.0,0.0,0.0,-1.0,0.0,1.0,31101.0,1.0,20.0,0.0,1.0,0.05,2.0,0.003998,0.0,0.0,2.0
26.0,5.0,0.0,0.0,0.0,0.0,0.0,0.0,0.0,0.0,0.0,0.0,-1.0,0.0,1.0,31101.0,1.0,20.0,0.0,1.0,0.05,2.0,0.003998,0.0,0.0,2.0
26.0,5.0,0.0,0.0,0.0,0.0,0.0,0.0,0.0,0.0,0.0,0.0,-1.0,0.0,1.0,31101.0,1.0,20.0,0.0,1.0,0.05,2.0,0.005997,0.0,0.0,2.0
26.0,5.0,0.0,0.0,0.0,0.0,0.0,0.0,0.0,0.0,0.0,0.0,-1.0,0.0,1.0,31101.0,1.0,20.0,0.0,1.0,0.05,2.0,0.005997,0.0,0.0,2.0
26.0,5.0,0.0,0.0,0.0,0.0,0.0,0.0,0.0,0.0,0.0,0.0,-1.0,0.0,1.0,31101.0,1.0,20.0,0.0,1.0,0.05,2.0,0.005997,0.0,0.0,2.0
26.0,5.0,0.0,0.0,0.0,0.0,0.0,0.0,0.0,0.0,0.0,0.0,-1.0,0.0,1.0,31101.0,1.0,20.0,0.0,1.0,0.05,2.0,0.005997,0.0,0.0,2.0
56.0,10.0,0.0,0.0,0.0,0.0,0.0,0.0,0.0,0.0,0.0,0.0,0.0,0.0,1.0,31151.0,1.0,20.0,0.0,1.0,0.05,2.0,0.005997,0.0,0.0,0.0
26.0,5.0,0.0,0.0,0.0,0.0,0.0,0.0,0.0,0.0,0.0,0.0,-1.0,0.0,1.0,31101.0,1.0,20.0,0.0,1.0,0.1,2.0,0.050974,0.0,0.0,2.0
26.0,5.0,0.0,0.0,1.0,0.0,0.0,0.0,0.0,0.0,0.0,0.0,-1.0,0.0,1.0,31101.0,1.0,20.0,0.0,1.0,0.1,2.0,0.050974,0.0,0.0,2.0
26.0,5.0,0.0,0.0,1.0,0.0,0.0,0.0,0.0,0.0,0.0,0.0,-1.0,0.0,1.0,31101.0,1.0,20.0,0.0,1.0,0.1,2.0,0.050974,0.0,0.0,2.0
26.0,5.0,0.0,0.0,0.0,0.0,0.0,0.0,0.0,0.0,0.0,0.0,-1.0,0.0,1.0,31101.0,1.0,20.0,0.0,1.0,0.1,2.0,0.050974,0.0,0.0,2.0
26.0,5.0,0.0,0.0,0.0,0.0,0.0,0.0,0.0,0.0,0.0,0.0,-1.0,0.0,1.0,31101.0,1.0,20.0,0.0,1.0,0.1,2.0,0.050974,0.0,0.0,2.0
26.0,5.0,0.0,0.0,0.0,0.0,0.0,0.0,0.0,0.0,0.0,0.0,-1.0,0.0,1.0,31101.0,1.0,20.0,0.0,1.0,0.1,2.0,0.050974,0.0,0.0,2.0
26.0,5.0,0.0,0.0,0.0,0.0,0.0,0.0,0.0,0.0,0.0,0.0,-1.0,0.0,1.0,31101.0,1.0,20.0,0.0,1.0,0.05,2.0,0.050974,0.0,0.0,2.0
26.0,5.0,0.0,0.0,0.0,0.0,0.0,0.0,0.0,0.0,0.0,0.0,-1.0,0.0,1.0,31101.0,1.0,20.0,0.0,1.0,0.05,2.0,0.050974,0.0,0.0,2.0
26.0,5.0,0.0,0.0,0.0,0.0,0.0,0.0,0.0,0.0,0.0,0.0,-1.0,0.0,1.0,31101.0,1.0,20.0,0.0,1.0,0.05,2.0,0.050974,0.0,0.0,2.0
26.0,5.0,0.0,0.0,0.0,0.0,0.0,0.0,0.0,0.0,0.0,0.0,-1.0,0.0,1.0,31101.0,1.0,20.0,0.0,1.0,0.05,2.0,0.050974,0.0,0.0,2.0
26.0,5.0,0.0,0.0,0.0,0.0,0.0,0.0,1.0,0.0,0.0,0.0,-1.0,0.0,1.0,31101.0,1.0,20.0,0.0,1.0,0.05,2.0,0.050974,0.0,0.0,2.0
26.0,5.0,0.0,0.0,0.0,0.0,0.0,0.0,0.0,0.0,0.0,0.0,-1.0,0.0,1.0,31101.0,1.0,20.0,0.0,1.0,0.05,2.0,0.050974,0.0,0.0,2.0
56.0,10.0,0.0,0.0,0.0,0.0,0.0,0.0,0.0,0.0,0.0,0.0,0.0,0.0,1.0,31151.0,1.0,20.0,0.0,1.0,0.05,2.0,0.054972,0.0,0.0,0.0
26.0,5.0,0.0,0.0,0.0,0.0,0.0,0.0,0.0,0.0,0.0,0.0,-1.0,0.0,1.0,31101.0,1.0,20.0,0.0,1.0,0.1,2.0,0.0,0.0,0.0,2.0
26.0,5.0,0.0,0.0,0.0,0.0,0.0,0.0,0.0,0.0,0.0,0.0,-1.0,0.0,1.0,31101.0,1.0,20.0,0.0,1.0,0.1,2.0,0.0,0.0,0.0,2.0
26.0,5.0,0.0,0.0,0.0,0.0,0.0,0.0,0.0,0.0,0.0,0.0,-1.0,0.0,1.0,31101.0,1.0,20.0,0.0,1.0,0.1,2.0,0.0,0.0,0.0,2.0
26.0,5.0,0.0,0.0,0.0,0.0,0.0,0.0,0.0,0.0,0.0,0.0,-1.0,0.0,1.0,31101.0,1.0,20.0,0.0,1.0,0.1,2.0,0.0,0.0,0.0,2.0
26.0,5.0,0.0,0.0,0.0,0.0,0.0,0.0,0.0,0.0,0.0,0.0,-1.0,0.0,1.0,31101.0,1.0,20.0,0.0,1.0,0.1,2.0,0.0,0.0,0.0,2.0
26.0,5.0,0.0,0.0,0.0,0.0,0.0,0.0,0.0,0.0,0.0,0.0,-1.0,0.0,1.0,31101.0,1.0,20.0,0.0,1.0,0.1,2.0,0.001999,0.0,0.0,2.0
26.0,5.0,0.0,0.0,0.0,0.0,0.0,0.0,0.0,0.0,0.0,0.0,-1.0,0.0,1.0,31101.0,1.0,20.0,0.0,1.0,0.1,2.0,0.002999,0.0,0.0,2.0
26.0,5.0,0.0,0.0,0.0,0.0,0.0,0.0,0.0,0.0,0.0,0.0,-1.0,0.0,1.0,31101.0,1.0,20.0,0.0,1.0,0.05,2.0,0.002999,0.0,0.0,2.0
26.0,5.0,0.0,0.0,0.0,0.0,0.0,0.0,0.0,0.0,0.0,0.0,-1.0,0.0,1.0,31101.0,1.0,20.0,0.0,1.0,0.05,2.0,0.003998,0.0,0.0,2.0
26.0,5.0,0.0,0.0,0.0,0.0,0.0,0.0,0.0,0.0,0.0,0.0,-1.0,0.0,1.0,31101.0,1.0,20.0,0.0,1.0,0.05,2.0,0.003998,0.0,0.0,2.0
26.0,5.0,0.0,0.0,0.0,0.0,0.0,0.0,0.0,0.0,0.0,0.0,-1.0,0.0,1.0,31101.0,1.0,20.0,0.0,1.0,0.05,2.0,0.003998,0.0,0.0,2.0
26.0,5.0,0.0,0.0,0.0,0.0,0.0,0.0,0.0,0.0,0.0,0.0,-1.0,0.0,1.0,31101.0,1.0,20.0,0.0,1.0,0.05,2.0,0.003998,0.0,0.0,2.0
26.0,5.0,0.0,0.0,0.0,0.0,0.0,0.0,0.0,0.0,0.0,0.0,-1.0,0.0,1.0,31101.0,1.0,20.0,0.0,1.0,0.05,2.0,0.007996,0.0,0.0,2.0
56.0,10.0,0.0,0.0,0.0,0.0,0.0,0.0,0.0,0.0,0.0,0.0,0.0,0.0,1.0,31151.0,1.0,20.0,0.0,1.0,0.05,2.0,0.012994,0.0,0.0,0.0
26.0,5.0,0.0,0.0,0.0,0.0,0.0,0.0,0.0,0.0,0.0,0.0,-1.0,0.0,1.0,31101.0,1.0,20.0,0.0,1.0,0.1,2.0,0.005997,0.0,0.0,2.0
26.0,5.0,0.0,0.0,0.0,0.0,0.0,0.0,0.0,0.0,0.0,0.0,-1.0,0.0,1.0,31101.0,1.0,20.0,0.0,1.0,0.1,2.0,0.020989,0.0,0.0,2.0
26.0,5.0,0.0,0.0,0.0,0.0,0.0,0.0,0.0,0.0,0.0,0.0,-1.0,0.0,1.0,31101.0,1.0,20.0,0.0,1.0,0.1,2.0,0.020989,0.0,0.0,2.0
26.0,5.0,0.0,0.0,0.0,0.0,0.0,0.0,0.0,0.0,0.0,0.0,-1.0,0.0,1.0,31101.0,1.0,20.0,0.0,1.0,0.1,2.0,0.025987,0.0,0.0,2.0
26.0,5.0,0.0,0.0,0.0,0.0,0.0,0.0,0.0,0.0,0.0,0.0,-1.0,0.0,1.0,31101.0,1.0,20.0,0.0,1.0,0.1,2.0,0.035982,0.0,0.0,2.0
26.0,5.0,0.0,0.0,0.0,0.0,0.0,0.0,0.0,0.0,0.0,0.0,-1.0,0.0,1.0,31101.0,1.0,20.0,0.0,1.0,0.1,2.0,0.040979,0.0,0.0,2.0
26.0,5.0,0.0,0.0,0.0,0.0,0.0,0.0,0.0,0.0,0.0,0.0,-1.0,0.0,1.0,31101.0,1.0,20.0,0.0,1.0,0.05,2.0,0.094952,0.0,0.0,2.0
26.0,5.0,0.0,0.0,0.0,0.0,0.0,0.0,0.0,0.0,0.0,0.0,-1.0,0.0,1.0,31101.0,1.0,20.0,0.0,1.0,0.05,2.0,0.094952,0.0,0.0,2.0
26.0,5.0,0.0,0.0,0.0,0.0,0.0,0.0,0.0,0.0,0.0,0.0,-1.0,0.0,1.0,31101.0,1.0,20.0,0.0,1.0,0.05,2.0,0.101949,0.0,0.0,2.0
26.0,5.0,0.0,0.0,0.0,0.0,0.0,0.0,0.0,0.0,0.0,0.0,-1.0,0.0,1.0,31101.0,1.0,20.0,0.0,1.0,0.05,2.0,0.104947,0.0,0.0,2.0
26.0,5.0,0.0,0.0,0.0,0.0,0.0,0.0,0.0,0.0,0.0,0.0,-1.0,0.0,1.0,31101.0,1.0,20.0,0.0,1.0,0.05,2.0,0.107946,0.0,0.0,2.0
26.0,5.0,0.0,0.0,0.0,0.0,0.0,0.0,0.0,0.0,0.0,0.0,-1.0,0.0,1.0,31101.0,1.0,20.0,0.0,1.0,0.05,2.0,0.113943,0.0,0.0,2.0
56.0,10.0,0.0,0.0,0.0,0.0,0.0,0.0,0.0,0.0,0.0,0.0,0.0,0.0,1.0,31151.0,1.0,20.0,0.0,1.0,0.05,2.0,0.116941,0.0,0.0,0.0
26.0,5.0,0.0,0.0,0.0,0.0,0.0,0.0,0.0,0.0,0.0,0.0,-1.0,0.0,1.0,31101.0,1.0,20.0,0.0,1.0,0.1,2.0,0.0,0.0,0.0,2.0
26.0,5.0,0.0,0.0,0.0,0.0,0.0,0.0,0.0,0.0,0.0,0.0,-1.0,0.0,1.0,31101.0,1.0,20.0,0.0,1.0,0.1,2.0,0.005997,0.0,0.0,2.0
26.0,5.0,0.0,0.0,0.0,0.0,0.0,0.0,0.0,0.0,0.0,0.0,-1.0,0.0,1.0,31101.0,1.0,20.0,0.0,1.0,0.1,2.0,0.009995,0.0,0.0,2.0
26.0,5.0,0.0,0.0,0.0,0.0,0.0,0.0,0.0,0.0,0.0,0.0,-1.0,0.0,1.0,31101.0,1.0,20.0,0.0,1.0,0.1,2.0,0.010995,0.0,0.0,2.0
26.0,5.0,0.0,0.0,0.0,0.0,0.0,0.0,0.0,0.0,0.0,0.0,-1.0,0.0,1.0,31101.0,1.0,20.0,0.0,1.0,0.1,2.0,0.010995,0.0,0.0,2.0
26.0,5.0,0.0,0.0,0.0,0.0,0.0,0.0,0.0,0.0,0.0,0.0,-1.0,0.0,1.0,31101.0,1.0,20.0,0.0,1.0,0.1,2.0,0.012994,0.0,0.0,2.0
26.0,5.0,0.0,0.0,0.0,0.0,0.0,0.0,0.0,0.0,0.0,0.0,-1.0,0.0,1.0,31101.0,1.0,20.0,0.0,1.0,0.1,2.0,0.013993,0.0,0.0,2.0
26.0,5.0,0.0,0.0,0.0,0.0,0.0,0.0,0.0,0.0,0.0,0.0,-1.0,0.0,1.0,31101.0,1.0,20.0,0.0,1.0,0.05,2.0,0.016992,0.0,0.0,2.0
26.0,5.0,0.0,0.0,0.0,0.0,0.0,0.0,0.0,0.0,0.0,0.0,-1.0,0.0,1.0,31101.0,1.0,20.0,0.0,1.0,0.05,2.0,0.016992,0.0,0.0,2.0
26.0,5.0,0.0,0.0,0.0,0.0,0.0,0.0,0.0,0.0,0.0,0.0,-1.0,0.0,1.0,31101.0,1.0,20.0,0.0,1.0,0.05,2.0,0.018991,0.0,0.0,2.0
26.0,5.0,0.0,0.0,0.0,0.0,0.0,0.0,0.0,0.0,0.0,0.0,-1.0,0.0,1.0,31101.0,1.0,20.0,0.0,1.0,0.05,2.0,0.018991,0.0,0.0,2.0
26.0,5.0,0.0,0.0,0.0,0.0,0.0,0.0,0.0,0.0,0.0,0.0,-1.0,0.0,1.0,31101.0,1.0,20.0,0.0,1.0,0.05,2.0,0.018991,0.0,0.0,2.0
26.0,5.0,0.0,0.0,0.0,0.0,0.0,0.0,0.0,0.0,0.0,0.0,-1.0,0.0,1.0,31101.0,1.0,20.0,0.0,1.0,0.05,2.0,0.023988,0.0,0.0,2.0
56.0,10.0,0.0,0.0,0.0,0.0,0.0,0.0,0.0,0.0,0.0,0.0,0.0,0.0,1.0,31151.0,1.0,20.0,0.0,1.0,0.05,2.0,0.025987,0.0,0.0,0.0
26.0,5.0,0.0,0.0,0.0,0.0,0.0,0.0,0.0,0.0,0.0,0.0,-1.0,0.0,1.0,31101.0,1.0,20.0,0.0,1.0,0.1,2.0,0.001999,0.0,0.0,2.0
26.0,5.0,0.0,0.0,0.0,0.0,0.0,0.0,0.0,0.0,0.0,0.0,-1.0,0.0,1.0,31101.0,1.0,20.0,0.0,1.0,0.1,2.0,0.002999,0.0,0.0,2.0
26.0,5.0,0.0,0.0,0.0,0.0,0.0,0.0,0.0,0.0,0.0,0.0,-1.0,0.0,1.0,31101.0,1.0,20.0,0.0,1.0,0.1,2.0,0.006997,0.0,0.0,2.0
26.0,5.0,0.0,0.0,0.0,0.0,0.0,0.0,0.0,0.0,0.0,0.0,-1.0,0.0,1.0,31101.0,1.0,20.0,0.0,1.0,0.1,2.0,0.007996,0.0,0.0,2.0
26.0,5.0,0.0,0.0,0.0,0.0,0.0,0.0,0.0,0.0,0.0,0.0,-1.0,0.0,1.0,31101.0,1.0,20.0,0.0,1.0,0.1,2.0,0.008996,0.0,0.0,2.0
26.0,5.0,0.0,0.0,0.0,0.0,0.0,0.0,0.0,0.0,0.0,0.0,-1.0,0.0,1.0,31101.0,1.0,20.0,0.0,1.0,0.1,2.0,0.009995,0.0,0.0,2.0
26.0,5.0,0.0,0.0,0.0,0.0,0.0,0.0,0.0,0.0,0.0,0.0,-1.0,0.0,1.0,31101.0,1.0,20.0,0.0,1.0,0.05,2.0,0.010995,0.0,0.0,2.0
26.0,5.0,0.0,0.0,0.0,0.0,0.0,0.0,0.0,0.0,0.0,0.0,-1.0,0.0,1.0,31101.0,1.0,20.0,0.0,1.0,0.05,2.0,0.012994,0.0,0.0,2.0
26.0,5.0,0.0,0.0,0.0,0.0,0.0,0.0,0.0,0.0,0.0,0.0,-1.0,0.0,1.0,31101.0,1.0,20.0,0.0,1.0,0.05,2.0,0.013993,0.0,0.0,2.0
26.0,5.0,0.0,0.0,0.0,0.0,0.0,0.0,0.0,0.0,0.0,0.0,-1.0,0.0,1.0,31101.0,1.0,20.0,0.0,1.0,0.05,2.0,0.013993,0.0,0.0,2.0
26.0,5.0,0.0,0.0,0.0,0.0,0.0,0.0,0.0,0.0,0.0,0.0,-1.0,0.0,1.0,31101.0,1.0,20.0,0.0,1.0,0.05,2.0,0.014993,0.0,0.0,2.0
26.0,5.0,0.0,0.0,0.0,0.0,0.0,0.0,0.0,0.0,0.0,0.0,-1.0,0.0,1.0,31101.0,1.0,20.0,0.0,1.0,0.05,2.0,0.015992,0.0,0.0,2.0
26.0,5.0,0.0,0.0,0.0,0.0,0.0,0.0,0.0,0.0,0.0,0.0,-1.0,0.0,1.0,31101.0,1.0,20.0,0.0,1.0,0.05,2.0,0.016992,0.0,0.0,2.0
56.0,10.0,0.0,0.0,0.0,0.0,0.0,0.0,0.0,0.0,0.0,0.0,0.0,0.0,1.0,31151.0,1.0,20.0,0.0,1.0,0.05,2.0,0.017991,0.0,0.0,0.0
26.0,5.0,0.0,0.0,0.0,0.0,0.0,0.0,0.0,0.0,0.0,0.0,-1.0,0.0,1.0,31101.0,1.0,20.0,0.0,1.0,0.1,2.0,0.0,0.0,0.0,2.0
26.0,5.0,0.0,0.0,0.0,0.0,0.0,0.0,0.0,0.0,0.0,0.0,-1.0,0.0,1.0,31101.0,1.0,20.0,0.0,1.0,0.1,2.0,0.001,0.0,0.0,2.0
26.0,5.0,0.0,0.0,0.0,0.0,0.0,0.0,0.0,0.0,0.0,0.0,-1.0,0.0,1.0,31101.0,1.0,20.0,0.0,1.0,0.1,2.0,0.001,0.0,0.0,2.0
26.0,5.0,0.0,0.0,0.0,0.0,0.0,0.0,0.0,0.0,0.0,0.0,-1.0,0.0,1.0,31101.0,1.0,20.0,0.0,1.0,0.1,2.0,0.001999,0.0,0.0,2.0
26.0,5.0,0.0,0.0,0.0,0.0,0.0,0.0,0.0,0.0,0.0,0.0,-1.0,0.0,1.0,31101.0,1.0,20.0,0.0,1.0,0.1,2.0,0.001999,0.0,0.0,2.0
26.0,5.0,0.0,0.0,0.0,0.0,0.0,0.0,0.0,0.0,0.0,0.0,-1.0,0.0,1.0,31101.0,1.0,20.0,0.0,1.0,0.1,2.0,0.001999,0.0,0.0,2.0
26.0,5.0,0.0,0.0,0.0,0.0,0.0,0.0,0.0,0.0,0.0,0.0,-1.0,0.0,1.0,31101.0,1.0,20.0,0.0,1.0,0.05,2.0,0.001999,0.0,0.0,2.0
26.0,5.0,0.0,0.0,0.0,0.0,0.0,0.0,0.0,0.0,0.0,0.0,-1.0,0.0,1.0,31101.0,1.0,20.0,0.0,1.0,0.05,2.0,0.053973,0.0,0.0,2.0
26.0,5.0,0.0,0.0,0.0,0.0,0.0,0.0,0.0,0.0,0.0,0.0,-1.0,0.0,1.0,31101.0,1.0,20.0,0.0,1.0,0.05,2.0,0.053973,0.0,0.0,2.0
26.0,5.0,0.0,0.0,0.0,0.0,0.0,0.0,0.0,0.0,0.0,0.0,-1.0,0.0,1.0,31101.0,1.0,20.0,0.0,1.0,0.05,2.0,0.053973,0.0,0.0,2.0
26.0,5.0,0.0,0.0,0.0,0.0,0.0,0.0,0.0,0.0,0.0,0.0,-1.0,0.0,1.0,31101.0,1.0,20.0,0.0,1.0,0.05,2.0,0.053973,0.0,0.0,2.0
26.0,5.0,0.0,0.0,0.0,0.0,0.0,0.0,0.0,0.0,0.0,0.0,-1.0,0.0,1.0,31101.0,1.0,20.0,0.0,1.0,0.05,2.0,0.053973,0.0,0.0,2.0
56.0,10.0,0.0,0.0,0.0,0.0,0.0,0.0,0.0,0.0,0.0,0.0,0.0,0.0,1.0,31151.0,1.0,20.0,0.0,1.0,0.05,2.0,0.053973,0.0,0.0,0.0
26.0,5.0,0.0,0.0,0.0,0.0,0.0,0.0,0.0,0.0,0.0,0.0,-1.0,0.0,1.0,31101.0,1.0,20.0,0.0,1.0,0.1,2.0,0.0,0.0,0.0,2.0
26.0,5.0,0.0,0.0,0.0,0.0,0.0,0.0,0.0,0.0,0.0,0.0,-1.0,0.0,1.0,31101.0,1.0,20.0,0.0,1.0,0.1,2.0,0.0,0.0,0.0,2.0
26.0,5.0,0.0,0.0,0.0,0.0,0.0,0.0,0.0,0.0,0.0,0.0,-1.0,0.0,1.0,31101.0,1.0,20.0,0.0,1.0,0.1,2.0,0.052974,0.0,0.0,2.0
26.0,5.0,0.0,0.0,0.0,0.0,0.0,0.0,0.0,0.0,0.0,0.0,-1.0,0.0,1.0,31101.0,1.0,20.0,0.0,1.0,0.1,2.0,0.052974,0.0,0.0,2.0
26.0,5.0,0.0,0.0,0.0,0.0,0.0,0.0,0.0,0.0,0.0,0.0,-1.0,0.0,1.0,31101.0,1.0,20.0,0.0,1.0,0.1,2.0,0.052974,0.0,0.0,2.0
26.0,5.0,0.0,0.0,0.0,0.0,0.0,0.0,0.0,0.0,0.0,0.0,-1.0,0.0,1.0,31101.0,1.0,20.0,0.0,1.0,0.1,2.0,0.052974,0.0,0.0,2.0
26.0,5.0,0.0,0.0,0.0,0.0,0.0,0.0,0.0,0.0,0.0,0.0,-1.0,0.0,1.0,31101.0,1.0,20.0,0.0,1.0,0.1,2.0,0.052974,0.0,0.0,2.0
26.0,5.0,0.0,0.0,0.0,0.0,0.0,0.0,0.0,0.0,0.0,0.0,-1.0,0.0,1.0,31101.0,1.0,20.0,0.0,1.0,0.05,2.0,0.052974,0.0,0.0,2.0
26.0,5.0,0.0,0.0,0.0,0.0,0.0,0.0,0.0,0.0,0.0,0.0,-1.0,0.0,1.0,31101.0,1.0,20.0,0.0,1.0,0.05,2.0,0.052974,0.0,0.0,2.0
26.0,5.0,0.0,0.0,0.0,0.0,0.0,0.0,0.0,0.0,0.0,0.0,-1.0,0.0,1.0,31101.0,1.0,20.0,0.0,1.0,0.05,2.0,0.052974,0.0,0.0,2.0
26.0,5.0,0.0,0.0,0.0,0.0,0.0,0.0,0.0,0.0,0.0,0.0,-1.0,0.0,1.0,31101.0,1.0,20.0,0.0,1.0,0.05,2.0,0.055972,0.0,0.0,2.0
26.0,5.0,0.0,0.0,0.0,0.0,0.0,0.0,0.0,0.0,0.0,0.0,-1.0,0.0,1.0,31101.0,1.0,20.0,0.0,1.0,0.05,2.0,0.056972,0.0,0.0,2.0
56.0,10.0,0.0,0.0,0.0,0.0,0.0,0.0,0.0,0.0,0.0,0.0,0.0,0.0,1.0,31151.0,1.0,20.0,0.0,1.0,0.05,2.0,0.056972,0.0,0.0,0.0
26.0,5.0,0.0,0.0,0.0,0.0,0.0,0.0,0.0,0.0,0.0,0.0,-1.0,0.0,1.0,31101.0,1.0,20.0,0.0,1.0,0.1,2.0,0.0,0.0,0.0,2.0
26.0,5.0,0.0,0.0,0.0,0.0,1.0,0.0,0.0,0.0,0.0,0.0,-1.0,0.0,1.0,31101.0,1.0,20.0,0.0,1.0,0.1,2.0,0.0,0.0,0.0,2.0
26.0,5.0,0.0,0.0,0.0,0.0,0.0,0.0,0.0,0.0,0.0,0.0,-1.0,0.0,1.0,31101.0,1.0,20.0,0.0,1.0,0.1,2.0,0.048975,0.0,0.0,2.0
26.0,5.0,0.0,0.0,0.0,0.0,0.0,0.0,0.0,0.0,0.0,0.0,-1.0,0.0,1.0,31101.0,1.0,20.0,0.0,1.0,0.1,2.0,0.054972,0.0,0.0,2.0
26.0,5.0,0.0,0.0,0.0,0.0,0.0,0.0,0.0,0.0,0.0,0.0,-1.0,0.0,1.0,31101.0,1.0,20.0,0.0,1.0,0.1,2.0,0.054972,0.0,0.0,2.0
26.0,5.0,0.0,0.0,0.0,0.0,0.0,0.0,0.0,0.0,0.0,0.0,-1.0,0.0,1.0,31101.0,1.0,20.0,0.0,1.0,0.1,2.0,0.055972,0.0,0.0,2.0
26.0,5.0,0.0,0.0,0.0,0.0,0.0,0.0,0.0,0.0,0.0,0.0,-1.0,0.0,1.0,31101.0,1.0,20.0,0.0,1.0,0.1,2.0,0.056971,0.0,0.0,2.0
26.0,5.0,0.0,0.0,0.0,0.0,0.0,0.0,0.0,0.0,0.0,0.0,-1.0,0.0,1.0,31101.0,1.0,20.0,0.0,1.0,0.05,2.0,0.056971,0.0,0.0,2.0
26.0,5.0,0.0,0.0,0.0,0.0,0.0,0.0,0.0,0.0,0.0,0.0,-1.0,0.0,1.0,31101.0,1.0,20.0,0.0,1.0,0.05,2.0,0.056971,0.0,0.0,2.0
26.0,5.0,0.0,0.0,0.0,0.0,0.0,0.0,0.0,0.0,0.0,0.0,-1.0,0.0,1.0,31101.0,1.0,20.0,0.0,1.0,0.05,2.0,0.056971,0.0,0.0,2.0
26.0,5.0,0.0,0.0,0.0,0.0,0.0,0.0,0.0,0.0,0.0,0.0,-1.0,0.0,1.0,31101.0,1.0,20.0,0.0,1.0,0.05,2.0,0.056971,0.0,0.0,2.0
26.0,5.0,0.0,0.0,0.0,0.0,0.0,0.0,0.0,0.0,0.0,0.0,-1.0,0.0,1.0,31101.0,1.0,20.0,0.0,1.0,0.05,2.0,0.056971,0.0,0.0,2.0
56.0,10.0,0.0,0.0,0.0,0.0,0.0,0.0,0.0,0.0,0.0,0.0,0.0,0.0,1.0,31151.0,1.0,20.0,0.0,1.0,0.05,2.0,0.062968,0.0,0.0,0.0
26.0,5.0,0.0,0.0,0.0,0.0,0.0,0.0,0.0,0.0,0.0,0.0,-1.0,0.0,1.0,31101.0,1.0,20.0,0.0,1.0,0.1,2.0,0.0,0.0,0.0,2.0
26.0,5.0,0.0,0.0,0.0,0.0,0.0,0.0,0.0,0.0,0.0,0.0,-1.0,0.0,1.0,31101.0,1.0,20.0,0.0,1.0,0.1,2.0,0.0,0.0,0.0,2.0
26.0,5.0,0.0,0.0,0.0,0.0,0.0,0.0,0.0,0.0,0.0,0.0,-1.0,0.0,1.0,31101.0,1.0,20.0,0.0,1.0,0.1,2.0,0.051974,0.0,0.0,2.0
26.0,5.0,0.0,0.0,0.0,0.0,0.0,0.0,0.0,0.0,0.0,0.0,-1.0,0.0,1.0,31101.0,1.0,20.0,0.0,1.0,0.1,2.0,0.051974,0.0,0.0,2.0
26.0,5.0,0.0,0.0,0.0,0.0,0.0,0.0,0.0,0.0,0.0,0.0,-1.0,0.0,1.0,31101.0,1.0,20.0,0.0,1.0,0.1,2.0,0.051974,0.0,0.0,2.0
26.0,5.0,0.0,0.0,0.0,0.0,0.0,0.0,0.0,0.0,0.0,0.0,-1.0,0.0,1.0,31101.0,1.0,20.0,0.0,1.0,0.1,2.0,0.051974,0.0,0.0,2.0
26.0,5.0,0.0,0.0,0.0,0.0,0.0,0.0,0.0,0.0,0.0,0.0,-1.0,0.0,1.0,31101.0,1.0,20.0,0.0,1.0,0.1,2.0,0.051974,0.0,0.0,2.0
26.0,5.0,0.0,0.0,0.0,0.0,0.0,0.0,0.0,0.0,0.0,0.0,-1.0,0.0,1.0,31101.0,1.0,20.0,0.0,1.0,0.05,2.0,0.051974,0.0,0.0,2.0
26.0,5.0,0.0,0.0,0.0,0.0,0.0,0.0,0.0,0.0,0.0,0.0,-1.0,0.0,1.0,31101.0,1.0,20.0,0.0,1.0,0.05,2.0,0.051974,0.0,0.0,2.0
26.0,5.0,0.0,0.0,0.0,0.0,0.0,0.0,0.0,0.0,0.0,0.0,-1.0,0.0,1.0,31101.0,1.0,20.0,0.0,1.0,0.05,2.0,0.051974,0.0,0.0,2.0
26.0,5.0,0.0,0.0,0.0,0.0,0.0,0.0,0.0,0.0,0.0,0.0,-1.0,0.0,1.0,31101.0,1.0,20.0,0.0,1.0,0.05,2.0,0.051974,0.0,0.0,2.0
26.0,5.0,0.0,0.0,0.0,0.0,0.0,0.0,0.0,0.0,0.0,0.0,-1.0,0.0,1.0,31101.0,1.0,20.0,0.0,1.0,0.05,2.0,0.056972,0.0,0.0,2.0
56.0,10.0,0.0,0.0,0.0,0.0,0.0,0.0,0.0,0.0,0.0,0.0,0.0,0.0,1.0,31151.0,1.0,20.0,0.0,1.0,0.05,2.0,0.056972,0.0,0.0,0.0
26.0,5.0,0.0,0.0,0.0,0.0,0.0,0.0,0.0,0.0,0.0,0.0,-1.0,0.0,1.0,31101.0,1.0,20.0,0.0,1.0,0.1,2.0,0.0,0.0,0.0,2.0
26.0,5.0,0.0,0.0,0.0,0.0,0.0,0.0,0.0,0.0,0.0,0.0,-1.0,0.0,1.0,31101.0,1.0,20.0,0.0,1.0,0.1,2.0,0.0,0.0,0.0,2.0
26.0,5.0,0.0,0.0,0.0,0.0,0.0,0.0,0.0,0.0,0.0,0.0,-1.0,0.0,1.0,31101.0,1.0,20.0,0.0,1.0,0.1,2.0,0.001999,0.0,0.0,2.0
26.0,5.0,0.0,0.0,0.0,0.0,0.0,0.0,0.0,0.0,0.0,0.0,-1.0,0.0,1.0,31101.0,1.0,20.0,0.0,1.0,0.1,2.0,0.068965,0.0,0.0,2.0
26.0,5.0,0.0,0.0,0.0,0.0,0.0,0.0,0.0,0.0,0.0,0.0,-1.0,0.0,1.0,31101.0,1.0,20.0,0.0,1.0,0.1,2.0,0.069965,0.0,0.0,2.0
26.0,5.0,0.0,0.0,0.0,0.0,0.0,0.0,0.0,0.0,0.0,0.0,-1.0,0.0,1.0,31101.0,1.0,20.0,0.0,1.0,0.1,2.0,0.070964,0.0,0.0,2.0
26.0,5.0,0.0,0.0,0.0,0.0,0.0,0.0,0.0,0.0,0.0,0.0,-1.0,0.0,1.0,31101.0,1.0,20.0,0.0,1.0,0.1,2.0,0.070964,0.0,0.0,2.0
26.0,5.0,0.0,0.0,0.0,0.0,0.0,0.0,0.0,0.0,0.0,0.0,-1.0,0.0,1.0,31101.0,1.0,20.0,0.0,1.0,0.05,2.0,0.070964,0.0,0.0,2.0
26.0,5.0,0.0,0.0,0.0,0.0,0.0,0.0,0.0,0.0,0.0,0.0,-1.0,0.0,1.0,31101.0,1.0,20.0,0.0,1.0,0.05,2.0,0.070964,0.0,0.0,2.0
26.0,5.0,0.0,0.0,0.0,0.0,0.0,0.0,0.0,0.0,0.0,0.0,-1.0,0.0,1.0,31101.0,1.0,20.0,0.0,1.0,0.05,2.0,0.070964,0.0,0.0,2.0
26.0,5.0,0.0,0.0,0.0,0.0,0.0,0.0,0.0,0.0,0.0,0.0,-1.0,0.0,1.0,31101.0,1.0,20.0,0.0,1.0,0.05,2.0,0.070964,0.0,0.0,2.0
26.0,5.0,0.0,0.0,0.0,0.0,0.0,0.0,0.0,0.0,0.0,0.0,-1.0,0.0,1.0,31101.0,1.0,20.0,0.0,1.0,0.05,2.0,0.070964,0.0,0.0,2.0
56.0,10.0,0.0,0.0,0.0,0.0,0.0,0.0,0.0,0.0,0.0,0.0,0.0,0.0,1.0,31151.0,1.0,20.0,0.0,1.0,0.05,2.0,0.070964,0.0,0.0,0.0
26.0,5.0,0.0,0.0,0.0,0.0,0.0,0.0,0.0,0.0,0.0,0.0,-1.0,0.0,1.0,31101.0,1.0,20.0,0.0,1.0,0.1,2.0,0.0,0.0,0.0,2.0
26.0,5.0,0.0,0.0,0.0,0.0,0.0,0.0,0.0,0.0,0.0,0.0,-1.0,0.0,1.0,31101.0,1.0,20.0,0.0,1.0,0.1,2.0,0.0,0.0,0.0,2.0
26.0,5.0,0.0,0.0,0.0,0.0,0.0,0.0,0.0,0.0,0.0,0.0,-1.0,0.0,1.0,31101.0,1.0,20.0,0.0,1.0,0.1,2.0,0.0,0.0,0.0,2.0
26.0,5.0,0.0,0.0,0.0,0.0,0.0,0.0,0.0,0.0,0.0,0.0,-1.0,0.0,1.0,31101.0,1.0,20.0,0.0,1.0,0.1,2.0,0.0,0.0,0.0,2.0
26.0,5.0,0.0,0.0,0.0,0.0,0.0,0.0,0.0,0.0,0.0,0.0,-1.0,0.0,1.0,31101.0,1.0,20.0,0.0,1.0,0.1,2.0,0.0,0.0,0.0,2.0
26.0,5.0,0.0,0.0,0.0,0.0,0.0,0.0,0.0,0.0,0.0,0.0,-1.0,0.0,1.0,31101.0,1.0,20.0,0.0,1.0,0.1,2.0,0.0,0.0,0.0,2.0
26.0,5.0,0.0,0.0,0.0,0.0,0.0,0.0,0.0,0.0,0.0,0.0,-1.0,0.0,1.0,31101.0,1.0,20.0,0.0,1.0,0.1,2.0,0.0,0.0,0.0,2.0
26.0,5.0,0.0,0.0,0.0,0.0,0.0,0.0,0.0,1.0,0.0,0.0,-1.0,0.0,1.0,31101.0,1.0,20.0,0.0,1.0,0.05,2.0,0.0,0.0,0.0,2.0
26.0,5.0,0.0,0.0,0.0,0.0,0.0,0.0,0.0,0.0,0.0,0.0,-1.0,0.0,1.0,31101.0,1.0,20.0,0.0,1.0,0.05,2.0,0.108946,0.0,0.0,2.0
26.0,5.0,0.0,0.0,0.0,0.0,0.0,0.0,0.0,0.0,0.0,0.0,-1.0,0.0,1.0,31101.0,1.0,20.0,0.0,1.0,0.05,2.0,0.108946,0.0,0.0,2.0
26.0,5.0,0.0,0.0,0.0,0.0,0.0,0.0,0.0,0.0,0.0,0.0,-1.0,0.0,1.0,31101.0,1.0,20.0,0.0,1.0,0.05,2.0,0.114943,0.0,0.0,2.0
26.0,5.0,0.0,0.0,0.0,0.0,0.0,0.0,0.0,0.0,0.0,0.0,-1.0,0.0,1.0,31101.0,1.0,20.0,0.0,1.0,0.05,2.0,0.114943,0.0,0.0,2.0
56.0,10.0,0.0,0.0,0.0,0.0,0.0,0.0,0.0,0.0,0.0,0.0,0.0,0.0,1.0,31151.0,1.0,20.0,0.0,1.0,0.05,2.0,0.114943,0.0,0.0,0.0
26.0,5.0,0.0,0.0,0.0,0.0,0.0,0.0,0.0,0.0,0.0,0.0,-1.0,0.0,1.0,31101.0,1.0,20.0,0.0,1.0,0.1,2.0,0.0,0.0,0.0,2.0
26.0,5.0,0.0,0.0,0.0,0.0,0.0,0.0,0.0,0.0,0.0,0.0,-1.0,0.0,1.0,31101.0,1.0,20.0,0.0,1.0,0.1,2.0,0.0,0.0,0.0,2.0
26.0,5.0,0.0,0.0,0.0,0.0,0.0,0.0,0.0,0.0,0.0,0.0,-1.0,0.0,1.0,31101.0,1.0,20.0,0.0,1.0,0.1,2.0,0.0,0.0,0.0,2.0
26.0,5.0,0.0,0.0,0.0,0.0,0.0,0.0,0.0,0.0,0.0,0.0,-1.0,0.0,1.0,31101.0,1.0,20.0,0.0,1.0,0.1,2.0,0.0,0.0,0.0,2.0
26.0,5.0,0.0,0.0,0.0,0.0,0.0,0.0,0.0,0.0,0.0,0.0,-1.0,0.0,1.0,31101.0,1.0,20.0,0.0,1.0,0.1,2.0,0.0,0.0,0.0,2.0
26.0,5.0,0.0,0.0,0.0,0.0,0.0,0.0,0.0,0.0,0.0,0.0,-1.0,0.0,1.0,31101.0,1.0,20.0,0.0,1.0,0.1,2.0,0.003998,0.0,0.0,2.0
26.0,5.0,0.0,0.0,0.0,0.0,0.0,0.0,0.0,0.0,0.0,0.0,-1.0,0.0,1.0,31101.0,1.0,20.0,0.0,1.0,0.1,2.0,0.003998,0.0,0.0,2.0
26.0,5.0,0.0,0.0,0.0,0.0,0.0,0.0,0.0,0.0,0.0,0.0,-1.0,0.0,1.0,31101.0,1.0,20.0,0.0,1.0,0.05,2.0,0.003998,0.0,0.0,2.0
26.0,5.0,0.0,0.0,0.0,0.0,0.0,0.0,0.0,0.0,0.0,0.0,-1.0,0.0,1.0,31101.0,1.0,20.0,0.0,1.0,0.05,2.0,0.003998,0.0,0.0,2.0
26.0,5.0,0.0,0.0,0.0,0.0,0.0,0.0,0.0,0.0,0.0,0.0,-1.0,0.0,1.0,31101.0,1.0,20.0,0.0,1.0,0.05,2.0,0.009995,0.0,0.0,2.0
26.0,5.0,0.0,0.0,0.0,0.0,0.0,0.0,0.0,0.0,0.0,0.0,-1.0,0.0,1.0,31101.0,1.0,20.0,0.0,1.0,0.05,2.0,0.009995,0.0,0.0,2.0
26.0,5.0,0.0,0.0,0.0,0.0,0.0,0.0,0.0,0.0,0.0,0.0,-1.0,0.0,1.0,31101.0,1.0,20.0,0.0,1.0,0.05,2.0,0.009995,0.0,0.0,2.0
26.0,5.0,0.0,0.0,0.0,0.0,0.0,0.0,0.0,0.0,0.0,0.0,-1.0,0.0,1.0,31101.0,1.0,20.0,0.0,1.0,0.05,2.0,0.009995,0.0,0.0,2.0
56.0,10.0,0.0,0.0,0.0,0.0,0.0,0.0,0.0,0.0,0.0,0.0,0.0,0.0,1.0,31151.0,1.0,20.0,0.0,1.0,0.05,2.0,0.009995,0.0,0.0,0.0
26.0,5.0,0.0,0.0,0.0,0.0,0.0,0.0,0.0,0.0,0.0,0.0,-1.0,0.0,1.0,31101.0,1.0,20.0,0.0,1.0,0.1,2.0,0.0,0.0,0.0,2.0
26.0,5.0,0.0,0.0,0.0,0.0,0.0,0.0,0.0,0.0,0.0,0.0,-1.0,0.0,1.0,31101.0,1.0,20.0,0.0,1.0,0.1,2.0,0.0,0.0,0.0,2.0
26.0,5.0,0.0,0.0,0.0,0.0,0.0,0.0,0.0,0.0,0.0,0.0,-1.0,0.0,1.0,31101.0,1.0,20.0,0.0,1.0,0.1,2.0,0.0,0.0,0.0,2.0
26.0,5.0,0.0,0.0,0.0,0.0,0.0,0.0,0.0,0.0,0.0,0.0,-1.0,0.0,1.0,31101.0,1.0,20.0,0.0,1.0,0.1,2.0,0.0,0.0,0.0,2.0
26.0,5.0,0.0,0.0,0.0,0.0,0.0,0.0,0.0,0.0,0.0,0.0,-1.0,0.0,1.0,31101.0,1.0,20.0,0.0,1.0,0.1,2.0,0.0,0.0,0.0,2.0
26.0,5.0,0.0,0.0,0.0,0.0,0.0,0.0,0.0,0.0,0.0,0.0,-1.0,0.0,1.0,31101.0,1.0,20.0,0.0,1.0,0.1,2.0,0.006996,0.0,0.0,2.0
26.0,5.0,0.0,0.0,0.0,0.0,0.0,0.0,1.0,0.0,0.0,0.0,-1.0,0.0,1.0,31101.0,1.0,20.0,0.0,1.0,0.05,2.0,0.006996,0.0,0.0,2.0
26.0,5.0,0.0,0.0,0.0,0.0,0.0,0.0,1.0,0.0,0.0,0.0,-1.0,0.0,1.0,31101.0,1.0,20.0,0.0,1.0,0.05,2.0,0.006996,0.0,0.0,2.0
26.0,5.0,0.0,0.0,0.0,0.0,0.0,0.0,0.0,0.0,0.0,0.0,-1.0,0.0,1.0,31101.0,1.0,20.0,0.0,1.0,0.05,2.0,0.006996,0.0,0.0,2.0
26.0,5.0,0.0,0.0,0.0,0.0,0.0,0.0,0.0,0.0,0.0,0.0,-1.0,0.0,1.0,31101.0,1.0,20.0,0.0,1.0,0.05,2.0,0.01899,0.0,0.0,2.0
26.0,5.0,0.0,0.0,0.0,0.0,0.0,0.0,0.0,0.0,0.0,0.0,-1.0,0.0,1.0,31101.0,1.0,20.0,0.0,1.0,0.05,2.0,0.01899,0.0,0.0,2.0
26.0,5.0,0.0,0.0,0.0,0.0,0.0,0.0,0.0,0.0,0.0,0.0,-1.0,0.0,1.0,31101.0,1.0,20.0,0.0,1.0,0.05,2.0,0.01899,0.0,0.0,2.0
26.0,5.0,0.0,0.0,0.0,0.0,0.0,0.0,0.0,0.0,0.0,0.0,-1.0,0.0,1.0,31101.0,1.0,20.0,0.0,1.0,0.05,2.0,0.01899,0.0,0.0,2.0
56.0,10.0,0.0,0.0,0.0,0.0,0.0,0.0,0.0,0.0,0.0,0.0,0.0,0.0,1.0,31151.0,1.0,20.0,0.0,1.0,0.05,2.0,0.01899,0.0,0.0,0.0
26.0,5.0,0.0,0.0,0.0,0.0,0.0,0.0,0.0,0.0,0.0,0.0,-1.0,0.0,1.0,31101.0,1.0,20.0,0.0,1.0,0.1,2.0,0.0,0.0,0.0,2.0
26.0,5.0,0.0,0.0,0.0,0.0,0.0,0.0,0.0,0.0,0.0,0.0,-1.0,0.0,1.0,31101.0,1.0,20.0,0.0,1.0,0.1,2.0,0.0,0.0,0.0,2.0
26.0,5.0,0.0,0.0,0.0,0.0,0.0,0.0,0.0,0.0,0.0,0.0,-1.0,0.0,1.0,31101.0,1.0,20.0,0.0,1.0,0.1,2.0,0.054973,0.0,0.0,2.0
26.0,5.0,0.0,0.0,0.0,0.0,0.0,0.0,0.0,0.0,0.0,0.0,-1.0,0.0,1.0,31101.0,1.0,20.0,0.0,1.0,0.1,2.0,0.054973,0.0,0.0,2.0
26.0,5.0,0.0,0.0,0.0,0.0,0.0,0.0,0.0,0.0,0.0,0.0,-1.0,0.0,1.0,31101.0,1.0,20.0,0.0,1.0,0.1,2.0,0.054973,0.0,0.0,2.0
26.0,5.0,0.0,0.0,0.0,0.0,0.0,0.0,0.0,0.0,0.0,0.0,-1.0,0.0,1.0,31101.0,1.0,20.0,0.0,1.0,0.1,2.0,0.054973,0.0,0.0,2.0
26.0,5.0,0.0,0.0,0.0,0.0,0.0,0.0,0.0,0.0,0.0,0.0,-1.0,0.0,1.0,31101.0,1.0,20.0,0.0,1.0,0.05,2.0,0.054973,0.0,0.0,2.0
26.0,5.0,0.0,0.0,0.0,0.0,0.0,0.0,0.0,0.0,0.0,0.0,-1.0,0.0,1.0,31101.0,1.0,20.0,0.0,1.0,0.05,2.0,0.054973,0.0,0.0,2.0
26.0,5.0,0.0,0.0,0.0,0.0,0.0,0.0,0.0,0.0,0.0,0.0,-1.0,0.0,1.0,31101.0,1.0,20.0,0.0,1.0,0.05,2.0,0.054973,0.0,0.0,2.0
26.0,5.0,0.0,0.0,0.0,0.0,0.0,0.0,0.0,0.0,0.0,0.0,-1.0,0.0,1.0,31101.0,1.0,20.0,0.0,1.0,0.05,2.0,0.054973,0.0,0.0,2.0
26.0,5.0,0.0,0.0,0.0,0.0,0.0,0.0,0.0,0.0,0.0,0.0,-1.0,0.0,1.0,31101.0,1.0,20.0,0.0,1.0,0.05,2.0,0.054973,0.0,0.0,2.0
26.0,5.0,0.0,0.0,0.0,0.0,0.0,0.0,0.0,0.0,0.0,0.0,-1.0,0.0,1.0,31101.0,1.0,20.0,0.0,1.0,0.05,2.0,0.054973,0.0,0.0,2.0
56.0,10.0,0.0,0.0,0.0,0.0,0.0,0.0,0.0,0.0,0.0,0.0,0.0,0.0,1.0,31151.0,1.0,20.0,0.0,1.0,0.05,2.0,0.054973,0.0,0.0,0.0
26.0,5.0,0.0,0.0,0.0,0.0,0.0,0.0,0.0,0.0,0.0,0.0,-1.0,0.0,1.0,31101.0,1.0,20.0,0.0,1.0,0.1,2.0,0.0,0.0,0.0,2.0
26.0,5.0,0.0,0.0,0.0,0.0,0.0,0.0,0.0,0.0,0.0,0.0,-1.0,0.0,1.0,31101.0,1.0,20.0,0.0,1.0,0.1,2.0,0.0,0.0,0.0,2.0
26.0,5.0,0.0,0.0,0.0,0.0,0.0,0.0,0.0,0.0,0.0,0.0,-1.0,0.0,1.0,31101.0,1.0,20.0,0.0,1.0,0.1,2.0,0.0,0.0,0.0,2.0
26.0,5.0,0.0,0.0,0.0,0.0,0.0,0.0,0.0,0.0,0.0,0.0,-1.0,0.0,1.0,31101.0,1.0,20.0,0.0,1.0,0.1,2.0,0.0,0.0,0.0,2.0
26.0,5.0,0.0,0.0,0.0,0.0,0.0,0.0,0.0,0.0,0.0,0.0,-1.0,0.0,1.0,31101.0,1.0,20.0,0.0,1.0,0.1,2.0,0.0,0.0,0.0,2.0
26.0,5.0,0.0,0.0,0.0,0.0,0.0,0.0,0.0,0.0,0.0,0.0,-1.0,0.0,1.0,31101.0,1.0,20.0,0.0,1.0,0.1,2.0,0.0,0.0,0.0,2.0
26.0,5.0,0.0,0.0,0.0,0.0,0.0,0.0,0.0,0.0,0.0,0.0,-1.0,0.0,1.0,31101.0,1.0,20.0,0.0,1.0,0.1,2.0,0.0,0.0,0.0,2.0
26.0,5.0,0.0,0.0,0.0,0.0,0.0,0.0,0.0,0.0,0.0,0.0,-1.0,0.0,1.0,31101.0,1.0,20.0,0.0,1.0,0.05,2.0,0.0,0.0,0.0,2.0
26.0,5.0,0.0,0.0,0.0,0.0,0.0,0.0,0.0,0.0,0.0,0.0,-1.0,0.0,1.0,31101.0,1.0,20.0,0.0,1.0,0.05,2.0,0.052973,0.0,0.0,2.0
26.0,5.0,0.0,0.0,0.0,0.0,0.0,0.0,0.0,0.0,0.0,0.0,-1.0,0.0,1.0,31101.0,1.0,20.0,0.0,1.0,0.05,2.0,0.052973,0.0,0.0,2.0
26.0,5.0,0.0,0.0,0.0,0.0,0.0,0.0,0.0,0.0,0.0,0.0,-1.0,0.0,1.0,31101.0,1.0,20.0,0.0,1.0,0.05,2.0,0.052973,0.0,0.0,2.0
26.0,5.0,0.0,0.0,0.0,0.0,0.0,0.0,0.0,0.0,0.0,0.0,-1.0,0.0,1.0,31101.0,1.0,20.0,0.0,1.0,0.05,2.0,0.052973,0.0,0.0,2.0
56.0,10.0,0.0,0.0,0.0,0.0,0.0,0.0,0.0,0.0,0.0,0.0,0.0,0.0,1.0,31151.0,1.0,20.0,0.0,1.0,0.05,2.0,0.052973,0.0,0.0,0.0
26.0,5.0,0.0,0.0,0.0,0.0,0.0,0.0,0.0,0.0,0.0,0.0,-1.0,0.0,1.0,31101.0,1.0,20.0,0.0,1.0,0.1,2.0,0.0,0.0,0.0,2.0
26.0,5.0,0.0,0.0,0.0,0.0,0.0,0.0,0.0,0.0,0.0,0.0,-1.0,0.0,1.0,31101.0,1.0,20.0,0.0,1.0,0.1,2.0,0.0,0.0,0.0,2.0
26.0,5.0,0.0,0.0,0.0,0.0,0.0,0.0,0.0,0.0,0.0,0.0,-1.0,0.0,1.0,31101.0,1.0,20.0,0.0,1.0,0.1,2.0,0.0,0.0,0.0,2.0
26.0,5.0,0.0,0.0,0.0,0.0,0.0,0.0,0.0,0.0,0.0,0.0,-1.0,0.0,1.0,31101.0,1.0,20.0,0.0,1.0,0.1,2.0,0.0,0.0,0.0,2.0
26.0,5.0,0.0,0.0,0.0,0.0,0.0,0.0,0.0,0.0,0.0,0.0,-1.0,0.0,1.0,31101.0,1.0,20.0,0.0,1.0,0.1,2.0,0.0,0.0,0.0,2.0
26.0,5.0,0.0,0.0,0.0,0.0,0.0,0.0,0.0,0.0,0.0,0.0,-1.0,0.0,1.0,31101.0,1.0,20.0,0.0,1.0,0.1,2.0,0.0,0.0,0.0,2.0
26.0,5.0,0.0,0.0,0.0,0.0,0.0,0.0,0.0,0.0,0.0,0.0,-1.0,0.0,1.0,31101.0,1.0,20.0,0.0,1.0,0.1,2.0,0.0,0.0,0.0,2.0
26.0,5.0,0.0,0.0,0.0,0.0,0.0,0.0,0.0,0.0,0.0,0.0,-1.0,0.0,1.0,31101.0,1.0,20.0,0.0,1.0,0.05,2.0,0.0,0.0,0.0,2.0
26.0,5.0,0.0,0.0,0.0,0.0,0.0,0.0,0.0,0.0,0.0,0.0,-1.0,0.0,1.0,31101.0,1.0,20.0,0.0,1.0,0.05,2.0,0.062969,0.0,0.0,2.0
26.0,5.0,0.0,0.0,0.0,0.0,0.0,0.0,0.0,0.0,0.0,0.0,-1.0,0.0,1.0,31101.0,1.0,20.0,0.0,1.0,0.05,2.0,0.062969,0.0,0.0,2.0
26.0,5.0,0.0,0.0,0.0,0.0,0.0,0.0,0.0,0.0,0.0,0.0,-1.0,0.0,1.0,31101.0,1.0,20.0,0.0,1.0,0.05,2.0,0.062969,0.0,0.0,2.0
26.0,5.0,0.0,0.0,0.0,0.0,0.0,0.0,0.0,0.0,0.0,0.0,-1.0,0.0,1.0,31101.0,1.0,20.0,0.0,1.0,0.05,2.0,0.062969,0.0,0.0,2.0
56.0,10.0,0.0,0.0,0.0,0.0,0.0,0.0,0.0,0.0,0.0,0.0,0.0,0.0,1.0,31151.0,1.0,20.0,0.0,1.0,0.05,2.0,0.117941,0.0,0.0,0.0
26.0,5.0,0.0,0.0,0.0,0.0,0.0,0.0,0.0,0.0,0.0,0.0,-1.0,0.0,1.0,31101.0,1.0,20.0,0.0,1.0,0.1,2.0,0.153923,0.0,0.0,2.0
26.0,5.0,0.0,0.0,0.0,0.0,0.0,0.0,0.0,0.0,0.0,0.0,-1.0,0.0,1.0,31101.0,1.0,20.0,0.0,1.0,0.1,2.0,0.153923,0.0,0.0,2.0
26.0,5.0,0.0,0.0,0.0,0.0,0.0,0.0,0.0,0.0,0.0,0.0,-1.0,0.0,1.0,31101.0,1.0,20.0,0.0,1.0,0.1,2.0,0.154923,0.0,0.0,2.0
26.0,5.0,0.0,0.0,0.0,0.0,0.0,0.0,0.0,0.0,0.0,0.0,-1.0,0.0,1.0,31101.0,1.0,20.0,0.0,1.0,0.1,2.0,0.154923,0.0,0.0,2.0
26.0,5.0,0.0,0.0,0.0,0.0,0.0,0.0,0.0,0.0,0.0,0.0,-1.0,0.0,1.0,31101.0,1.0,20.0,0.0,1.0,0.1,2.0,0.154923,0.0,0.0,2.0
26.0,5.0,0.0,0.0,0.0,0.0,0.0,0.0,0.0,0.0,0.0,0.0,-1.0,0.0,1.0,31101.0,1.0,20.0,0.0,1.0,0.1,2.0,0.154923,0.0,0.0,2.0
26.0,5.0,0.0,0.0,0.0,0.0,0.0,0.0,0.0,0.0,0.0,0.0,-1.0,0.0,1.0,31101.0,1.0,20.0,0.0,1.0,0.1,2.0,0.154923,0.0,0.0,2.0
26.0,5.0,0.0,0.0,0.0,0.0,0.0,0.0,0.0,0.0,0.0,0.0,-1.0,0.0,1.0,31101.0,1.0,20.0,0.0,1.0,0.05,2.0,0.154923,0.0,0.0,2.0
26.0,5.0,0.0,0.0,0.0,0.0,0.0,0.0,0.0,0.0,0.0,0.0,-1.0,0.0,1.0,31101.0,1.0,20.0,0.0,1.0,0.05,2.0,0.154923,0.0,0.0,2.0
26.0,5.0,0.0,0.0,0.0,0.0,0.0,0.0,0.0,0.0,0.0,0.0,-1.0,0.0,1.0,31101.0,1.0,20.0,0.0,1.0,0.05,2.0,0.154923,0.0,0.0,2.0
26.0,5.0,0.0,0.0,0.0,0.0,0.0,0.0,0.0,0.0,0.0,0.0,-1.0,0.0,1.0,31101.0,1.0,20.0,0.0,1.0,0.05,2.0,0.154923,0.0,0.0,2.0
26.0,5.0,0.0,0.0,0.0,0.0,0.0,0.0,0.0,0.0,0.0,0.0,-1.0,0.0,1.0,31101.0,1.0,20.0,0.0,1.0,0.05,2.0,0.154923,0.0,0.0,2.0
56.0,10.0,0.0,0.0,0.0,0.0,0.0,0.0,0.0,0.0,0.0,0.0,0.0,0.0,1.0,31151.0,1.0,20.0,0.0,1.0,0.05,2.0,0.157921,0.0,0.0,0.0
26.0,5.0,0.0,0.0,0.0,0.0,0.0,0.0,0.0,0.0,0.0,0.0,-1.0,0.0,1.0,31101.0,1.0,20.0,0.0,1.0,0.1,2.0,0.10095,0.0,0.0,2.0
26.0,5.0,0.0,0.0,0.0,0.0,0.0,0.0,0.0,0.0,0.0,0.0,-1.0,0.0,1.0,31101.0,1.0,20.0,0.0,1.0,0.1,2.0,0.10095,0.0,0.0,2.0
26.0,5.0,0.0,0.0,0.0,0.0,0.0,0.0,0.0,0.0,0.0,0.0,-1.0,0.0,1.0,31101.0,1.0,20.0,0.0,1.0,0.1,2.0,0.10095,0.0,0.0,2.0
26.0,5.0,0.0,0.0,0.0,0.0,0.0,0.0,0.0,0.0,0.0,0.0,-1.0,0.0,1.0,31101.0,1.0,20.0,0.0,1.0,0.1,2.0,0.10095,0.0,0.0,2.0
26.0,5.0,0.0,0.0,0.0,0.0,0.0,0.0,0.0,0.0,0.0,0.0,-1.0,0.0,1.0,31101.0,1.0,20.0,0.0,1.0,0.1,2.0,0.10095,0.0,0.0,2.0
26.0,5.0,0.0,0.0,0.0,0.0,0.0,0.0,0.0,0.0,0.0,0.0,-1.0,0.0,1.0,31101.0,1.0,20.0,0.0,1.0,0.1,2.0,0.10095,0.0,0.0,2.0
26.0,5.0,0.0,0.0,0.0,0.0,0.0,0.0,0.0,0.0,0.0,0.0,-1.0,0.0,1.0,31101.0,1.0,20.0,0.0,1.0,0.1,2.0,0.10095,0.0,0.0,2.0
26.0,5.0,0.0,0.0,0.0,0.0,0.0,0.0,0.0,0.0,0.0,0.0,-1.0,0.0,1.0,31101.0,1.0,20.0,0.0,1.0,0.05,2.0,0.10095,0.0,0.0,2.0
26.0,5.0,0.0,0.0,0.0,0.0,0.0,0.0,0.0,0.0,0.0,0.0,-1.0,0.0,1.0,31101.0,1.0,20.0,0.0,1.0,0.05,2.0,0.10095,0.0,0.0,2.0
26.0,5.0,0.0,0.0,0.0,0.0,0.0,0.0,0.0,0.0,0.0,0.0,-1.0,0.0,1.0,31101.0,1.0,20.0,0.0,1.0,0.05,2.0,0.10095,0.0,0.0,2.0
26.0,5.0,0.0,0.0,0.0,0.0,0.0,0.0,0.0,0.0,0.0,0.0,-1.0,0.0,1.0,31101.0,1.0,20.0,0.0,1.0,0.05,2.0,0.10095,0.0,0.0,2.0
26.0,5.0,0.0,0.0,0.0,0.0,0.0,0.0,0.0,0.0,0.0,0.0,-1.0,0.0,1.0,31101.0,1.0,20.0,0.0,1.0,0.05,2.0,0.10095,0.0,0.0,2.0
26.0,5.0,0.0,0.0,0.0,0.0,0.0,0.0,0.0,0.0,0.0,0.0,-1.0,0.0,1.0,31101.0,1.0,20.0,0.0,1.0,0.05,2.0,0.10095,0.0,0.0,2.0
56.0,10.0,0.0,0.0,0.0,0.0,0.0,0.0,0.0,0.0,0.0,0.0,0.0,0.0,1.0,31151.0,1.0,20.0,0.0,1.0,0.05,2.0,0.10095,0.0,0.0,0.0
26.0,5.0,0.0,0.0,0.0,0.0,0.0,0.0,0.0,0.0,0.0,0.0,-1.0,0.0,1.0,31101.0,1.0,20.0,0.0,1.0,0.1,2.0,0.0,0.0,0.0,2.0
26.0,5.0,0.0,0.0,0.0,0.0,0.0,0.0,0.0,0.0,0.0,0.0,-1.0,0.0,1.0,31101.0,1.0,20.0,0.0,1.0,0.1,2.0,0.0,0.0,0.0,2.0
26.0,5.0,0.0,0.0,0.0,0.0,0.0,0.0,0.0,0.0,0.0,0.0,-1.0,0.0,1.0,31101.0,1.0,20.0,0.0,1.0,0.1,2.0,0.0,0.0,0.0,2.0
26.0,5.0,0.0,0.0,0.0,0.0,0.0,0.0,0.0,0.0,0.0,0.0,-1.0,0.0,1.0,31101.0,1.0,20.0,0.0,1.0,0.1,2.0,0.0,0.0,0.0,2.0
26.0,5.0,0.0,0.0,0.0,0.0,0.0,0.0,0.0,0.0,0.0,0.0,-1.0,0.0,1.0,31101.0,1.0,20.0,0.0,1.0,0.1,2.0,0.0,0.0,0.0,2.0
26.0,5.0,0.0,0.0,0.0,0.0,0.0,0.0,0.0,0.0,0.0,0.0,-1.0,0.0,1.0,31101.0,1.0,20.0,0.0,1.0,0.1,2.0,0.054972,0.0,0.0,2.0
26.0,5.0,0.0,0.0,0.0,0.0,0.0,0.0,0.0,0.0,0.0,0.0,-1.0,0.0,1.0,31101.0,1.0,20.0,0.0,1.0,0.05,2.0,0.054972,0.0,0.0,2.0
26.0,5.0,0.0,0.0,0.0,0.0,0.0,0.0,0.0,0.0,0.0,0.0,-1.0,0.0,1.0,31101.0,1.0,20.0,0.0,1.0,0.05,2.0,0.054972,0.0,0.0,2.0
26.0,5.0,0.0,0.0,0.0,0.0,0.0,0.0,0.0,0.0,0.0,0.0,-1.0,0.0,1.0,31101.0,1.0,20.0,0.0,1.0,0.05,2.0,0.054972,0.0,0.0,2.0
26.0,5.0,0.0,0.0,0.0,0.0,0.0,0.0,0.0,0.0,0.0,0.0,-1.0,0.0,1.0,31101.0,1.0,20.0,0.0,1.0,0.05,2.0,0.054972,0.0,0.0,2.0
26.0,5.0,0.0,0.0,0.0,0.0,0.0,0.0,0.0,0.0,0.0,0.0,-1.0,0.0,1.0,31101.0,1.0,20.0,0.0,1.0,0.05,2.0,0.054972,0.0,0.0,2.0
26.0,5.0,0.0,0.0,0.0,0.0,0.0,0.0,0.0,0.0,0.0,0.0,-1.0,0.0,1.0,31101.0,1.0,20.0,0.0,1.0,0.05,2.0,0.054972,0.0,0.0,2.0
56.0,10.0,0.0,0.0,0.0,0.0,0.0,0.0,0.0,0.0,0.0,0.0,0.0,0.0,1.0,31151.0,1.0,20.0,0.0,1.0,0.05,2.0,0.054972,0.0,0.0,0.0
26.0,5.0,0.0,0.0,0.0,0.0,0.0,0.0,0.0,0.0,0.0,0.0,-1.0,0.0,1.0,31101.0,1.0,20.0,0.0,1.0,0.1,2.0,0.4008,0.0,0.0,2.0
26.0,5.0,0.0,0.0,0.0,0.0,0.0,0.0,0.0,0.0,0.0,0.0,-1.0,0.0,1.0,31101.0,1.0,20.0,0.0,1.0,0.1,2.0,0.4008,0.0,0.0,2.0
26.0,5.0,0.0,0.0,0.0,0.0,0.0,0.0,0.0,0.0,0.0,0.0,-1.0,0.0,1.0,31101.0,1.0,20.0,0.0,1.0,0.1,2.0,0.4008,0.0,0.0,2.0
26.0,5.0,0.0,0.0,0.0,0.0,0.0,0.0,0.0,0.0,0.0,0.0,-1.0,0.0,1.0,31101.0,1.0,20.0,0.0,1.0,0.1,2.0,0.4008,0.0,0.0,2.0
26.0,5.0,0.0,0.0,0.0,0.0,0.0,0.0,0.0,0.0,0.0,0.0,-1.0,0.0,1.0,31101.0,1.0,20.0,0.0,1.0,0.1,2.0,0.414793,0.0,0.0,2.0
26.0,5.0,0.0,0.0,0.0,0.0,0.0,0.0,0.0,0.0,0.0,0.0,-1.0,0.0,1.0,31101.0,1.0,20.0,0.0,1.0,0.1,2.0,0.414793,0.0,0.0,2.0
26.0,5.0,0.0,0.0,0.0,0.0,0.0,0.0,0.0,0.0,0.0,0.0,-1.0,0.0,1.0,31101.0,1.0,20.0,0.0,1.0,0.1,2.0,0.414793,0.0,0.0,2.0
26.0,5.0,0.0,0.0,0.0,0.0,0.0,0.0,0.0,0.0,0.0,0.0,-1.0,0.0,1.0,31101.0,1.0,20.0,0.0,1.0,0.05,2.0,0.470765,0.0,0.0,2.0
26.0,5.0,0.0,0.0,0.0,0.0,0.0,0.0,0.0,0.0,0.0,0.0,-1.0,0.0,1.0,31101.0,1.0,20.0,0.0,1.0,0.05,2.0,0.470765,0.0,0.0,2.0
26.0,5.0,0.0,0.0,0.0,0.0,0.0,0.0,0.0,0.0,0.0,0.0,-1.0,0.0,1.0,31101.0,1.0,20.0,0.0,1.0,0.05,2.0,0.583708,0.0,0.0,2.0
26.0,5.0,0.0,0.0,0.0,0.0,0.0,0.0,0.0,0.0,0.0,0.0,-1.0,0.0,1.0,31101.0,1.0,20.0,0.0,1.0,0.05,2.0,0.583708,0.0,0.0,2.0
56.0,10.0,0.0,0.0,0.0,0.0,0.0,0.0,0.0,0.0,0.0,0.0,0.0,0.0,1.0,31151.0,1.0,20.0,0.0,1.0,0.05,2.0,0.583708,0.0,0.0,0.0
26.0,5.0,0.0,0.0,0.0,0.0,0.0,0.0,0.0,0.0,0.0,0.0,-1.0,0.0,1.0,31101.0,1.0,20.0,0.0,1.0,0.1,2.0,0.0,0.0,0.0,2.0
26.0,5.0,0.0,0.0,0.0,0.0,0.0,0.0,0.0,0.0,0.0,0.0,-1.0,0.0,1.0,31101.0,1.0,20.0,0.0,1.0,0.1,2.0,0.0,0.0,0.0,2.0
26.0,5.0,0.0,0.0,0.0,0.0,0.0,0.0,0.0,0.0,0.0,0.0,-1.0,0.0,1.0,31101.0,1.0,20.0,0.0,1.0,0.1,2.0,0.0,0.0,0.0,2.0
26.0,5.0,0.0,0.0,0.0,0.0,0.0,0.0,0.0,0.0,0.0,0.0,-1.0,0.0,1.0,31101.0,1.0,20.0,0.0,1.0,0.1,2.0,0.0,0.0,0.0,2.0
26.0,5.0,0.0,0.0,0.0,0.0,0.0,0.0,0.0,0.0,0.0,0.0,-1.0,0.0,1.0,31101.0,1.0,20.0,0.0,1.0,0.1,2.0,0.215892,0.0,0.0,2.0
26.0,5.0,0.0,0.0,0.0,0.0,0.0,0.0,0.0,0.0,0.0,0.0,-1.0,0.0,1.0,31101.0,1.0,20.0,0.0,1.0,0.1,2.0,0.215892,0.0,0.0,2.0
26.0,5.0,0.0,0.0,0.0,0.0,0.0,0.0,0.0,0.0,0.0,0.0,-1.0,0.0,1.0,31101.0,1.0,20.0,0.0,1.0,0.1,2.0,0.215892,0.0,0.0,2.0
26.0,5.0,0.0,0.0,0.0,0.0,0.0,0.0,0.0,0.0,0.0,0.0,-1.0,0.0,1.0,31101.0,1.0,20.0,0.0,1.0,0.1,2.0,0.22089,0.0,0.0,2.0
26.0,5.0,0.0,0.0,0.0,0.0,0.0,0.0,0.0,0.0,0.0,0.0,-1.0,0.0,1.0,31101.0,1.0,20.0,0.0,1.0,0.05,2.0,0.22089,0.0,0.0,2.0
26.0,5.0,0.0,0.0,0.0,0.0,0.0,0.0,0.0,0.0,0.0,0.0,-1.0,0.0,1.0,31101.0,1.0,20.0,0.0,1.0,0.05,2.0,0.28086,0.0,0.0,2.0
26.0,5.0,0.0,0.0,0.0,0.0,0.0,0.0,0.0,0.0,0.0,0.0,-1.0,0.0,1.0,31101.0,1.0,20.0,0.0,1.0,0.05,2.0,0.28086,0.0,0.0,2.0
26.0,5.0,0.0,0.0,0.0,0.0,0.0,0.0,0.0,0.0,0.0,0.0,-1.0,0.0,1.0,31101.0,1.0,20.0,0.0,1.0,0.05,2.0,0.533733,0.0,0.0,2.0
26.0,5.0,0.0,0.0,0.0,0.0,0.0,0.0,0.0,0.0,0.0,0.0,-1.0,0.0,1.0,31101.0,1.0,20.0,0.0,1.0,0.05,2.0,0.533733,0.0,0.0,2.0
26.0,5.0,0.0,0.0,0.0,0.0,0.0,0.0,0.0,0.0,0.0,0.0,-1.0,0.0,1.0,31101.0,1.0,20.0,0.0,1.0,0.05,2.0,0.533733,0.0,0.0,2.0
26.0,5.0,0.0,0.0,0.0,0.0,0.0,0.0,0.0,0.0,0.0,0.0,-1.0,0.0,1.0,31101.0,1.0,20.0,0.0,1.0,0.05,2.0,0.533733,0.0,0.0,2.0
26.0,5.0,0.0,0.0,0.0,0.0,0.0,0.0,0.0,0.0,0.0,0.0,-1.0,0.0,1.0,31101.0,1.0,20.0,0.0,1.0,0.05,2.0,0.533733,0.0,0.0,2.0
26.0,5.0,0.0,0.0,0.0,0.0,0.0,0.0,0.0,0.0,0.0,0.0,-1.0,0.0,1.0,31101.0,1.0,20.0,0.0,1.0,0.05,2.0,0.533733,0.0,0.0,2.0
26.0,5.0,0.0,0.0,0.0,0.0,0.0,0.0,0.0,0.0,0.0,0.0,-1.0,0.0,1.0,31101.0,1.0,20.0,0.0,1.0,0.05,2.0,0.533733,0.0,0.0,2.0
26.0,5.0,0.0,0.0,0.0,0.0,0.0,0.0,0.0,0.0,0.0,0.0,-1.0,0.0,1.0,31101.0,1.0,20.0,0.0,1.0,0.05,2.0,0.533733,0.0,0.0,2.0
26.0,5.0,0.0,0.0,0.0,0.0,0.0,0.0,0.0,0.0,0.0,0.0,-1.0,0.0,1.0,31101.0,1.0,20.0,0.0,1.0,0.05,2.0,0.533733,0.0,0.0,2.0
26.0,5.0,0.0,0.0,0.0,0.0,0.0,0.0,0.0,0.0,0.0,0.0,-1.0,0.0,1.0,31101.0,1.0,20.0,0.0,1.0,0.0,1.0,999.0,0.0,0.0,2.0
26.0,5.0,0.0,0.0,0.0,0.0,0.0,0.0,0.0,0.0,0.0,0.0,-1.0,0.0,1.0,31101.0,1.0,20.0,0.0,1.0,0.0,1.0,999.0,0.0,0.0,2.0
26.0,5.0,0.0,0.0,0.0,0.0,0.0,0.0,0.0,0.0,0.0,0.0,-1.0,0.0,1.0,31101.0,1.0,20.0,0.0,1.0,0.0,1.0,999.0,0.0,0.0,2.0
26.0,5.0,0.0,0.0,0.0,0.0,0.0,0.0,0.0,0.0,0.0,0.0,-1.0,0.0,1.0,31101.0,1.0,20.0,0.0,1.0,0.0,1.0,999.0,0.0,0.0,2.0
56.0,10.0,0.0,0.0,0.0,0.0,0.0,0.0,0.0,0.0,0.0,0.0,0.0,0.0,1.0,31151.0,1.0,20.0,0.0,1.0,0.0,1.0,999.0,0.0,0.0,0.0
26.0,5.0,0.0,0.0,0.0,0.0,0.0,0.0,0.0,0.0,0.0,0.0,-1.0,0.0,1.0,31101.0,1.0,20.0,0.0,1.0,0.05,2.0,0.0,0.0,0.0,2.0
26.0,5.0,0.0,0.0,0.0,0.0,0.0,0.0,0.0,0.0,0.0,0.0,-1.0,0.0,1.0,31101.0,1.0,20.0,0.0,1.0,0.05,2.0,0.052974,0.0,0.0,2.0
26.0,5.0,0.0,0.0,0.0,0.0,0.0,0.0,0.0,0.0,0.0,0.0,-1.0,0.0,1.0,31101.0,1.0,20.0,0.0,1.0,0.05,2.0,0.052974,0.0,0.0,2.0
26.0,5.0,0.0,0.0,0.0,0.0,0.0,0.0,0.0,0.0,0.0,0.0,-1.0,0.0,1.0,31101.0,1.0,20.0,0.0,1.0,0.05,2.0,0.058971,0.0,0.0,2.0
26.0,5.0,0.0,0.0,0.0,0.0,0.0,0.0,0.0,0.0,0.0,0.0,-1.0,0.0,1.0,31101.0,1.0,20.0,0.0,1.0,0.05,2.0,0.061969,0.0,0.0,2.0
26.0,5.0,0.0,0.0,0.0,0.0,0.0,0.0,0.0,0.0,0.0,0.0,-1.0,0.0,1.0,31101.0,1.0,20.0,0.0,1.0,0.05,2.0,0.062969,0.0,0.0,2.0
26.0,5.0,0.0,0.0,0.0,0.0,0.0,0.0,0.0,0.0,0.0,0.0,-1.0,0.0,1.0,31101.0,1.0,20.0,0.0,1.0,0.05,2.0,0.062969,0.0,0.0,2.0
26.0,5.0,0.0,0.0,0.0,0.0,0.0,0.0,0.0,0.0,0.0,0.0,-1.0,0.0,1.0,31101.0,1.0,20.0,0.0,1.0,0.05,2.0,0.062969,0.0,0.0,2.0
26.0,5.0,0.0,0.0,0.0,0.0,0.0,0.0,0.0,0.0,0.0,0.0,-1.0,0.0,1.0,31101.0,1.0,20.0,0.0,1.0,0.05,2.0,0.062969,0.0,0.0,2.0
26.0,5.0,0.0,0.0,0.0,0.0,0.0,0.0,0.0,0.0,0.0,0.0,-1.0,0.0,1.0,31101.0,1.0,20.0,0.0,1.0,0.05,2.0,0.062969,0.0,0.0,2.0
26.0,5.0,0.0,0.0,0.0,0.0,0.0,0.0,0.0,0.0,0.0,0.0,-1.0,0.0,1.0,31101.0,1.0,20.0,0.0,1.0,0.05,2.0,0.062969,0.0,0.0,2.0
26.0,5.0,0.0,0.0,0.0,0.0,0.0,0.0,0.0,0.0,0.0,0.0,-1.0,0.0,1.0,31101.0,1.0,20.0,0.0,1.0,0.05,2.0,0.065967,0.0,0.0,2.0
56.0,10.0,0.0,0.0,0.0,0.0,0.0,0.0,0.0,0.0,0.0,0.0,0.0,0.0,1.0,31151.0,1.0,20.0,0.0,1.0,0.05,2.0,0.066967,0.0,0.0,0.0
26.0,5.0,0.0,0.0,0.0,0.0,0.0,0.0,0.0,0.0,0.0,0.0,-1.0,0.0,1.0,31101.0,1.0,20.0,0.0,1.0,0.1,2.0,0.0,0.0,0.0,2.0
26.0,5.0,0.0,0.0,0.0,0.0,0.0,0.0,0.0,0.0,0.0,0.0,-1.0,0.0,1.0,31101.0,1.0,20.0,0.0,1.0,0.1,2.0,0.116941,0.0,0.0,2.0
26.0,5.0,0.0,0.0,0.0,0.0,0.0,0.0,0.0,0.0,0.0,0.0,-1.0,0.0,1.0,31101.0,1.0,20.0,0.0,1.0,0.1,2.0,0.116941,0.0,0.0,2.0
26.0,5.0,0.0,0.0,0.0,0.0,0.0,0.0,0.0,0.0,0.0,0.0,-1.0,0.0,1.0,31101.0,1.0,20.0,0.0,1.0,0.1,2.0,0.116941,0.0,0.0,2.0
26.0,5.0,0.0,0.0,0.0,0.0,0.0,0.0,0.0,0.0,0.0,0.0,-1.0,0.0,1.0,31101.0,1.0,20.0,0.0,1.0,0.1,2.0,0.116941,0.0,0.0,2.0
26.0,5.0,0.0,0.0,0.0,0.0,0.0,0.0,0.0,0.0,0.0,0.0,-1.0,0.0,1.0,31101.0,1.0,20.0,0.0,1.0,0.1,2.0,0.182908,0.0,0.0,2.0
26.0,5.0,0.0,0.0,0.0,0.0,0.0,0.0,0.0,0.0,0.0,0.0,-1.0,0.0,1.0,31101.0,1.0,20.0,0.0,1.0,0.1,2.0,0.182908,0.0,0.0,2.0
26.0,5.0,0.0,0.0,0.0,0.0,0.0,0.0,1.0,0.0,0.0,0.0,-1.0,0.0,1.0,31101.0,1.0,20.0,0.0,1.0,0.05,2.0,0.182908,0.0,0.0,2.0
26.0,5.0,0.0,0.0,0.0,0.0,0.0,0.0,0.0,0.0,0.0,0.0,-1.0,0.0,1.0,31101.0,1.0,20.0,0.0,1.0,0.05,2.0,0.182908,0.0,0.0,2.0
26.0,5.0,0.0,0.0,0.0,0.0,0.0,0.0,0.0,0.0,0.0,0.0,-1.0,0.0,1.0,31101.0,1.0,20.0,0.0,1.0,0.05,2.0,0.182908,0.0,0.0,2.0
56.0,10.0,0.0,0.0,0.0,0.0,0.0,0.0,0.0,0.0,0.0,0.0,0.0,0.0,1.0,31151.0,1.0,20.0,0.0,1.0,0.05,2.0,0.234882,0.0,0.0,0.0
26.0,5.0,0.0,0.0,0.0,0.0,0.0,0.0,0.0,0.0,0.0,0.0,-1.0,0.0,1.0,31101.0,1.0,20.0,0.0,1.0,0.1,2.0,0.002999,0.0,0.0,2.0
26.0,5.0,0.0,0.0,0.0,0.0,0.0,0.0,0.0,0.0,0.0,0.0,-1.0,0.0,1.0,31101.0,1.0,20.0,0.0,1.0,0.1,2.0,0.070965,0.0,0.0,2.0
26.0,5.0,0.0,0.0,0.0,0.0,0.0,0.0,0.0,0.0,0.0,0.0,-1.0,0.0,1.0,31101.0,1.0,20.0,0.0,1.0,0.1,2.0,0.070965,0.0,0.0,2.0
26.0,5.0,0.0,0.0,0.0,0.0,0.0,0.0,0.0,0.0,0.0,0.0,-1.0,0.0,1.0,31101.0,1.0,20.0,0.0,1.0,0.1,2.0,0.070965,0.0,0.0,2.0
26.0,5.0,0.0,0.0,0.0,0.0,0.0,0.0,0.0,0.0,0.0,0.0,-1.0,0.0,1.0,31101.0,1.0,20.0,0.0,1.0,0.1,2.0,0.070965,0.0,0.0,2.0
26.0,5.0,0.0,0.0,0.0,0.0,0.0,0.0,0.0,0.0,0.0,0.0,-1.0,0.0,1.0,31101.0,1.0,20.0,0.0,1.0,0.1,2.0,0.070965,0.0,0.0,2.0
26.0,5.0,0.0,0.0,0.0,0.0,0.0,0.0,0.0,0.0,0.0,0.0,-1.0,0.0,1.0,31101.0,1.0,20.0,0.0,1.0,0.1,2.0,0.070965,0.0,0.0,2.0
26.0,5.0,0.0,0.0,0.0,0.0,0.0,0.0,0.0,0.0,0.0,0.0,-1.0,0.0,1.0,31101.0,1.0,20.0,0.0,1.0,0.1,2.0,0.182909,0.0,0.0,2.0
26.0,5.0,0.0,0.0,0.0,0.0,1.0,0.0,0.0,0.0,0.0,0.0,-1.0,0.0,1.0,31101.0,1.0,20.0,0.0,1.0,0.1,2.0,0.183908,0.0,0.0,2.0
26.0,5.0,0.0,0.0,0.0,0.0,0.0,0.0,0.0,0.0,0.0,0.0,-1.0,0.0,1.0,31101.0,1.0,20.0,0.0,1.0,0.05,2.0,0.184908,0.0,0.0,2.0
26.0,5.0,0.0,0.0,0.0,0.0,0.0,0.0,0.0,0.0,0.0,0.0,-1.0,0.0,1.0,31101.0,1.0,20.0,0.0,1.0,0.05,2.0,0.184908,0.0,0.0,2.0
26.0,5.0,0.0,0.0,0.0,0.0,0.0,0.0,0.0,0.0,0.0,0.0,-1.0,0.0,1.0,31101.0,1.0,20.0,0.0,1.0,0.05,2.0,0.184908,0.0,0.0,2.0
56.0,10.0,0.0,0.0,0.0,0.0,0.0,0.0,0.0,0.0,0.0,0.0,0.0,0.0,1.0,31151.0,1.0,20.0,0.0,1.0,0.05,2.0,0.184908,0.0,0.0,0.0
26.0,5.0,0.0,0.0,0.0,0.0,0.0,0.0,0.0,0.0,0.0,0.0,-1.0,0.0,1.0,31101.0,1.0,20.0,0.0,1.0,0.1,2.0,0.0,0.0,0.0,2.0
26.0,5.0,0.0,0.0,0.0,0.0,0.0,0.0,0.0,0.0,0.0,0.0,-1.0,0.0,1.0,31101.0,1.0,20.0,0.0,1.0,0.1,2.0,0.001999,0.0,0.0,2.0
26.0,5.0,0.0,0.0,0.0,0.0,0.0,0.0,0.0,0.0,0.0,0.0,-1.0,0.0,1.0,31101.0,1.0,20.0,0.0,1.0,0.1,2.0,0.001999,0.0,0.0,2.0
26.0,3.0,0.0,0.0,0.0,0.0,1.0,1.0,0.0,0.0,0.0,0.0,6.0,0.0,0.0,5501.0,1.0,20.0,0.0,1.0,0.1,3.0,0.001999,0.0,0.0,2.0
26.0,3.0,0.0,0.0,0.0,0.0,1.0,0.0,0.0,0.0,0.0,0.0,-1.0,0.0,0.0,5502.0,1.0,20.0,0.0,1.0,0.1,4.0,0.001999,0.0,0.0,2.0
26.0,3.0,0.0,0.0,0.0,0.0,1.0,1.0,0.0,0.0,0.0,0.0,6.0,0.0,0.0,5501.0,1.0,20.0,0.0,1.0,0.1,5.0,0.209895,0.0,0.0,2.0
26.0,3.0,0.0,0.0,0.0,0.0,1.0,0.0,0.0,0.0,0.0,0.0,-1.0,0.0,0.0,5502.0,1.0,20.0,0.0,1.0,0.05,5.0,0.209895,0.0,0.0,2.0
48.0,5.0,1.0,1.0,1.0,0.0,0.0,0.0,0.0,1.0,0.0,0.0,7.0,1.0,0.0,5710.0,1.0,20.0,0.0,1.0,0.05,5.0,0.209895,0.0,0.0,3.0
48.0,5.0,1.0,1.0,1.0,0.0,0.0,0.0,0.0,1.0,0.0,0.0,7.0,1.0,0.0,5710.0,1.0,20.0,1.0,2.0,0.05,6.0,0.209895,1.0,1.0,3.0
48.0,5.0,1.0,1.0,1.0,0.0,0.0,0.0,0.0,1.0,0.0,0.0,7.0,1.0,0.0,5710.0,1.0,20.0,2.0,2.0,0.05,6.0,0.315842,1.0,1.0,3.0
48.0,5.0,1.0,1.0,1.0,0.0,0.0,0.0,0.0,1.0,0.0,0.0,7.0,1.0,0.0,5710.0,1.0,20.0,3.0,2.0,0.05,6.0,0.315842,1.0,1.0,3.0
48.0,5.0,1.0,1.0,1.0,0.0,0.0,0.0,0.0,1.0,0.0,0.0,7.0,1.0,0.0,5710.0,1.0,20.0,4.0,2.0,0.05,6.0,0.315842,1.0,1.0,3.0
48.0,5.0,1.0,1.0,1.0,0.0,0.0,0.0,0.0,1.0,0.0,0.0,7.0,1.0,0.0,5710.0,1.0,20.0,5.0,2.0,0.05,6.0,0.315842,1.0,1.0,3.0
72.0,10.0,0.0,1.0,1.0,0.0,0.0,0.0,0.0,0.0,0.0,0.0,7.0,1.0,0.0,5712.0,1.0,20.0,6.0,2.0,0.05,6.0,0.315842,1.0,1.0,3.0
48.0,5.0,1.0,1.0,1.0,0.0,0.0,0.0,0.0,1.0,0.0,0.0,7.0,1.0,0.0,5710.0,1.0,20.0,7.0,2.0,0.1,7.0,0.0,1.0,1.0,3.0
48.0,5.0,1.0,1.0,1.0,0.0,0.0,0.0,0.0,1.0,0.0,0.0,7.0,1.0,0.0,5710.0,1.0,20.0,8.0,2.0,0.1,7.0,0.004997,1.0,1.0,3.0
48.0,5.0,1.0,1.0,1.0,0.0,0.0,0.0,0.0,1.0,0.0,0.0,7.0,1.0,0.0,5710.0,1.0,20.0,9.0,2.0,0.1,7.0,0.004997,1.0,1.0,3.0
48.0,5.0,1.0,1.0,1.0,0.0,0.0,0.0,0.0,1.0,0.0,0.0,7.0,1.0,0.0,5710.0,1.0,20.0,10.0,2.0,0.1,7.0,0.004997,1.0,1.0,3.0
48.0,5.0,1.0,1.0,1.0,0.0,0.0,0.0,0.0,1.0,0.0,0.0,7.0,1.0,0.0,5710.0,1.0,20.0,11.0,2.0,0.1,7.0,0.004997,1.0,1.0,3.0
48.0,5.0,1.0,1.0,1.0,0.0,0.0,0.0,0.0,1.0,0.0,0.0,7.0,1.0,0.0,5710.0,1.0,20.0,12.0,2.0,0.05,6.0,0.05897,1.0,1.0,3.0
48.0,5.0,1.0,1.0,1.0,0.0,0.0,0.0,0.0,1.0,0.0,0.0,7.0,1.0,0.0,5710.0,1.0,20.0,13.0,2.0,0.05,6.0,0.05897,1.0,1.0,3.0
41.0,8.0,0.0,1.0,1.0,0.0,0.0,0.0,0.0,0.0,0.0,0.0,7.0,1.0,0.0,5758.0,1.0,20.0,14.0,2.0,0.05,6.0,0.05897,1.0,1.0,3.0
41.0,8.0,0.0,1.0,1.0,0.0,0.0,0.0,0.0,0.0,0.0,0.0,7.0,1.0,0.0,5758.0,1.0,20.0,15.0,1.0,0.1,6.0,0.517741,1.0,1.0,3.0
48.0,5.0,1.0,1.0,1.0,0.0,0.0,0.0,0.0,1.0,0.0,0.0,7.0,1.0,0.0,5710.0,1.0,20.0,16.0,1.0,0.15,5.0,0.517741,1.0,1.0,3.0
26.0,3.0,0.0,0.0,0.0,0.0,1.0,0.0,0.0,0.0,0.0,0.0,-1.0,0.0,0.0,5502.0,1.0,20.0,17.0,1.0,0.15,6.0,19.857066,1.0,1.0,2.0
26.0,3.0,0.0,0.0,0.0,0.0,1.0,1.0,0.0,0.0,0.0,0.0,6.0,0.0,0.0,5501.0,1.0,20.0,17.0,1.0,0.15,5.0,19.857066,1.0,1.0,2.0
26.0,3.0,0.0,0.0,0.0,0.0,1.0,1.0,0.0,0.0,0.0,0.0,6.0,0.0,0.0,5501.0,1.0,20.0,16.0,1.0,0.15,6.0,21.005492,1.0,1.0,2.0
26.0,3.0,0.0,0.0,0.0,0.0,1.0,0.0,0.0,0.0,0.0,0.0,-1.0,0.0,0.0,5502.0,1.0,20.0,15.0,1.0,0.15,6.0,21.005492,1.0,1.0,2.0
26.0,3.0,0.0,0.0,0.0,0.0,1.0,1.0,0.0,0.0,0.0,0.0,6.0,0.0,0.0,5501.0,1.0,20.0,13.0,1.0,0.15,6.0,21.005492,1.0,1.0,2.0
26.0,3.0,0.0,0.0,0.0,0.0,1.0,0.0,0.0,0.0,0.0,0.0,-1.0,0.0,0.0,5502.0,1.0,20.0,12.0,1.0,0.15,6.0,21.00949,1.0,1.0,2.0
26.0,3.0,0.0,0.0,0.0,0.0,1.0,0.0,0.0,0.0,0.0,0.0,-1.0,0.0,0.0,5502.0,1.0,20.0,10.0,1.0,0.1,5.0,999.0,1.0,1.0,2.0
26.0,3.0,0.0,0.0,0.0,0.0,1.0,1.0,0.0,0.0,0.0,0.0,6.0,0.0,0.0,5501.0,1.0,20.0,9.0,1.0,0.1,5.0,999.0,1.0,1.0,2.0
26.0,3.0,0.0,0.0,0.0,0.0,1.0,1.0,0.0,0.0,0.0,0.0,6.0,0.0,0.0,5501.0,1.0,20.0,7.0,1.0,0.1,5.0,999.0,1.0,1.0,2.0
26.0,3.0,0.0,0.0,0.0,0.0,1.0,1.0,0.0,0.0,0.0,0.0,6.0,0.0,0.0,5501.0,1.0,20.0,5.0,1.0,0.1,5.0,999.0,1.0,1.0,2.0
26.0,3.0,0.0,0.0,0.0,0.0,1.0,0.0,0.0,0.0,0.0,0.0,-1.0,0.0,0.0,5502.0,1.0,20.0,4.0,1.0,0.1,5.0,999.0,1.0,1.0,2.0
26.0,3.0,0.0,0.0,0.0,0.0,1.0,0.0,0.0,0.0,0.0,0.0,-1.0,0.0,0.0,5502.0,1.0,20.0,2.0,1.0,0.05,5.0,999.0,1.0,1.0,2.0
26.0,3.0,0.0,0.0,0.0,0.0,1.0,1.0,0.0,0.0,0.0,0.0,6.0,0.0,0.0,5501.0,1.0,20.0,1.0,1.0,0.0,4.0,999.0,1.0,1.0,2.0
48.0,5.0,1.0,1.0,1.0,0.0,0.0,0.0,0.0,1.0,0.0,0.0,7.0,1.0,0.0,5710.0,1.0,20.0,0.0,0.0,0.0,3.0,999.0,0.0,0.0,3.0
48.0,5.0,1.0,1.0,1.0,0.0,0.0,0.0,0.0,1.0,0.0,0.0,7.0,1.0,0.0,5710.0,1.0,20.0,1.0,1.0,0.0,4.0,999.0,1.0,1.0,3.0
48.0,5.0,1.0,1.0,1.0,0.0,0.0,0.0,0.0,1.0,0.0,0.0,7.0,1.0,0.0,5710.0,1.0,20.0,2.0,1.0,0.0,4.0,999.0,1.0,1.0,3.0
48.0,5.0,1.0,1.0,1.0,0.0,0.0,0.0,0.0,1.0,0.0,0.0,7.0,1.0,0.0,5710.0,1.0,20.0,3.0,1.0,0.0,4.0,999.0,1.0,1.0,3.0
26.0,3.0,0.0,0.0,0.0,0.0,1.0,1.0,0.0,0.0,0.0,0.0,6.0,0.0,0.0,5501.0,1.0,1.0,4.0,1.0,0.0,4.0,999.0,1.0,1.0,2.0
26.0,3.0,0.0,0.0,0.0,0.0,1.0,0.0,0.0,0.0,0.0,0.0,-1.0,0.0,0.0,5502.0,1.0,2.0,4.0,1.0,0.0,4.0,999.0,1.0,1.0,2.0
0.0,4.0,0.0,0.0,0.0,0.0,0.0,0.0,0.0,0.0,0.0,0.0,-1.0,0.0,0.0,11.0,1.0,0.0,0.0,0.0,0.0,0.0,999.0,0.0,0.0,2.0
20.0,3.0,0.0,0.0,0.0,0.0,1.0,0.0,0.0,0.0,0.0,0.0,6.0,0.0,0.0,506.0,1.0,0.0,0.0,0.0,0.0,0.0,999.0,0.0,0.0,2.0
